# time	cmd_angle	cmd_speed	odom_v(m/s)	odom_omega(rad/s)	R(m)
1779638621.508	   +0.0	  +0.0	 +0.0000	 -0.0000	      +inf
1779638621.608	   +0.0	  +0.0	 +0.0000	 -0.0000	      +inf
1779638621.708	   +0.0	  +0.0	 +0.0000	 -0.0000	      +inf
1779638621.808	   +0.0	  +0.0	 +0.0000	 -0.0000	      +inf
1779638621.908	   +0.0	  +0.0	 +0.0000	 -0.0000	      +inf
1779638622.008	   +0.0	  +0.0	 +0.0000	 -0.0000	      +inf
1779638622.108	   +0.0	  +0.0	 +0.0000	 -0.0000	      +inf
1779638622.208	   +0.0	  +0.0	 +0.0000	 -0.0000	      +inf
1779638622.308	   +0.0	  +0.0	 +0.0000	 -0.0000	      +inf
1779638622.408	   +0.0	  +0.0	 +0.0000	 -0.0000	      +inf
1779638622.508	   +0.0	  +0.0	 +0.0000	 -0.0000	      +inf
1779638622.608	   +0.0	  +0.0	 +0.0000	 -0.0000	      +inf
1779638622.708	   +0.0	  +0.0	 +0.0000	 -0.0000	      +inf
1779638622.808	   +0.0	  +0.0	 +0.0000	 -0.0000	      +inf
1779638622.908	   +0.0	  +0.0	 +0.0000	 -0.0000	      +inf
1779638623.008	   +0.0	  +0.0	 +0.0000	 -0.0000	      +inf
1779638623.108	   +0.0	  +0.0	 +0.0000	 -0.0000	      +inf
1779638623.208	   +0.0	  +0.0	 +0.0000	 -0.0000	      +inf
1779638623.308	   +0.0	  +0.0	 +0.0000	 -0.0000	      +inf
1779638623.408	   +0.0	  +0.0	 +0.0000	 -0.0000	      +inf
1779638623.508	   +0.0	  +0.0	 +0.9500	 -0.0000	      +inf
1779638623.608	   +0.0	  +0.0	 +3.0629	 -0.0000	      +inf
1779638623.708	   +0.0	  +0.0	 +3.8562	 -0.0000	      +inf
1779638623.808	   +0.0	  +0.0	 +4.2495	 -0.0000	      +inf
1779638623.909	   +0.0	  +0.0	 +4.5569	 -2.5306	    -1.801
1779638624.008	   +0.0	  +0.0	 +4.7383	 +5.0191	    +0.944
1779638624.108	   +0.0	  +0.0	 +4.8455	 +0.8340	    +5.810
1779638624.208	   +0.0	  +0.0	 +4.9401	 -1.6128	    -3.063
1779638624.308	   +0.0	  +0.0	 +4.9682	 -5.4022	    -0.920
1779638624.408	   +0.0	  +0.0	 +4.9812	+767.9686	    +0.006
1779638624.508	   +0.0	  +0.0	 +4.9889	 +6.6357	    +0.752
1779638624.608	   +0.0	  +0.0	 +4.9941	 +3.1172	    +1.602
1779638624.708	   +0.0	  +0.0	 +4.9965	 +2.1252	    +2.351
1779638624.808	   +0.0	  +0.0	 +4.9979	 +1.5690	    +3.185
1779638624.908	   +0.0	  +0.0	 +4.9989	 +1.1472	    +4.358
1779638625.008	   +0.0	  +0.0	 +4.9994	 +0.9043	    +5.528
1779638625.108	   +0.0	  +0.0	 +4.9997	 +0.6608	    +7.566
1779638625.208	   +0.0	  +0.0	 +4.9998	 +0.5325	    +9.390
1779638625.308	   +0.0	  +0.0	 +4.9999	 +0.3961	   +12.622
1779638625.408	   +0.0	  +0.0	 +4.9999	 +0.3216	   +15.547
1779638625.508	   +0.0	  +0.0	 +5.0000	 +0.2615	   +19.122
1779638625.608	   +0.0	  +0.0	 +5.0000	 +0.2042	   +24.483
1779638625.708	   +0.0	  +0.0	 +5.0000	 +0.1663	   +30.062
1779638625.808	   +0.0	  +0.0	 +5.0000	 +0.1355	   +36.897
1779638625.908	   +0.0	  +0.0	 +5.0000	 +0.1060	   +47.165
1779638626.008	   +0.0	  +0.0	 +5.0000	 +0.0864	   +57.863
1779638626.108	   +0.0	  +0.0	 +5.0000	 +0.0704	   +70.980
1779638626.208	   +0.0	  +0.0	 +5.0000	 +0.0574	   +87.065
1779638626.308	   +0.0	  +0.0	 +5.0000	 +0.0468	  +106.791
1779638626.408	   +0.0	  +0.0	 +5.0000	 +0.0382	  +130.979
1779638626.508	   +0.0	  +0.0	 +5.0000	 +0.0264	  +189.142
1779638626.608	   +0.0	  +0.0	 +5.0000	 +0.0207	  +241.647
1779638626.708	   +0.0	  +0.0	 +5.0000	 +0.0169	  +296.358
1779638626.808	   +0.0	  +0.0	 +5.0000	 +0.0138	  +363.436
1779638626.908	   +0.0	  +0.0	 +5.0000	 +0.0112	  +445.794
1779638627.008	   +0.0	  +0.0	 +5.0000	 +0.0088	  +569.464
1779638627.108	   +0.0	  +0.0	 +5.0000	 +0.0078	  +643.640
1779638627.208	   +0.0	  +0.0	 +5.0000	 +0.0058	  +856.589
1779638627.308	   +0.0	  +0.0	 +5.0000	 +0.0044	 +1140.093
1779638627.408	   +0.0	  +0.0	 +5.0000	 +0.0040	 +1237.217
1779638627.508	   +0.0	  +0.0	 +5.0000	 +0.0027	 +1860.738
1779638627.608	   +0.0	  +0.0	 +5.0000	 +0.0027	 +1860.738
1779638627.708	   +0.0	  +0.0	 +5.0000	 +0.0017	 +2916.545
1779638627.808	   +0.0	  +0.0	 +5.0000	 +0.0014	 +3577.211
1779638627.908	   +0.0	  +0.0	 +5.0000	 +0.0011	 +4564.450
1779638628.008	   +0.0	  +0.0	 +5.0000	 +0.0010	      +inf
1779638628.108	   +0.0	  +0.0	 +5.0000	 +0.0008	      +inf
1779638628.208	   +0.0	  +0.0	 +5.0000	 +0.0006	      +inf
1779638628.308	   +0.0	  +0.0	 +5.0000	 +0.0005	      +inf
1779638628.408	   +0.0	  +0.0	 +5.0000	 +0.0004	      +inf
1779638628.508	   +0.0	  +0.0	 +5.0000	 +0.0003	      +inf
1779638628.608	   +0.0	  +0.0	 +5.0000	 +0.0002	      +inf
1779638628.708	   +0.0	  +0.0	 +5.0000	 +0.0002	      +inf
1779638628.808	   +0.0	  +0.0	 +5.0000	 +0.0001	      +inf
1779638628.908	   +0.0	  +0.0	 +5.0000	 +0.0001	      +inf
1779638629.008	   +0.0	  +0.0	 +5.0000	 +0.0001	      +inf
1779638629.108	   +0.0	  +0.0	 +5.0000	 +0.0001	      +inf
1779638629.208	   +0.0	  +0.0	 +5.0000	 +0.0001	      +inf
1779638629.308	   +0.0	  +0.0	 +5.0000	 +0.0001	      +inf
1779638629.408	   +0.0	  +0.0	 +5.0000	 +0.0000	      +inf
1779638629.508	   +0.0	  +0.0	 +5.0000	 +0.0000	      +inf
1779638629.608	   +0.0	  +0.0	 +5.0000	 +0.0000	      +inf
1779638629.708	   +0.0	  +0.0	 +5.0000	 +0.0000	      +inf
1779638629.808	   +0.0	  +0.0	 +5.0000	 +0.0000	      +inf
1779638629.908	   +0.0	  +0.0	 +5.0000	 +0.0000	      +inf
1779638630.008	   +0.0	  +0.0	 +5.0000	 +0.0000	      +inf
1779638630.108	   +0.0	  +0.0	 +5.0000	 +0.0000	      +inf
1779638630.208	   +0.0	  +0.0	 +5.0000	 +0.0000	      +inf
1779638630.308	   +0.0	  +0.0	 +5.0000	 +0.0000	      +inf
1779638630.408	   +0.0	  +0.0	 +5.0000	 +0.0000	      +inf
1779638630.508	   +0.0	  +0.0	 +5.0000	 +0.0000	      +inf
1779638630.608	   +0.0	  +0.0	 +5.0000	 +0.0000	      +inf
1779638630.708	   +0.0	  +0.0	 +5.0000	 +0.0000	      +inf
1779638630.808	   +0.0	  +0.0	 +5.0000	 +0.0000	      +inf
1779638630.908	   +0.0	  +0.0	 +2.5600	 +0.0000	      +inf
1779638631.008	   +0.0	  +0.0	 +0.8389	 +2.7290	    +0.307
1779638631.108	   +0.0	  +0.0	 +0.2749	 +0.0413	    +6.651
1779638631.208	   +0.0	  +0.0	 +0.0901	 -0.0723	    -1.246
1779638631.308	   +0.0	  +0.0	 +1.3886	 +0.3016	    +4.605
1779638631.408	   +0.0	  +0.0	 +3.4454	 -2.3066	    -1.494
1779638631.508	   +0.0	  +0.0	 +4.0820	 -0.4372	    -9.337
1779638631.608	   +0.0	  +0.0	 +4.3977	 +0.4512	    +9.747
1779638631.708	   +0.0	  +0.0	 +4.6444	 +1.8553	    +2.503
1779638631.808	   +0.0	  +0.0	 +4.7900	 +5.2341	    +0.915
1779638631.908	   +0.0	  +0.0	 +4.8996	-15.3809	    -0.319
1779638632.008	   +0.0	  +0.0	 +4.9520	 -3.7527	    -1.320
1779638632.108	   +0.0	  +0.0	 +4.9685	 -2.6190	    -1.897
1779638632.208	   +0.0	  +0.0	 +3.1881	 -1.0580	    -3.013
1779638632.308	   +0.0	  +0.0	 +1.6323	 -0.4590	    -3.556
1779638632.408	   +0.0	  +0.0	 -3.7323	 +0.0190	  -196.844
1779638636.025	   +0.0	  +0.0	 -3.7323	 +0.0190	  -196.844
1779638636.108	   +0.0	  +0.0	 -4.5846	-10.0990	    +0.454
1779638636.208	   +0.0	  +0.0	 -4.8639	 +0.0501	   -97.151
1779638636.308	   +0.0	  +0.0	 -4.9715	-194.2381	    +0.026
1779638636.408	   +0.0	  +0.0	 -4.9883	 -2.2813	    +2.187
1779638636.508	   +0.0	  +0.0	 -4.9962	 -0.2305	   +21.680
1779638636.608	   +0.0	  +0.0	 -4.9987	 +1.0573	    -4.728
1779638636.708	   +0.0	  +0.0	 -4.9996	 +2.9601	    -1.689
1779638636.808	   +0.0	  +0.0	 -2.9523	 +1.8890	    -1.563
1779638636.908	   +0.0	  +0.0	 +0.9307	-33.1567	    -0.028
1779638637.008	   +0.0	  +0.0	 +2.5971	 -0.1164	   -22.312
1779638637.108	   +0.0	  +0.0	 +3.5811	 +2.6113	    +1.371
1779638637.208	   +0.0	  +0.0	 +4.2460	 -2.3245	    -1.827
1779638637.308	   +0.0	  +0.0	 +4.6393	 +0.1388	   +33.432
1779638637.408	   +0.0	  +0.0	 +4.7371	 +0.8648	    +5.478
1779638637.508	   +0.0	  +0.0	 +4.8447	 +2.5937	    +1.868
1779638637.608	   +0.0	  +0.0	 +4.9175	+12.1093	    +0.406
1779638637.708	   +0.0	  +0.0	 +4.9513	-12.3737	    -0.400
1779638637.808	   +0.0	  +0.0	 +4.9790	 -3.2329	    -1.540
1779638637.908	   +0.0	  +0.0	 +4.9830	 -2.7223	    -1.830
1779638638.008	   +0.0	  +0.0	 +4.9934	 -1.5189	    -3.288
1779638638.108	   +0.0	  +0.0	 +4.9965	 -1.1151	    -4.481
1779638638.208	   +0.0	  +0.0	 +4.9979	 -0.8807	    -5.675
1779638638.308	   +0.0	  +0.0	 +3.1990	 +5.8319	    +0.549
1779638638.408	   +0.0	  +0.0	 +1.0483	 -0.3092	    -3.390
1779638638.508	   +0.0	  +0.0	 -3.4145	 -0.9279	    +3.680
1779638638.608	   +0.0	  +0.0	 -4.4805	 +1.4300	    -3.133
1779638638.708	   +0.0	  +0.0	 -4.8298	-13.8726	    +0.348
1779638638.808	   +0.0	  +0.0	 -4.9643	 -0.6046	    +8.211
1779638638.908	   +0.0	  +0.0	 -4.9817	 +0.2012	   -24.758
1779638639.008	   +0.0	  +0.0	 -4.9962	 +2.3048	    -2.168
1779638639.108	   +0.0	  +0.0	 -4.9990	 +9.0310	    -0.554
1779638639.208	   +0.0	  +0.0	 -4.9997	-17.7264	    +0.282
1779638639.308	   +0.0	  +0.0	 -4.9999	 -4.9839	    +1.003
1779638639.408	   +0.0	  +0.0	 -5.0000	 -2.4875	    +2.010
1779638639.508	   +0.0	  +0.0	 -5.0000	 -1.7849	    +2.801
1779638639.608	   +0.0	  +0.0	 -5.0000	 -1.2829	    +3.897
1779638639.708	   +0.0	  +0.0	 -5.0000	 -1.0035	    +4.983
1779638639.808	   +0.0	  +0.0	 -5.0000	 -0.7969	    +6.274
1779638639.908	   +0.0	  +0.0	 -5.0000	 -0.5611	    +8.911
1779638640.008	   +0.0	  +0.0	 -5.0000	 -0.4732	   +10.566
1779638640.108	   +0.0	  +0.0	 -5.0000	 -0.3678	   +13.595
1779638640.208	   +0.0	  +0.0	 -4.0500	 -0.2420	   +16.736
1779638640.308	   +0.0	  +0.0	 -0.5821	 -0.0884	    +6.587
1779638640.408	   +0.0	  +0.0	 +1.7038	 -4.9672	    -0.343
1779638640.508	   +0.0	  +0.0	 +3.0536	 +0.7837	    +3.896
1779638640.608	   +0.0	  +0.0	 +3.8507	 -2.0930	    -1.840
1779638640.708	   +0.0	  +0.0	 +4.3213	 +0.7238	    +5.970
1779638640.808	   +0.0	  +0.0	 +4.5993	+20.9924	    +0.219
1779638640.908	   +0.0	  +0.0	 +4.7870	 -1.3540	    -3.535
1779638641.008	   +0.0	  +0.0	 +4.9083	 +0.9034	    +5.433
1779638641.108	   +0.0	  +0.0	 +4.9257	 +1.4785	    +3.332
1779638641.208	   +0.0	  +0.0	 +4.9712	+12.3977	    +0.401
1779638641.308	   +0.0	  +0.0	 +4.9790	-49.3316	    -0.101
1779638641.408	   +0.0	  +0.0	 +4.9900	 -4.4606	    -1.119
1779638641.508	   +0.0	  +0.0	 +4.9941	 -2.7222	    -1.835
1779638641.608	   +0.0	  +0.0	 +4.9969	 -1.8032	    -2.771
1779638641.708	   +0.0	  +0.0	 +4.9985	 -1.2302	    -4.063
1779638641.808	   +0.0	  +0.0	 +4.9989	 -1.0614	    -4.710
1779638641.908	   +0.0	  +0.0	 +4.9994	 -0.8405	    -5.948
1779638642.008	   +0.0	  +0.0	 +4.9996	 -0.6726	    -7.433
1779638642.108	   +0.0	  +0.0	 +1.3106	 +0.8608	    +1.523
1779638642.208	   +0.0	  +0.0	 -1.3705	 +0.6985	    -1.962
1779638642.308	   +0.0	  +0.0	 -4.0486	 -0.6571	    +6.161
1779638642.408	   +0.0	  +0.0	 -4.6882	 +2.1165	    -2.215
1779638642.508	   +0.0	  +0.0	 -4.8978	 -6.8428	    +0.716
1779638642.609	   +0.0	  +0.0	 -4.9665	 -1.0176	    +4.880
1779638642.708	   +0.0	  +0.0	 -4.9890	 +0.3921	   -12.723
1779638642.808	   +0.0	  +0.0	 -4.9971	 +2.2049	    -2.266
1779638642.908	   +0.0	  +0.0	 -4.9991	 +6.2327	    -0.802
1779638643.008	   +0.0	  +0.0	 -4.9997	-54.2104	    +0.092
1779638643.108	   +0.0	  +0.0	 -5.0000	 -3.5881	    +1.393
1779638643.208	   +0.0	  +0.0	 -4.0500	 -1.9053	    +2.126
1779638643.308	   +0.0	  +0.0	 -2.3915	 +0.1107	   -21.596
1779638643.408	   +0.0	  +0.0	 -0.7934	 -0.4777	    +1.661
1779638643.508	   +0.0	  +0.0	 +2.5061	 +0.1973	   +12.700
1779638643.608	   +0.0	  +0.0	 +3.5274	 +5.4739	    +0.644
1779638643.708	   +0.0	  +0.0	 +4.1304	 -2.1098	    -1.958
1779638643.808	   +0.0	  +0.0	 +4.4865	 -0.2879	   -15.583
1779638643.908	   +0.0	  +0.0	 +4.6968	 +0.9083	    +5.171
1779638644.008	   +0.0	  +0.0	 +4.8825	 +6.4736	    +0.754
1779638644.108	   +0.0	  +0.0	 +4.9049	+13.2611	    +0.370
1779638644.208	   +0.0	  +0.0	 +4.9590	 -5.7596	    -0.861
1779638644.308	   +0.0	  +0.0	 +4.9668	 -4.3454	    -1.143
1779638644.408	   +0.0	  +0.0	 +4.9871	 -2.0167	    -2.473
1779638644.508	   +0.0	  +0.0	 +4.9924	 -1.5019	    -3.324
1779638644.608	   +0.0	  +0.0	 +4.9955	 -1.1595	    -4.308
1779638644.708	   +0.0	  +0.0	 +4.9974	 -0.9136	    -5.470
1779638644.808	   +0.0	  +0.0	 +4.9986	 -0.6973	    -7.168
1779638644.908	   +0.0	  +0.0	 +4.9992	 -0.5612	    -8.908
1779638645.008	   +0.0	  +0.0	 +4.9996	 -0.4000	   -12.501
1779638645.108	   +0.0	  +0.0	 +4.9997	 -0.3679	   -13.591
1779638645.208	   +0.0	  +0.0	 +4.9999	 -0.2640	   -18.941
1779638645.308	   +0.0	  +0.0	 +4.9999	 -0.2062	   -24.252
1779638645.408	   +0.0	  +0.0	 +5.0000	 -0.1679	   -29.779
1779638645.508	   +0.0	  +0.0	 +5.0000	 -0.1260	   -39.669
1779638645.608	   +0.0	  +0.0	 +5.0000	 -0.1027	   -48.673
1779638645.708	   +0.0	  +0.0	 +5.0000	 -0.0837	   -59.712
1779638645.808	   +0.0	  +0.0	 +5.0000	 -0.0683	   -73.247
1779638645.908	   +0.0	  +0.0	 +5.0000	 -0.0580	   -86.249
1779638646.008	   +0.0	  +0.0	 +5.0000	 -0.0473	  -105.787
1779638646.108	   +0.0	  +0.0	 +5.0000	 -0.0327	  -152.761
1779638646.208	   +0.0	  +0.0	 +5.0000	 -0.0267	  -187.358
1779638646.308	   +0.0	  +0.0	 +5.0000	 -0.0218	  -229.794
1779638646.408	   +0.0	  +0.0	 +5.0000	 -0.0163	  -305.814
1779638646.508	   +0.0	  +0.0	 +5.0000	 -0.0133	  -375.031
1779638646.608	   +0.0	  +0.0	 +5.0000	 -0.0109	  -459.993
1779638646.708	   +0.0	  +0.0	 +5.0000	 -0.0085	  -587.656
1779638646.808	   +0.0	  +0.0	 +5.0000	 -0.0069	  -720.605
1779638646.908	   +0.0	  +0.0	 +5.0000	 -0.0057	  -883.733
1779638647.008	   +0.0	  +0.0	 +5.0000	 -0.0048	 -1040.534
1779638647.108	   +0.0	  +0.0	 +5.0000	 -0.0035	 -1442.080
1779638647.208	   +0.0	  +0.0	 +5.0000	 -0.0028	 -1768.474
1779638647.308	   +0.0	  +0.0	 +5.0000	 -0.0022	 -2259.245
1779638647.408	   +0.0	  +0.0	 +5.0000	 -0.0017	 -2887.631
1779638647.508	   +0.0	  +0.0	 +5.0000	 -0.0014	 -3690.523
1779638647.608	   +0.0	  +0.0	 +5.0000	 -0.0011	 -4525.055
1779638647.708	   +0.0	  +0.0	 +5.0000	 -0.0009	      +inf
1779638647.808	   +0.0	  +0.0	 +5.0000	 -0.0007	      +inf
1779638647.908	   +0.0	  +0.0	 +5.0000	 -0.0006	      +inf
1779638648.008	   +0.0	  +0.0	 +5.0000	 -0.0005	      +inf
1779638648.108	   +0.0	  +0.0	 +5.0000	 -0.0004	      +inf
1779638648.208	   +0.0	  +0.0	 +5.0000	 -0.0003	      +inf
1779638648.308	   +0.0	  +0.0	 +5.0000	 -0.0002	      +inf
1779638648.408	   +0.0	  +0.0	 +5.0000	 -0.0002	      +inf
1779638648.508	   +0.0	  +0.0	 +5.0000	 -0.0001	      +inf
1779638648.608	   +0.0	  +0.0	 +5.0000	 -0.0001	      +inf
1779638648.708	   +0.0	  +0.0	 +5.0000	 -0.0001	      +inf
1779638648.808	   +0.0	  +0.0	 +5.0000	 -0.0001	      +inf
1779638648.908	   +0.0	  +0.0	 +5.0000	 -0.0001	      +inf
1779638649.008	   +0.0	  +0.0	 +5.0000	 -0.0001	      +inf
1779638649.108	   +0.0	  +0.0	 +5.0000	 -0.0000	      +inf
1779638649.208	   +0.0	  +0.0	 +5.0000	 -0.0000	      +inf
1779638649.309	   +0.0	  +0.0	 +5.0000	 -0.0000	      +inf
1779638649.408	   +0.0	  +0.0	 +5.0000	 -0.0000	      +inf
1779638649.508	   +0.0	  +0.0	 +5.0000	 -0.0000	      +inf
1779638649.608	   +0.0	  +0.0	 +5.0000	 -0.0000	      +inf
1779638649.708	   +0.0	  +0.0	 +5.0000	 -0.0000	      +inf
1779638649.808	   +0.0	  +0.0	 +5.0000	 -0.0000	      +inf
1779638649.908	   +0.0	  +0.0	 +5.0000	 -0.0000	      +inf
1779638650.008	   +0.0	  +0.0	 +5.0000	 -0.0000	      +inf
1779638650.108	   +0.0	  +0.0	 +5.0000	 -0.0000	      +inf
1779638650.208	   +0.0	  +0.0	 +5.0000	 -0.0000	      +inf
1779638650.308	   +0.0	  +0.0	 +5.0000	 -0.0000	      +inf
1779638650.408	   +0.0	  +0.0	 +5.0000	 -0.0000	      +inf
1779638650.508	   +0.0	  +0.0	 +5.0000	 -0.0000	      +inf
1779638650.608	   +0.0	  +0.0	 +5.0000	 -0.0000	      +inf
1779638650.708	   +0.0	  +0.0	 +5.0000	 -0.0000	      +inf
1779638650.808	   +0.0	  +0.0	 +5.0000	 -0.0000	      +inf
1779638650.908	   +0.0	  +0.0	 +5.0000	 -0.0000	      +inf
1779638651.008	   +0.0	  +0.0	 +5.0000	 -0.0000	      +inf
1779638651.108	   +0.0	  +0.0	 +5.0000	 -0.0000	      +inf
1779638651.208	   +0.0	  +0.0	 +5.0000	 -0.0000	      +inf
1779638651.308	   +0.0	  +0.0	 +5.0000	 -0.0000	      +inf
1779638651.408	   +0.0	  +0.0	 +5.0000	 -0.0000	      +inf
1779638651.508	   +0.0	  +0.0	 +5.0000	 -1.0735	    -4.658
1779638651.608	   +0.0	  +0.0	 +5.0000	-220.0053	    -0.023
1779638651.708	   +0.0	  +0.0	 +5.0000	 +1.2377	    +4.040
1779638651.808	   +0.0	  +0.0	 +2.5600	 -0.1320	   -19.400
1779638651.908	   +0.0	  +0.0	 +1.3107	 -0.2700	    -4.855
1779638652.008	   +0.0	  +0.0	 +0.8865	 +1.6793	    +0.528
1779638652.108	   +0.0	  +0.0	 +2.5710	 -0.0504	   -51.028
1779638652.208	   +0.0	  +0.0	 +3.5657	 -0.0570	   -62.599
1779638652.308	   +0.0	  +0.0	 +2.1697	 -0.0240	   -90.416
1779638652.408	   +0.0	  +0.0	 +0.7110	 -0.0064	  -110.898
1779638652.508	   +0.0	  +0.0	 +0.1491	 -0.0010	  -147.591
1779638652.608	   +0.0	  +0.0	 +0.0489	 -0.0003	      +inf
1779638652.708	   +0.0	  +0.0	 +0.0128	 -0.0001	      +inf
1779638652.808	   +0.0	  +0.0	 +0.0066	 -0.0000	      +inf
1779638652.908	   +0.0	  +0.0	 +0.0021	 -0.0000	      +inf
1779638653.008	   +0.0	  +0.0	 +0.0003	 -0.0000	      +inf
1779638653.108	   +0.0	  +0.0	 +0.0001	 -0.0000	      +inf
1779638653.208	   +0.0	  +0.0	 +0.0001	 -0.0000	      +inf
1779638653.308	   +0.0	  +0.0	 +0.0000	 -0.0000	      +inf
1779638653.408	   +0.0	  +0.0	 +0.0000	 -0.0000	      +inf
1779638653.508	   +0.0	  +0.0	 +0.0000	 -0.0000	      +inf
1779638653.608	   +0.0	  +0.0	 +0.0000	 -0.0000	      +inf
1779638653.708	   +0.0	  +0.0	 +0.0000	 -0.0000	      +inf
1779638653.808	   +0.0	  +0.0	 +0.0000	 -0.0000	      +inf
1779638653.908	   +0.0	  +0.0	 +0.0000	 -0.0000	      +inf
1779638654.008	   +0.0	  +0.0	 +0.0000	 -0.0000	      +inf
1779638654.108	   +0.0	  +0.0	 +0.0000	 -0.0000	      +inf
1779638654.208	   +0.0	  +0.0	 +0.0000	 -0.0000	      +inf
1779638654.308	   +0.0	  +0.0	 +0.0000	 -0.0000	      +inf
1779638654.408	   +0.0	  +0.0	 +0.0000	 -0.0000	      +inf
1779638654.508	   +0.0	  +0.0	 +0.0000	 -0.0000	      +inf
1779638654.608	   +0.0	  +0.0	 +0.0000	 -0.0000	      +inf
1779638654.708	   +0.0	  +0.0	 +0.0000	 -0.0000	      +inf
1779638654.808	   +0.0	  +0.0	 +0.0000	 -0.0000	      +inf
1779638654.908	   +0.0	  +0.0	 +0.0000	 -0.0000	      +inf
1779638655.008	   +0.0	  +0.0	 +0.0000	 -0.0000	      +inf
1779638655.108	   +0.0	  +0.0	 +0.0000	 -0.0000	      +inf
1779638655.208	   +0.0	  +0.0	 +0.0000	 -0.0000	      +inf
1779638655.308	   +0.0	  +0.0	 +0.0000	 -0.0000	      +inf
1779638655.408	   +0.0	  +0.0	 +0.0000	 -0.0000	      +inf
1779638655.508	   +0.0	  +0.0	 +0.0000	 -0.0000	      +inf
1779638655.608	   +0.0	  +0.0	 +0.0000	 -0.0000	      +inf
1779638655.708	   +0.0	  +0.0	 +0.0000	 -0.0000	      +inf
1779638655.808	   +0.0	  +0.0	 +0.0000	 -0.0000	      +inf
1779638655.908	   +0.0	  +0.0	 +0.0000	 -0.0000	      +inf
1779638656.008	   +0.0	  +0.0	 +0.0000	 -0.0000	      +inf
1779638656.108	   +0.0	  +0.0	 +0.0000	 -0.0000	      +inf
1779638656.208	   +0.0	  +0.0	 +0.0000	 -0.0000	      +inf
1779638656.308	   +0.0	  +0.0	 +0.0000	 -0.0000	      +inf
1779638656.408	   +0.0	  +0.0	 +0.0000	 -0.0000	      +inf
1779638656.508	   +0.0	  +0.0	 +0.0000	 -0.0000	      +inf
1779638656.608	   +0.0	  +0.0	 +0.0000	 -0.0000	      +inf
1779638656.708	   +0.0	  +0.0	 +0.0000	 -0.0000	      +inf
1779638656.808	   +0.0	  +0.0	 +0.0000	 -0.0000	      +inf
1779638656.908	   +0.0	  +0.0	 +0.0000	 -0.0000	      +inf
1779638657.008	   +0.0	  +0.0	 +0.0000	 -0.0000	      +inf
1779638657.108	   +0.0	  +0.0	 +0.0000	 -0.0000	      +inf
1779638657.208	   +0.0	  +0.0	 +0.0000	 -0.0000	      +inf
1779638657.308	   +0.0	  +0.0	 +0.0000	 -0.0000	      +inf
1779638657.408	   +0.0	  +0.0	 +0.0000	 -0.0000	      +inf
1779638657.508	   +0.0	  +0.0	 +0.0000	 -0.0000	      +inf
1779638657.608	   +0.0	  +0.0	 +0.0000	 -0.0000	      +inf
1779638657.709	   +0.0	  +0.0	 +0.0000	 -0.0000	      +inf
1779638657.808	   +0.0	  +0.0	 +0.0000	 -0.0000	      +inf
1779638657.908	   +0.0	  +0.0	 +0.0000	 -0.0000	      +inf
1779638658.008	   +0.0	  +0.0	 +0.0000	 -0.0000	      +inf
1779638658.108	   +0.0	  +0.0	 +0.0000	 -0.0000	      +inf
1779638658.208	   +0.0	  +0.0	 +0.0000	 -0.0000	      +inf
1779638658.308	   +0.0	  +0.0	 +0.0000	 -0.0000	      +inf
1779638658.408	 +100.0	  +0.0	 +0.0000	 -0.0000	      +inf
1779638658.508	 +100.0	  +0.0	 +0.0000	 +0.0000	      +inf
1779638658.608	 +100.0	  +0.0	 +0.0000	 -0.0000	      +inf
1779638658.708	 +100.0	  +0.0	 +0.0000	 -0.0000	      +inf
1779638658.808	 +100.0	  +0.0	 +0.0000	 +0.0000	      +inf
1779638658.908	 +100.0	  +0.0	 +0.0000	 +0.0000	      +inf
1779638659.008	 +100.0	  +0.0	 +0.0000	 +0.0000	      +inf
1779638659.108	 +100.0	  +0.0	 +0.0000	 -0.0000	      +inf
1779638659.208	 +100.0	  +0.0	 +0.0000	 -0.0000	      +inf
1779638659.308	 +100.0	  +0.0	 +0.0000	 -0.0000	      +inf
1779638659.408	 +100.0	  +0.0	 +0.0000	 -0.0000	      +inf
1779638659.508	 +100.0	  +0.0	 +0.0000	 -0.0000	      +inf
1779638659.608	 +100.0	  +0.0	 +0.0000	 -0.0000	      +inf
1779638659.708	 +100.0	  +0.0	 +0.0000	 -0.0000	      +inf
1779638659.808	 +100.0	  +0.0	 +0.0000	 -0.0000	      +inf
1779638659.908	 +100.0	  +0.0	 +0.0000	 -0.0000	      +inf
1779638660.008	 +100.0	  +0.0	 +0.0000	 -0.0000	      +inf
1779638660.108	 +100.0	  +0.0	 +0.0000	 -0.0000	      +inf
1779638660.208	 +100.0	  +0.0	 +0.0000	 -0.0000	      +inf
1779638660.308	 +100.0	  +0.0	 +0.0000	 -0.0000	      +inf
1779638660.408	 +100.0	  +0.0	 +0.0000	 -0.0000	      +inf
1779638660.508	 +100.0	  +0.0	 +0.0000	 -0.0000	      +inf
1779638660.608	 +100.0	  +0.0	 +0.0000	 -0.0000	      +inf
1779638660.708	 +100.0	  +0.0	 +0.0000	 -0.0000	      +inf
1779638660.808	 +100.0	  +1.0	 +0.0000	 -0.0000	      +inf
1779638660.908	 +100.0	  +1.0	 +0.1355	 -0.0013	  -102.517
1779638661.008	 +100.0	  +1.0	 +0.2848	 -0.0023	  -125.737
1779638661.108	 +100.0	  +1.0	 +0.3971	 -0.0024	  -167.339
1779638661.208	 +100.0	  +1.0	 +0.4325	 -0.0022	  -197.026
1779638661.308	 +100.0	  +1.0	 +0.4677	 -0.0018	  -262.206
1779638661.408	 +100.0	  +1.0	 +0.4809	 -0.0015	  -321.571
1779638661.508	 +100.0	  +1.0	 +0.4887	 -0.0012	  -394.385
1779638661.608	 +100.0	  +1.0	 +0.4940	 -0.0010	      +inf
1779638661.708	 +100.0	  +1.0	 +0.4965	 -0.0008	      +inf
1779638661.808	 +100.0	  +1.0	 +0.4979	 -0.0007	      +inf
1779638661.908	 +100.0	  +1.0	 +0.4988	 -0.0005	      +inf
1779638662.008	 +100.0	  +1.0	 +0.4995	 -0.0004	      +inf
1779638662.108	 +100.0	  +2.0	 +0.4996	 -0.0004	      +inf
1779638662.208	 +100.0	  +2.0	 +0.6353	 -0.0003	      +inf
1779638662.308	 +100.0	  +2.0	 +0.7847	 -0.0003	      +inf
1779638662.408	 +100.0	  +2.0	 +0.8970	 -0.0003	      +inf
1779638662.508	 +100.0	  +2.0	 +0.9392	 -0.0002	      +inf
1779638662.608	 +100.0	  +2.0	 +0.9677	 -0.0002	      +inf
1779638662.708	 +100.0	  +2.0	 +0.9809	 -0.0002	      +inf
1779638662.808	 +100.0	  +2.0	 +0.9887	 -0.0001	      +inf
1779638662.908	 +100.0	  +2.0	 +0.9933	 -0.0001	      +inf
1779638663.008	 +100.0	  +2.0	 +0.9956	 -0.0001	      +inf
1779638663.108	 +100.0	  +2.0	 +0.9981	 -0.0001	      +inf
1779638663.208	 +100.0	  +2.0	 +0.9985	 -0.0001	      +inf
1779638663.308	 +100.0	  +3.0	 +0.9994	 -0.0000	      +inf
1779638663.408	 +100.0	  +3.0	 +1.1352	 -0.0000	      +inf
1779638663.508	 +100.0	  +3.0	 +1.3255	 -0.0000	      +inf
1779638663.608	 +100.0	  +3.0	 +1.3970	 -0.0000	      +inf
1779638663.708	 +100.0	  +3.0	 +1.4452	 -0.0000	      +inf
1779638663.808	 +100.0	  +4.0	 +1.4677	 -0.0000	      +inf
1779638663.908	 +100.0	  +4.0	 +1.6164	 -0.0000	      +inf
1779638664.008	 +100.0	  +4.0	 +1.7735	 -0.0000	      +inf
1779638664.108	 +100.0	  +5.0	 +1.8514	 -0.0000	      +inf
1779638664.208	 +100.0	  +5.0	 +1.9122	 -0.0000	      +inf
1779638664.308	 +100.0	  +6.0	 +2.2470	 -0.0000	      +inf
1779638664.408	 +100.0	  +6.0	 +2.5010	 -0.0000	      +inf
1779638664.508	 +100.0	  +7.0	 +2.7613	 -0.0000	      +inf
1779638664.608	 +100.0	  +7.0	 +2.9210	 -0.0000	      +inf
1779638664.708	 +100.0	  +8.0	 +3.1581	 -0.0000	      +inf
1779638664.808	 +100.0	  +9.0	 +3.4133	 -0.0000	      +inf
1779638664.908	 +100.0	  +9.0	 +3.7036	 -0.0000	      +inf
1779638665.008	 +100.0	 +10.0	 +4.0297	 -0.0000	      +inf
1779638665.108	 +100.0	 +10.0	 +4.4898	 -0.0000	      +inf
1779638665.208	 +100.0	 +10.0	 +4.6987	 -0.0000	      +inf
1779638665.308	 +100.0	 +10.0	 +4.8221	 -0.0000	      +inf
1779638665.408	 +100.0	 +10.0	 +4.8559	 -0.0000	      +inf
1779638665.508	 +100.0	 +10.0	 +4.9442	 -0.0000	      +inf
1779638665.608	 +100.0	 +10.0	 +4.9670	 -0.0000	      +inf
1779638665.708	 +100.0	 +10.0	 +4.9842	 -0.0000	      +inf
1779638665.808	 +100.0	 +10.0	 +4.9885	 -0.0000	      +inf
1779638665.908	 +100.0	 +10.0	 +4.9945	 -0.0000	      +inf
1779638666.008	 +100.0	 +10.0	 +4.9960	 -0.0000	      +inf
1779638666.108	 +100.0	 +10.0	 +4.9979	 -0.0000	      +inf
1779638666.208	 +100.0	 +10.0	 +4.9991	 -0.0000	      +inf
1779638666.308	 +100.0	 +10.0	 +4.9995	 -0.0000	      +inf
1779638666.408	 +100.0	 +10.0	 +4.9997	 -0.0000	      +inf
1779638666.508	 +100.0	 +10.0	 +4.9999	 -0.0000	      +inf
1779638666.608	 +100.0	 +10.0	 +4.9999	 -0.0000	      +inf
1779638666.708	 +100.0	 +10.0	 +5.0000	 -0.0000	      +inf
1779638666.808	 +100.0	 +10.0	 +5.0000	 -0.0000	      +inf
1779638666.908	 +100.0	 +10.0	 +5.0000	 -0.0000	      +inf
1779638667.008	 +100.0	 +10.0	 +5.0000	 -0.0000	      +inf
1779638667.108	 +100.0	 +10.0	 +5.0000	 -0.0000	      +inf
1779638667.208	 +100.0	 +10.0	 +5.0000	 -0.0000	      +inf
1779638667.309	 +100.0	 +10.0	 +5.0000	 -0.0000	      +inf
1779638667.408	 +100.0	 +10.0	 +5.0000	 -0.0000	      +inf
1779638667.508	 +100.0	 +10.0	 +5.0000	 -0.0000	      +inf
1779638667.608	 +100.0	 +10.0	 +5.0000	 -0.0000	      +inf
1779638667.708	 +100.0	 +10.0	 +5.0000	 -0.0000	      +inf
1779638667.808	 +100.0	 +10.0	 +5.0000	 -0.0000	      +inf
1779638667.908	 +100.0	 +10.0	 +5.0000	 -0.0000	      +inf
1779638668.008	 +100.0	 +10.0	 +5.0000	 -0.0000	      +inf
1779638668.108	 +100.0	 +10.0	 +5.0000	 -0.0000	      +inf
1779638668.208	 +100.0	 +10.0	 +5.0000	 -0.0000	      +inf
1779638668.308	 +100.0	 +10.0	 +5.0000	 -0.0000	      +inf
1779638668.408	 +100.0	 +10.0	 +5.0000	 -0.0000	      +inf
1779638672.106	 +100.0	 +10.0	 +5.0000	 -0.0000	      +inf
1779638672.108	 +100.0	 +10.0	 +5.0000	 -0.0000	      +inf
1779638672.208	 +100.0	 +10.0	 +5.0000	 -0.0000	      +inf
1779638672.308	 +100.0	 +10.0	 +5.0000	 -0.0000	      +inf
1779638672.408	 +100.0	 +10.0	 +5.0000	 -0.0000	      +inf
1779638672.508	 +100.0	 +10.0	 +5.0000	 -0.0000	      +inf
1779638672.608	 +100.0	 +10.0	 +5.0000	 -0.0000	      +inf
1779638672.708	 +100.0	 +10.0	 +5.0000	 -0.0000	      +inf
1779638672.808	 +100.0	 +10.0	 +5.0000	 -0.0000	      +inf
1779638672.908	 +100.0	 +10.0	 +5.0000	 -0.0000	      +inf
1779638673.008	 +100.0	 +10.0	 +5.0000	 -0.0000	      +inf
1779638673.108	 +100.0	 +10.0	 +5.0000	 -0.0000	      +inf
1779638673.208	 +100.0	 +10.0	 +5.0000	 -0.0000	      +inf
1779638673.308	 +100.0	 +10.0	 +5.0000	 -0.0000	      +inf
1779638673.408	 +100.0	 +10.0	 +5.0000	 -0.0000	      +inf
1779638673.508	 +100.0	 +10.0	 +5.0000	 -0.0000	      +inf
1779638673.608	 +100.0	 +10.0	 +5.0000	 -0.0000	      +inf
1779638673.708	 +100.0	 +10.0	 +5.0000	 -0.0000	      +inf
1779638673.808	 +100.0	 +10.0	 +5.0000	 -0.0000	      +inf
1779638673.908	 +100.0	 +10.0	 +5.0000	 -0.0000	      +inf
1779638674.008	 +100.0	 +10.0	 +5.0000	 -0.0000	      +inf
1779638674.108	 +100.0	 +10.0	 +5.0000	 -0.0000	      +inf
1779638674.208	 +100.0	 +10.0	 +5.0000	 -0.0000	      +inf
1779638674.308	 +100.0	 +10.0	 +5.0000	 -0.0000	      +inf
1779638674.408	 +100.0	 +10.0	 +5.0000	 -0.0000	      +inf
1779638674.508	 +100.0	 +10.0	 +5.0000	 -0.0000	      +inf
1779638674.608	 +100.0	 +10.0	 +5.0000	 -0.0000	      +inf
1779638674.708	 +100.0	 +10.0	 +5.0000	 -0.0000	      +inf
1779638674.808	 +100.0	 +10.0	 +5.0000	 -0.0000	      +inf
1779638674.908	 +100.0	 +10.0	 +5.0000	 -0.0000	      +inf
1779638675.008	 +100.0	 +10.0	 +5.0000	 -0.0000	      +inf
1779638675.108	 +100.0	 +10.0	 +5.0000	 -0.0000	      +inf
1779638675.208	 +100.0	 +10.0	 +5.0000	 -0.0000	      +inf
1779638675.308	 +100.0	 +10.0	 +5.0000	 -0.0000	      +inf
1779638675.408	 +100.0	 +10.0	 +5.0000	 -0.0000	      +inf
1779638675.508	 +100.0	 +10.0	 +5.0000	 -0.0000	      +inf
1779638675.608	 +100.0	 +10.0	 +5.0000	 -0.0000	      +inf
1779638675.708	 +100.0	 +10.0	 +5.0000	 -0.0000	      +inf
1779638675.808	 +100.0	 +10.0	 +5.0000	 -0.0000	      +inf
1779638675.908	 +100.0	 +10.0	 +5.0000	 -0.0000	      +inf
1779638676.008	 +100.0	 +10.0	 +5.0000	 -0.0000	      +inf
1779638676.108	 +100.0	 +10.0	 +5.0000	 -0.0000	      +inf
1779638676.208	 +100.0	 +10.0	 +5.0000	 -0.0000	      +inf
1779638676.308	 +100.0	 +10.0	 +5.0000	 -0.0000	      +inf
1779638676.408	 +100.0	 +10.0	 +5.0000	 -0.0000	      +inf
1779638676.508	 +100.0	 +10.0	 +5.0000	 -0.0000	      +inf
1779638676.608	 +100.0	 +10.0	 +5.0000	 -0.0000	      +inf
1779638676.708	 +100.0	 +10.0	 +5.0000	 -0.0000	      +inf
1779638676.808	 +100.0	 +10.0	 +5.0000	 -0.0000	      +inf
1779638676.908	 +100.0	 +10.0	 +5.0000	 -0.0000	      +inf
1779638677.008	 +100.0	 +10.0	 +5.0000	 -0.0000	      +inf
1779638677.108	 +100.0	 +10.0	 +5.0000	 -0.0000	      +inf
1779638677.208	 +100.0	 +10.0	 +5.0000	 -0.0000	      +inf
1779638677.308	 +100.0	 +10.0	 +5.0000	 -0.0000	      +inf
1779638677.408	 +100.0	 +10.0	 +5.0000	 -0.0000	      +inf
1779638677.508	 +100.0	 +10.0	 +5.0000	 -0.0000	      +inf
1779638677.608	 +100.0	 +10.0	 +5.0000	 -0.0000	      +inf
1779638677.708	 +100.0	 +10.0	 +5.0000	 -0.0000	      +inf
1779638677.808	 +100.0	 +10.0	 +5.0000	 -0.0000	      +inf
1779638677.908	 +100.0	 +10.0	 +5.0000	 -0.0000	      +inf
1779638678.008	 +100.0	 +10.0	 +5.0000	 -0.0000	      +inf
1779638678.108	 +100.0	 +10.0	 +5.0000	 -0.0000	      +inf
1779638678.208	 +100.0	 +10.0	 +5.0000	 -0.0000	      +inf
1779638678.308	 +100.0	 +10.0	 +5.0000	 -0.0000	      +inf
1779638678.408	 +100.0	 +10.0	 +5.0000	 -0.0000	      +inf
1779638678.508	 +100.0	 +10.0	 +5.0000	 -0.0000	      +inf
1779638678.608	 +100.0	 +10.0	 +5.0000	 -0.0000	      +inf
1779638678.708	 +100.0	 +10.0	 +5.0000	 -0.0000	      +inf
1779638678.808	 +100.0	 +10.0	 +5.0000	 -0.0000	      +inf
1779638678.908	 +100.0	 +10.0	 +5.0000	 -0.0000	      +inf
1779638679.008	 +100.0	 +10.0	 +5.0000	 -0.0000	      +inf
1779638679.108	 +100.0	 +10.0	 +5.0000	 -0.0000	      +inf
1779638679.208	 +100.0	 +10.0	 +5.0000	 -0.0000	      +inf
1779638679.308	 +100.0	 +10.0	 +5.0000	 -0.0000	      +inf
1779638679.408	 +100.0	 +10.0	 +5.0000	 -0.0000	      +inf
1779638679.508	 +100.0	 +10.0	 +5.0000	 -0.0000	      +inf
1779638679.608	 +100.0	 +10.0	 +5.0000	 -0.0000	      +inf
1779638679.708	 +100.0	 +10.0	 +5.0000	 -0.0000	      +inf
1779638679.808	 +100.0	 +10.0	 +5.0000	 -0.0000	      +inf
1779638679.908	 +100.0	 +10.0	 +5.0000	 -0.0000	      +inf
1779638680.008	 +100.0	 +10.0	 +5.0000	 -0.0000	      +inf
1779638680.108	 +100.0	 +10.0	 +5.0000	 -0.0000	      +inf
1779638680.208	 +100.0	 +10.0	 +5.0000	 -0.0000	      +inf
1779638680.308	 +100.0	 +10.0	 +5.0000	 -0.0000	      +inf
1779638680.408	 +100.0	 +10.0	 +5.0000	 -0.0000	      +inf
1779638680.508	 +100.0	 +10.0	 +5.0000	 -0.0000	      +inf
1779638680.608	 +100.0	 +10.0	 +5.0000	 -0.0000	      +inf
1779638680.708	 +100.0	 +10.0	 +5.0000	 -0.0000	      +inf
1779638680.808	 +100.0	 +10.0	 +5.0000	 -0.0000	      +inf
1779638680.909	 +100.0	 +10.0	 +5.0000	 -0.0000	      +inf
1779638681.008	 +100.0	 +10.0	 +5.0000	 -0.0000	      +inf
1779638681.108	 +100.0	 +10.0	 +5.0000	 -0.0000	      +inf
1779638681.208	 +100.0	 +10.0	 +5.0000	 -0.0000	      +inf
1779638681.308	 +100.0	 +10.0	 +5.0000	 -0.0000	      +inf
1779638681.408	 +100.0	 +10.0	 +5.0000	 -0.0000	      +inf
1779638681.508	 +100.0	 +10.0	 +5.0000	 -0.0000	      +inf
1779638681.608	 +100.0	 +10.0	 +5.0000	 -0.0000	      +inf
1779638681.708	 +100.0	 +10.0	 +5.0000	 -0.0000	      +inf
1779638681.808	 +100.0	 +10.0	 +5.0000	 -0.0000	      +inf
1779638681.908	 +100.0	 +10.0	 +5.0000	 -0.0000	      +inf
1779638682.008	 +100.0	 +10.0	 +5.0000	 -0.0000	      +inf
1779638682.108	 +100.0	 +10.0	 +5.0000	 -0.0000	      +inf
1779638682.208	 +100.0	 +10.0	 +5.0000	 -0.0000	      +inf
1779638682.308	 +100.0	 +10.0	 +5.0000	 -0.0000	      +inf
1779638682.408	 +100.0	 +10.0	 +5.0000	 -0.0000	      +inf
1779638682.508	 +100.0	 +10.0	 +5.0000	 -0.0000	      +inf
1779638682.608	 +100.0	 +10.0	 +5.0000	 -0.0000	      +inf
1779638682.708	 +100.0	 +10.0	 +5.0000	 -0.0000	      +inf
1779638682.808	 +100.0	 +10.0	 +5.0000	 -0.0000	      +inf
1779638682.908	 +100.0	 +10.0	 +5.0000	 -0.0000	      +inf
1779638683.008	 +100.0	 +10.0	 +5.0000	 -0.0000	      +inf
1779638683.108	 +100.0	 +10.0	 +5.0000	 -0.0000	      +inf
1779638683.208	 +100.0	 +10.0	 +5.0000	 -0.0000	      +inf
1779638683.308	 +100.0	 +10.0	 +5.0000	 -0.0000	      +inf
1779638683.408	 +100.0	 +10.0	 +5.0000	 -0.0000	      +inf
1779638683.508	 +100.0	 +10.0	 +5.0000	 -0.0000	      +inf
1779638683.608	 +100.0	 +10.0	 +5.0000	 -0.0000	      +inf
1779638683.708	 +100.0	 +10.0	 +5.0000	 -0.0000	      +inf
1779638683.808	 +100.0	 +10.0	 +5.0000	 -0.0000	      +inf
1779638683.908	 +100.0	 +10.0	 +5.0000	 -0.0000	      +inf
1779638684.008	 +100.0	 +10.0	 +5.0000	 -0.0000	      +inf
1779638684.108	 +100.0	 +10.0	 +5.0000	 -0.0000	      +inf
1779638684.208	 +100.0	 +10.0	 +5.0000	 -0.0000	      +inf
1779638684.308	 +100.0	 +10.0	 +5.0000	 -0.0000	      +inf
1779638684.408	 +100.0	 +10.0	 +5.0000	 -0.0000	      +inf
1779638684.508	 +100.0	 +10.0	 +5.0000	 -0.0000	      +inf
1779638684.608	 +100.0	 +10.0	 +5.0000	 -0.0000	      +inf
1779638684.708	 +100.0	 +10.0	 +5.0000	 -0.0000	      +inf
1779638684.808	 +100.0	 +10.0	 +5.0000	 -0.0000	      +inf
1779638684.908	 +100.0	 +10.0	 +5.0000	 -0.0000	      +inf
1779638685.008	 +100.0	 +10.0	 +5.0000	 -0.0000	      +inf
1779638685.108	 +100.0	 +10.0	 +5.0000	 -0.0000	      +inf
1779638685.208	 +100.0	 +10.0	 +5.0000	 -0.0000	      +inf
1779638685.308	 +100.0	 +10.0	 +5.0000	 -0.0000	      +inf
1779638685.408	 +100.0	 +10.0	 +5.0000	 -0.0000	      +inf
1779638685.508	 +100.0	 +10.0	 +5.0000	 -0.0000	      +inf
1779638685.608	 +100.0	 +10.0	 +5.0000	 -0.0000	      +inf
1779638685.708	 +100.0	 +10.0	 +5.0000	 -0.0000	      +inf
1779638685.808	 +100.0	 +10.0	 +5.0000	 -0.0000	      +inf
1779638685.908	 +100.0	 +10.0	 +5.0000	 -0.0000	      +inf
1779638686.008	 +100.0	 +10.0	 +5.0000	 -0.0000	      +inf
1779638686.108	 +100.0	 +10.0	 +5.0000	 -0.0000	      +inf
1779638686.208	 +100.0	 +10.0	 +5.0000	 -0.0000	      +inf
1779638686.308	 +100.0	 +10.0	 +5.0000	 -0.0000	      +inf
1779638686.408	 +100.0	 +10.0	 +5.0000	 -0.0000	      +inf
1779638686.508	 +100.0	 +10.0	 +5.0000	 -0.0000	      +inf
1779638686.608	 +100.0	 +10.0	 +5.0000	 -0.0000	      +inf
1779638686.708	 +100.0	 +10.0	 +5.0000	 -0.0000	      +inf
1779638686.808	 +100.0	 +10.0	 +5.0000	 -0.0000	      +inf
1779638686.908	 +100.0	 +10.0	 +5.0000	 -0.0000	      +inf
1779638687.008	 +100.0	 +10.0	 +5.0000	 -0.0000	      +inf
1779638687.108	 +100.0	 +10.0	 +5.0000	 -0.0000	      +inf
1779638687.208	 +100.0	 +10.0	 +5.0000	 -0.0000	      +inf
1779638687.308	 +100.0	 +10.0	 +5.0000	 -0.0000	      +inf
1779638687.408	 +100.0	 +10.0	 +5.0000	 -0.0000	      +inf
1779638687.508	 +100.0	 +10.0	 +5.0000	 -0.0000	      +inf
1779638687.608	 +100.0	 +10.0	 +5.0000	 -0.0000	      +inf
1779638687.708	 +100.0	 +10.0	 +5.0000	 -0.0000	      +inf
1779638687.808	 +100.0	 +10.0	 +5.0000	 -0.0000	      +inf
1779638687.908	 +100.0	 +10.0	 +5.0000	 -0.0000	      +inf
1779638688.008	 +100.0	 +10.0	 +5.0000	 -0.0000	      +inf
1779638688.108	 +100.0	 +10.0	 +5.0000	 -0.0000	      +inf
1779638688.208	 +100.0	 +10.0	 +5.0000	 -0.0000	      +inf
1779638688.308	 +100.0	 +10.0	 +5.0000	 -0.0000	      +inf
1779638688.408	 +100.0	 +10.0	 +5.0000	 -0.0000	      +inf
1779638688.508	 +100.0	 +10.0	 +5.0000	 -0.0000	      +inf
1779638688.608	 +100.0	 +10.0	 +5.0000	 -0.0000	      +inf
1779638688.708	 +100.0	 +10.0	 +5.0000	 -0.0000	      +inf
1779638688.808	 +100.0	 +10.0	 +5.0000	 -0.0000	      +inf
1779638688.908	 +100.0	 +10.0	 +5.0000	 -0.0000	      +inf
1779638689.008	 +100.0	 +10.0	 +5.0000	 -0.0000	      +inf
1779638689.108	 +100.0	 +10.0	 +5.0000	 -0.0000	      +inf
1779638689.208	 +100.0	 +10.0	 +5.0000	 -0.0000	      +inf
1779638689.308	 +100.0	 +10.0	 +5.0000	 -0.0000	      +inf
1779638689.408	 +100.0	 +10.0	 +5.0000	 -0.0000	      +inf
1779638689.508	 +100.0	 +10.0	 +5.0000	 -0.0000	      +inf
1779638689.608	 +100.0	 +10.0	 +5.0000	 -0.0000	      +inf
1779638689.708	 +100.0	 +10.0	 +5.0000	 -0.0000	      +inf
1779638689.808	 +100.0	 +10.0	 +5.0000	 -0.0000	      +inf
1779638689.908	 +100.0	 +10.0	 +5.0000	 -0.0000	      +inf
1779638690.008	 +100.0	 +10.0	 +5.0000	 -0.0000	      +inf
1779638690.108	 +100.0	 +10.0	 +5.0000	 -0.0000	      +inf
1779638690.208	 +100.0	 +10.0	 +5.0000	 -0.0000	      +inf
1779638690.308	 +100.0	 +10.0	 +5.0000	 -0.0000	      +inf
1779638690.408	 +100.0	 +10.0	 +5.0000	 -0.0000	      +inf
1779638690.508	 +100.0	 +10.0	 +5.0000	 -0.0000	      +inf
1779638690.608	 +100.0	 +10.0	 +5.0000	 -0.0000	      +inf
1779638690.708	 +100.0	 +10.0	 +5.0000	 -0.0000	      +inf
1779638690.808	 +100.0	 +10.0	 +5.0000	 -0.0000	      +inf
1779638690.908	 +100.0	 +10.0	 +5.0000	 -0.0000	      +inf
1779638691.008	 +100.0	 +10.0	 +5.0000	 -0.0000	      +inf
1779638691.108	 +100.0	 +10.0	 +5.0000	 -0.0000	      +inf
1779638691.208	 +100.0	 +10.0	 +5.0000	 -0.0000	      +inf
1779638691.308	 +100.0	 +10.0	 +5.0000	 -0.0000	      +inf
1779638691.408	 +100.0	 +10.0	 +5.0000	 -0.0000	      +inf
1779638691.508	 +100.0	 +10.0	 +5.0000	 -0.0000	      +inf
1779638691.608	 +100.0	 +10.0	 +5.0000	 -0.0000	      +inf
1779638691.708	 +100.0	 +10.0	 +5.0000	 -0.0000	      +inf
1779638691.808	 +100.0	 +10.0	 +5.0000	 -0.0000	      +inf
1779638691.908	 +100.0	 +10.0	 +5.0000	 -0.0000	      +inf
1779638692.008	 +100.0	 +10.0	 +5.0000	 -0.0000	      +inf
1779638692.108	 +100.0	 +10.0	 +5.0000	 -0.0000	      +inf
1779638692.208	 +100.0	 +10.0	 +5.0000	 -0.0000	      +inf
1779638692.308	 +100.0	 +10.0	 +5.0000	 -0.0000	      +inf
1779638692.408	 +100.0	 +10.0	 +5.0000	 -0.0000	      +inf
1779638692.508	 +100.0	 +10.0	 +5.0000	 -0.0000	      +inf
1779638692.608	 +100.0	 +10.0	 +5.0000	 -0.0000	      +inf
1779638692.708	 +100.0	 +10.0	 +5.0000	 -0.0000	      +inf
1779638692.808	 +100.0	 +10.0	 +5.0000	 -0.0000	      +inf
1779638692.908	 +100.0	 +10.0	 +5.0000	 -0.0000	      +inf
1779638693.008	 +100.0	 +10.0	 +5.0000	 -0.0000	      +inf
1779638693.108	 +100.0	 +10.0	 +5.0000	 -0.0000	      +inf
1779638693.208	 +100.0	 +10.0	 +5.0000	 -0.0000	      +inf
1779638693.308	 +100.0	 +10.0	 +5.0000	 -0.0000	      +inf
1779638693.408	 +100.0	 +10.0	 +5.0000	 -0.0000	      +inf
1779638693.508	 +100.0	 +10.0	 +5.0000	 -0.0000	      +inf
1779638693.608	 +100.0	 +10.0	 +5.0000	 -0.0000	      +inf
1779638693.708	 +100.0	 +10.0	 +5.0000	 -0.0000	      +inf
1779638693.808	 +100.0	 +10.0	 +5.0000	 -0.0000	      +inf
1779638693.908	 +100.0	 +10.0	 +5.0000	 -0.0000	      +inf
1779638694.008	 +100.0	 +10.0	 +5.0000	 -0.0000	      +inf
1779638694.108	 +100.0	 +10.0	 +5.0000	 -0.0000	      +inf
1779638694.208	 +100.0	 +10.0	 +5.0000	 -0.0000	      +inf
1779638694.308	 +100.0	 +10.0	 +5.0000	 -0.0000	      +inf
1779638694.408	 +100.0	 +10.0	 +5.0000	 -0.0000	      +inf
1779638694.508	 +100.0	 +10.0	 +5.0000	 -0.0000	      +inf
1779638694.608	 +100.0	 +10.0	 +5.0000	 -0.0000	      +inf
1779638694.708	 +100.0	 +10.0	 +5.0000	 -0.0000	      +inf
1779638694.808	 +100.0	 +10.0	 +5.0000	 -0.0000	      +inf
1779638694.908	 +100.0	 +10.0	 +5.0000	 -0.0000	      +inf
1779638695.008	 +100.0	 +10.0	 +5.0000	 -0.0000	      +inf
1779638695.108	 +100.0	 +10.0	 +5.0000	 -0.0000	      +inf
1779638695.208	 +100.0	 +10.0	 +5.0000	 -0.0000	      +inf
1779638695.308	 +100.0	 +10.0	 +5.0000	 -0.0000	      +inf
1779638695.408	 +100.0	 +10.0	 +5.0000	 -0.0000	      +inf
1779638695.508	 +100.0	 +10.0	 +5.0000	 -0.0000	      +inf
1779638695.608	 +100.0	 +10.0	 +5.0000	 -0.0000	      +inf
1779638695.708	 +100.0	 +10.0	 +5.0000	 -0.0000	      +inf
1779638695.808	 +100.0	 +10.0	 +5.0000	 -0.0000	      +inf
1779638695.908	 +100.0	 +10.0	 +5.0000	 -0.0000	      +inf
1779638696.008	 +100.0	 +10.0	 +5.0000	 -0.0000	      +inf
1779638696.108	 +100.0	 +10.0	 +5.0000	 -0.0000	      +inf
1779638696.208	 +100.0	 +10.0	 +5.0000	 -0.0000	      +inf
1779638696.308	 +100.0	 +10.0	 +5.0000	 -0.0000	      +inf
1779638696.408	 +100.0	 +10.0	 +5.0000	 -0.0000	      +inf
1779638696.508	 +100.0	 +10.0	 +5.0000	 -0.0000	      +inf
1779638696.608	 +100.0	 +10.0	 +5.0000	 -0.0000	      +inf
1779638696.708	 +100.0	 +10.0	 +5.0000	 -0.0000	      +inf
1779638696.808	 +100.0	 +10.0	 +5.0000	 -0.0000	      +inf
1779638696.908	 +100.0	 +10.0	 +5.0000	 -0.0000	      +inf
1779638697.008	 +100.0	 +10.0	 +5.0000	 -0.0000	      +inf
1779638697.108	 +100.0	 +10.0	 +5.0000	 -0.0000	      +inf
1779638697.208	 +100.0	 +10.0	 +5.0000	 -0.0000	      +inf
1779638697.308	 +100.0	 +10.0	 +5.0000	 -0.0000	      +inf
1779638697.408	 +100.0	 +10.0	 +5.0000	 -0.0000	      +inf
1779638697.508	 +100.0	 +10.0	 +5.0000	 -0.0000	      +inf
1779638697.608	 +100.0	 +10.0	 +5.0000	 -0.0000	      +inf
1779638697.708	 +100.0	 +10.0	 +5.0000	 -0.0000	      +inf
1779638697.808	 +100.0	 +10.0	 +5.0000	 -0.0000	      +inf
1779638697.908	 +100.0	 +10.0	 +5.0000	 -0.0000	      +inf
1779638698.008	 +100.0	 +10.0	 +5.0000	 -0.0000	      +inf
1779638698.108	 +100.0	 +10.0	 +5.0000	 -0.0000	      +inf
1779638698.208	 +100.0	 +10.0	 +5.0000	 -0.0000	      +inf
1779638698.308	 +100.0	 +10.0	 +5.0000	 -0.0000	      +inf
1779638698.408	 +100.0	 +10.0	 +5.0000	 -0.0000	      +inf
1779638698.508	 +100.0	 +10.0	 +5.0000	 -0.0000	      +inf
1779638698.608	 +100.0	 +10.0	 +5.0000	 -0.0000	      +inf
1779638698.708	 +100.0	 +10.0	 +5.0000	 -0.0000	      +inf
1779638698.808	 +100.0	 +10.0	 +5.0000	 -0.0000	      +inf
1779638698.908	 +100.0	 +10.0	 +5.0000	 -0.0000	      +inf
1779638699.008	 +100.0	 +10.0	 +5.0000	 -0.0000	      +inf
1779638699.108	 +100.0	 +10.0	 +5.0000	 -0.0000	      +inf
1779638699.208	 +100.0	 +10.0	 +5.0000	 -0.0000	      +inf
1779638699.308	 +100.0	 +10.0	 +5.0000	 -0.0000	      +inf
1779638699.408	 +100.0	 +10.0	 +5.0000	 -0.0000	      +inf
1779638699.508	 +100.0	 +10.0	 +5.0000	 -0.0000	      +inf
1779638699.608	 +100.0	 +10.0	 +5.0000	 -0.0000	      +inf
1779638699.708	 +100.0	 +10.0	 +5.0000	 -0.0000	      +inf
1779638699.808	 +100.0	 +10.0	 +5.0000	 -0.0000	      +inf
1779638699.908	 +100.0	 +10.0	 +5.0000	 -0.0000	      +inf
1779638700.008	 +100.0	 +10.0	 +5.0000	 -0.0000	      +inf
1779638700.108	 +100.0	 +10.0	 +5.0000	 -0.0000	      +inf
1779638700.208	 +100.0	 +10.0	 +5.0000	 -0.0000	      +inf
1779638700.308	 +100.0	 +10.0	 +5.0000	 -0.0000	      +inf
1779638700.408	 +100.0	 +10.0	 +5.0000	 -0.0000	      +inf
1779638700.508	 +100.0	 +10.0	 +5.0000	 -0.0000	      +inf
1779638700.608	 +100.0	 +10.0	 +5.0000	 -0.0000	      +inf
1779638700.708	 +100.0	 +10.0	 +5.0000	 -0.0000	      +inf
1779638700.808	 +100.0	 +10.0	 +5.0000	 -0.0000	      +inf
1779638700.908	 +100.0	 +10.0	 +5.0000	 -0.0000	      +inf
1779638701.008	 +100.0	 +10.0	 +5.0000	 -0.0000	      +inf
1779638701.108	 +100.0	 +10.0	 +5.0000	 -0.0000	      +inf
1779638701.208	 +100.0	 +10.0	 +5.0000	 -0.0000	      +inf
1779638701.308	 +100.0	 +10.0	 +5.0000	 -0.0000	      +inf
1779638701.408	 +100.0	 +10.0	 +5.0000	 -0.0000	      +inf
1779638701.508	 +100.0	 +10.0	 +5.0000	 -0.0000	      +inf
1779638701.608	 +100.0	 +10.0	 +5.0000	 -0.0000	      +inf
1779638701.708	 +100.0	 +10.0	 +5.0000	 -0.0000	      +inf
1779638701.808	 +100.0	 +10.0	 +5.0000	 -0.0000	      +inf
1779638701.908	 +100.0	 +10.0	 +5.0000	 -0.0000	      +inf
1779638702.008	 +100.0	 +10.0	 +5.0000	 -0.0000	      +inf
1779638702.108	 +100.0	 +10.0	 +5.0000	 -0.0000	      +inf
1779638702.208	 +100.0	 +10.0	 +5.0000	 -0.0000	      +inf
1779638702.308	 +100.0	 +10.0	 +5.0000	 -0.0000	      +inf
1779638702.408	 +100.0	 +10.0	 +5.0000	 -0.0000	      +inf
1779638702.508	 +100.0	 +10.0	 +5.0000	 -0.0000	      +inf
1779638702.608	 +100.0	 +10.0	 +5.0000	 -0.0000	      +inf
1779638702.708	 +100.0	 +10.0	 +5.0000	 -0.0000	      +inf
1779638702.808	 +100.0	 +10.0	 +5.0000	 -0.0000	      +inf
1779638702.908	 +100.0	 +10.0	 +5.0000	 -0.0000	      +inf
1779638703.008	 +100.0	 +10.0	 +5.0000	 -0.0000	      +inf
1779638703.108	 +100.0	 +10.0	 +5.0000	 -0.0000	      +inf
1779638703.208	 +100.0	 +10.0	 +5.0000	 -0.0000	      +inf
1779638703.308	 +100.0	 +10.0	 +5.0000	 -0.0000	      +inf
1779638703.408	 +100.0	 +10.0	 +5.0000	 -0.0000	      +inf
1779638703.508	 +100.0	 +10.0	 +5.0000	 -0.0000	      +inf
1779638703.608	 +100.0	 +10.0	 +5.0000	 -0.0000	      +inf
1779638703.708	 +100.0	 +10.0	 +5.0000	 -0.0000	      +inf
1779638703.808	 +100.0	 +10.0	 +5.0000	 -0.0000	      +inf
1779638703.908	 +100.0	 +10.0	 +5.0000	 -0.0000	      +inf
1779638704.008	 +100.0	 +10.0	 +5.0000	 -0.0000	      +inf
1779638704.108	 +100.0	 +10.0	 +5.0000	 -0.0000	      +inf
1779638704.208	 +100.0	 +10.0	 +5.0000	 -0.0000	      +inf
1779638704.308	 +100.0	 +10.0	 +5.0000	 -0.0000	      +inf
1779638704.408	 +100.0	 +10.0	 +5.0000	 -0.0000	      +inf
1779638708.014	 +100.0	 +10.0	 +5.0000	 -0.0000	      +inf
1779638708.108	 +100.0	 +10.0	 +5.0000	 -0.0000	      +inf
1779638708.208	 +100.0	 +10.0	 +5.0000	 -0.0000	      +inf
1779638708.308	 +100.0	 +10.0	 +5.0000	 -0.0000	      +inf
1779638708.408	 +100.0	 +10.0	 +5.0000	 -0.0000	      +inf
1779638708.508	 +100.0	 +10.0	 +5.0000	 -0.0000	      +inf
1779638708.608	 +100.0	 +10.0	 +5.0000	 -0.0000	      +inf
1779638708.708	 +100.0	 +10.0	 +5.0000	 -0.0000	      +inf
1779638708.808	 +100.0	 +10.0	 +5.0000	 -0.0000	      +inf
1779638708.908	 +100.0	 +10.0	 +5.0000	 -0.0000	      +inf
1779638709.008	 +100.0	 +10.0	 +5.0000	 -0.0000	      +inf
1779638709.108	 +100.0	 +10.0	 +5.0000	 -0.0000	      +inf
1779638709.208	 +100.0	 +10.0	 +5.0000	 -0.0000	      +inf
1779638709.308	 +100.0	 +10.0	 +5.0000	 -0.0000	      +inf
1779638709.408	 +100.0	 +10.0	 +5.0000	 -0.0000	      +inf
1779638709.508	 +100.0	 +10.0	 +5.0000	 -0.0000	      +inf
1779638709.608	 +100.0	 +10.0	 +5.0000	 -0.0000	      +inf
1779638709.708	 +100.0	 +10.0	 +5.0000	 -0.0000	      +inf
1779638709.808	 +100.0	 +10.0	 +5.0000	 -0.0000	      +inf
1779638709.908	 +100.0	 +10.0	 +5.0000	 -0.0000	      +inf
1779638710.008	 +100.0	 +10.0	 +5.0000	 -0.0000	      +inf
1779638710.108	 +100.0	 +10.0	 +5.0000	 -0.0000	      +inf
1779638710.208	 +100.0	 +10.0	 +5.0000	 -0.0000	      +inf
1779638710.308	 +100.0	 +10.0	 +5.0000	 -0.0000	      +inf
1779638710.408	 +100.0	 +10.0	 +5.0000	 -0.0000	      +inf
1779638710.508	 +100.0	 +10.0	 +5.0000	 -0.0000	      +inf
1779638710.608	 +100.0	 +10.0	 +5.0000	 -0.0000	      +inf
1779638710.708	 +100.0	 +10.0	 +5.0000	 -0.0000	      +inf
1779638710.808	 +100.0	 +10.0	 +5.0000	 -0.0000	      +inf
1779638710.908	 +100.0	 +10.0	 +5.0000	 -0.0000	      +inf
1779638711.008	 +100.0	 +10.0	 +5.0000	 -0.0000	      +inf
1779638711.108	 +100.0	 +10.0	 +5.0000	 -0.0000	      +inf
1779638711.208	 +100.0	 +10.0	 +5.0000	 -0.0000	      +inf
1779638711.308	 +100.0	 +10.0	 +5.0000	 -0.0000	      +inf
1779638711.408	 +100.0	 +10.0	 +5.0000	 -0.0000	      +inf
1779638711.508	 +100.0	 +10.0	 +5.0000	 -0.0000	      +inf
1779638711.608	 +100.0	 +10.0	 +5.0000	 -0.0000	      +inf
1779638711.708	 +100.0	 +10.0	 +5.0000	 -0.0000	      +inf
1779638711.808	 +100.0	 +10.0	 +5.0000	 -0.0000	      +inf
1779638711.908	 +100.0	 +10.0	 +5.0000	 -0.0000	      +inf
1779638712.008	 +100.0	 +10.0	 +5.0000	 -0.0000	      +inf
1779638712.108	 +100.0	 +10.0	 +5.0000	 -0.0000	      +inf
1779638712.208	 +100.0	 +10.0	 +5.0000	 -0.0000	      +inf
1779638712.308	 +100.0	 +10.0	 +5.0000	 -0.0000	      +inf
1779638712.408	 +100.0	 +10.0	 +5.0000	 -0.0000	      +inf
1779638712.508	 +100.0	 +10.0	 +5.0000	 -0.0000	      +inf
1779638712.608	 +100.0	 +10.0	 +5.0000	 -0.0000	      +inf
1779638712.708	 +100.0	 +10.0	 +5.0000	 -0.0000	      +inf
1779638712.808	 +100.0	 +10.0	 +5.0000	 -0.0000	      +inf
1779638712.908	 +100.0	 +10.0	 +5.0000	 -0.0000	      +inf
1779638713.008	 +100.0	 +10.0	 +5.0000	 -0.0000	      +inf
1779638713.108	 +100.0	 +10.0	 +5.0000	 -0.0000	      +inf
1779638713.208	 +100.0	 +10.0	 +5.0000	 -0.0000	      +inf
1779638713.308	 +100.0	 +10.0	 +5.0000	 -0.0000	      +inf
1779638713.408	 +100.0	 +10.0	 +5.0000	 -0.0000	      +inf
1779638713.508	 +100.0	 +10.0	 +5.0000	 -0.0000	      +inf
1779638713.608	 +100.0	 +10.0	 +5.0000	 -0.0000	      +inf
1779638713.708	 +100.0	 +10.0	 +5.0000	 -0.0000	      +inf
1779638713.808	 +100.0	 +10.0	 +5.0000	 -0.0000	      +inf
1779638713.908	 +100.0	 +10.0	 +5.0000	 -0.0000	      +inf
1779638714.008	 +100.0	 +10.0	 +5.0000	 -0.0000	      +inf
1779638714.108	 +100.0	 +10.0	 +5.0000	 -0.0000	      +inf
1779638714.208	 +100.0	 +10.0	 +5.0000	 -0.0000	      +inf
1779638714.308	 +100.0	 +10.0	 +5.0000	 -0.0000	      +inf
1779638714.408	 +100.0	 +10.0	 +5.0000	 -0.0000	      +inf
1779638714.508	 +100.0	 +10.0	 +5.0000	 -0.0000	      +inf
1779638714.608	 +100.0	 +10.0	 +5.0000	 -0.0000	      +inf
1779638714.708	 +100.0	 +10.0	 +5.0000	 -0.0000	      +inf
1779638714.808	 +100.0	 +10.0	 +5.0000	 -0.0000	      +inf
1779638714.908	 +100.0	 +10.0	 +5.0000	 -0.0000	      +inf
1779638715.008	 +100.0	 +10.0	 +5.0000	 -0.0000	      +inf
1779638715.108	 +100.0	 +10.0	 +5.0000	 -0.0000	      +inf
1779638715.208	 +100.0	 +10.0	 +5.0000	 -0.0000	      +inf
1779638715.308	 +100.0	 +10.0	 +5.0000	 -0.0000	      +inf
1779638715.408	 +100.0	 +10.0	 +5.0000	 -0.0000	      +inf
1779638715.508	 +100.0	 +10.0	 +5.0000	 -0.0000	      +inf
1779638715.608	 +100.0	 +10.0	 +5.0000	 -0.0000	      +inf
1779638715.708	 +100.0	 +10.0	 +5.0000	 -0.0000	      +inf
1779638715.808	 +100.0	 +10.0	 +5.0000	 -0.0000	      +inf
1779638715.908	 +100.0	 +10.0	 +5.0000	 -0.0000	      +inf
1779638716.008	 +100.0	 +10.0	 +5.0000	 -0.0000	      +inf
1779638716.108	 +100.0	 +10.0	 +5.0000	 -0.0000	      +inf
1779638716.208	 +100.0	 +10.0	 +5.0000	 -0.0000	      +inf
1779638716.308	 +100.0	 +10.0	 +5.0000	 -0.0000	      +inf
1779638716.408	 +100.0	 +10.0	 +5.0000	 -0.0000	      +inf
1779638716.508	 +100.0	 +10.0	 +5.0000	 -0.0000	      +inf
1779638716.608	 +100.0	 +10.0	 +5.0000	 -0.0000	      +inf
1779638716.708	 +100.0	 +10.0	 +5.0000	 -0.0000	      +inf
1779638716.808	 +100.0	 +10.0	 +5.0000	 -0.0000	      +inf
1779638716.908	 +100.0	 +10.0	 +5.0000	 -0.0000	      +inf
1779638717.008	 +100.0	 +10.0	 +5.0000	 -0.0000	      +inf
1779638717.108	 +100.0	 +10.0	 +5.0000	 -0.0000	      +inf
1779638717.208	 +100.0	 +10.0	 +5.0000	 -0.0000	      +inf
1779638717.308	 +100.0	 +10.0	 +5.0000	 -0.0000	      +inf
1779638717.408	 +100.0	 +10.0	 +5.0000	 -0.0000	      +inf
1779638717.508	 +100.0	 +10.0	 +5.0000	 -0.0000	      +inf
1779638717.608	 +100.0	 +10.0	 +5.0000	 -0.0000	      +inf
1779638717.708	 +100.0	 +10.0	 +5.0000	 -0.0000	      +inf
1779638717.808	 +100.0	 +10.0	 +5.0000	 -0.0000	      +inf
1779638717.908	 +100.0	 +10.0	 +5.0000	 -0.0000	      +inf
1779638718.008	 +100.0	 +10.0	 +5.0000	 -0.0000	      +inf
1779638718.108	 +100.0	 +10.0	 +5.0000	 -0.0000	      +inf
1779638718.208	 +100.0	 +10.0	 +5.0000	 -0.0000	      +inf
1779638718.308	 +100.0	 +10.0	 +5.0000	 -0.0000	      +inf
1779638718.408	 +100.0	 +10.0	 +5.0000	 -0.0000	      +inf
1779638718.508	 +100.0	 +10.0	 +5.0000	 -0.0000	      +inf
1779638718.608	 +100.0	 +10.0	 +5.0000	 -0.0000	      +inf
1779638718.708	 +100.0	 +10.0	 +5.0000	 -0.0000	      +inf
1779638718.808	 +100.0	 +10.0	 +5.0000	 -0.0000	      +inf
1779638718.908	 +100.0	 +10.0	 +5.0000	 -0.0000	      +inf
1779638719.008	 +100.0	 +10.0	 +5.0000	 -0.0000	      +inf
1779638719.108	 +100.0	 +10.0	 +5.0000	 -0.0000	      +inf
1779638719.208	 +100.0	 +10.0	 +5.0000	 -0.0000	      +inf
1779638719.308	 +100.0	 +10.0	 +5.0000	 -0.0000	      +inf
1779638719.408	 +100.0	 +10.0	 +5.0000	 -0.0000	      +inf
1779638719.508	 +100.0	 +10.0	 +5.0000	 -0.0000	      +inf
1779638719.608	 +100.0	 +10.0	 +5.0000	 -0.0000	      +inf
1779638719.708	 +100.0	 +10.0	 +5.0000	 -0.0000	      +inf
1779638719.808	 +100.0	 +10.0	 +5.0000	 -0.0000	      +inf
1779638719.908	 +100.0	 +10.0	 +5.0000	 -0.0000	      +inf
1779638720.009	 +100.0	 +10.0	 +5.0000	 -0.0000	      +inf
1779638720.108	 +100.0	 +10.0	 +5.0000	 -0.0000	      +inf
1779638720.208	 +100.0	 +10.0	 +5.0000	 -0.0000	      +inf
1779638720.308	 +100.0	 +10.0	 +5.0000	 -0.0000	      +inf
1779638720.408	 +100.0	 +10.0	 +5.0000	 -0.0000	      +inf
1779638720.508	 +100.0	 +10.0	 +5.0000	 -0.0000	      +inf
1779638720.608	 +100.0	 +10.0	 +5.0000	 -0.0000	      +inf
1779638720.708	 +100.0	 +10.0	 +5.0000	 -0.0000	      +inf
1779638720.808	 +100.0	 +10.0	 +5.0000	 -0.0000	      +inf
1779638720.908	 +100.0	 +10.0	 +5.0000	 -0.0000	      +inf
1779638721.008	 +100.0	 +10.0	 +5.0000	 -0.0000	      +inf
1779638721.108	 +100.0	 +10.0	 +5.0000	 -0.0000	      +inf
1779638721.208	 +100.0	 +10.0	 +5.0000	 -0.0000	      +inf
1779638721.308	 +100.0	 +10.0	 +5.0000	 -0.0000	      +inf
1779638721.408	 +100.0	 +10.0	 +5.0000	 -0.0000	      +inf
1779638721.508	 +100.0	 +10.0	 +5.0000	 -0.0000	      +inf
1779638721.608	 +100.0	 +10.0	 +5.0000	 -0.0000	      +inf
1779638721.708	 +100.0	 +10.0	 +5.0000	 -0.0000	      +inf
1779638721.808	 +100.0	 +10.0	 +5.0000	 -0.0000	      +inf
1779638721.908	 +100.0	 +10.0	 +5.0000	 -0.0000	      +inf
1779638722.008	 +100.0	 +10.0	 +5.0000	 -0.0000	      +inf
1779638722.108	 +100.0	 +10.0	 +5.0000	 -0.0000	      +inf
1779638722.208	 +100.0	 +10.0	 +5.0000	 -0.0000	      +inf
1779638722.308	 +100.0	 +10.0	 +5.0000	 -0.0000	      +inf
1779638722.408	 +100.0	 +10.0	 +5.0000	 -0.0000	      +inf
1779638722.508	 +100.0	 +10.0	 +5.0000	 -0.0000	      +inf
1779638722.608	 +100.0	 +10.0	 +5.0000	 -0.0000	      +inf
1779638722.708	 +100.0	 +10.0	 +5.0000	 -0.0000	      +inf
1779638722.808	 +100.0	 +10.0	 +5.0000	 -0.0000	      +inf
1779638722.908	 +100.0	 +10.0	 +5.0000	 -0.0000	      +inf
1779638723.008	 +100.0	 +10.0	 +5.0000	 -0.0000	      +inf
1779638723.108	 +100.0	 +10.0	 +5.0000	 -0.0000	      +inf
1779638723.208	 +100.0	 +10.0	 +5.0000	 -0.0000	      +inf
1779638723.308	 +100.0	 +10.0	 +5.0000	 -0.0000	      +inf
1779638723.408	 +100.0	 +10.0	 +5.0000	 -0.0000	      +inf
1779638723.508	 +100.0	 +10.0	 +5.0000	 -0.0000	      +inf
1779638723.608	 +100.0	 +10.0	 +5.0000	 -0.0000	      +inf
1779638723.708	 +100.0	 +10.0	 +5.0000	 -0.0000	      +inf
1779638723.808	 +100.0	 +10.0	 +5.0000	 -0.0000	      +inf
1779638723.908	 +100.0	 +10.0	 +5.0000	 -0.0000	      +inf
1779638724.008	 +100.0	 +10.0	 +5.0000	 -0.0000	      +inf
1779638724.108	 +100.0	 +10.0	 +5.0000	 -0.0000	      +inf
1779638724.208	 +100.0	 +10.0	 +5.0000	 -0.0000	      +inf
1779638724.308	 +100.0	 +10.0	 +5.0000	 -0.0000	      +inf
1779638724.408	 +100.0	 +10.0	 +5.0000	 -0.0000	      +inf
1779638724.508	 +100.0	 +10.0	 +5.0000	 -0.0000	      +inf
1779638724.608	 +100.0	 +10.0	 +5.0000	 -0.0000	      +inf
1779638724.708	 +100.0	 +10.0	 +5.0000	 -0.0000	      +inf
1779638724.808	 +100.0	 +10.0	 +5.0000	 -0.0000	      +inf
1779638724.908	 +100.0	 +10.0	 +5.0000	 -0.0000	      +inf
1779638725.008	 +100.0	 +10.0	 +5.0000	 -0.0000	      +inf
1779638725.108	 +100.0	 +10.0	 +5.0000	 -0.0000	      +inf
1779638725.208	 +100.0	 +10.0	 +5.0000	 -0.0000	      +inf
1779638725.308	 +100.0	 +10.0	 +5.0000	 -0.0000	      +inf
1779638725.408	 +100.0	 +10.0	 +5.0000	 -0.0000	      +inf
1779638725.508	 +100.0	 +10.0	 +5.0000	 -0.0000	      +inf
1779638725.608	 +100.0	 +10.0	 +5.0000	 -0.0000	      +inf
1779638725.708	 +100.0	 +10.0	 +5.0000	 -0.0000	      +inf
1779638725.808	 +100.0	 +10.0	 +5.0000	 -0.0000	      +inf
1779638725.908	 +100.0	 +10.0	 +5.0000	 -0.0000	      +inf
1779638726.008	 +100.0	 +10.0	 +5.0000	 -0.0000	      +inf
1779638726.108	 +100.0	 +10.0	 +5.0000	 -0.0000	      +inf
1779638726.208	 +100.0	 +10.0	 +5.0000	 -0.0000	      +inf
1779638726.308	 +100.0	 +10.0	 +5.0000	 -0.0000	      +inf
1779638726.408	 +100.0	 +10.0	 +5.0000	 -0.0000	      +inf
1779638726.508	 +100.0	 +10.0	 +5.0000	 -0.0000	      +inf
1779638726.608	 +100.0	 +10.0	 +5.0000	 -0.0000	      +inf
1779638726.708	 +100.0	 +10.0	 +5.0000	 -0.0000	      +inf
1779638726.808	 +100.0	 +10.0	 +5.0000	 -0.0000	      +inf
1779638726.908	 +100.0	 +10.0	 +5.0000	 -0.0000	      +inf
1779638727.008	 +100.0	 +10.0	 +5.0000	 -0.0000	      +inf
1779638727.108	 +100.0	 +10.0	 +5.0000	 -0.0000	      +inf
1779638727.208	 +100.0	 +10.0	 +5.0000	 -0.0000	      +inf
1779638727.308	 +100.0	 +10.0	 +5.0000	 -0.0000	      +inf
1779638727.408	 +100.0	 +10.0	 +5.0000	 -0.0000	      +inf
1779638727.508	 +100.0	 +10.0	 +5.0000	 -0.0000	      +inf
1779638727.608	 +100.0	 +10.0	 +5.0000	 -0.0000	      +inf
1779638727.708	 +100.0	 +10.0	 +5.0000	 -0.0000	      +inf
1779638727.808	 +100.0	 +10.0	 +5.0000	 -0.0000	      +inf
1779638727.908	 +100.0	 +10.0	 +5.0000	 -0.0000	      +inf
1779638728.008	 +100.0	 +10.0	 +5.0000	 -0.0000	      +inf
1779638728.108	 +100.0	 +10.0	 +5.0000	 -0.0000	      +inf
1779638728.208	 +100.0	 +10.0	 +5.0000	 -0.0000	      +inf
1779638728.308	 +100.0	 +10.0	 +5.0000	 -0.0000	      +inf
1779638728.408	 +100.0	 +10.0	 +5.0000	 -0.0000	      +inf
1779638728.508	 +100.0	 +10.0	 +5.0000	 -0.0000	      +inf
1779638728.608	 +100.0	 +10.0	 +5.0000	 -0.0000	      +inf
1779638728.708	 +100.0	 +10.0	 +5.0000	 -0.0000	      +inf
1779638728.808	 +100.0	 +10.0	 +5.0000	 -0.0000	      +inf
1779638728.908	 +100.0	 +10.0	 +5.0000	 -0.0000	      +inf
1779638729.008	 +100.0	 +10.0	 +5.0000	 -0.0000	      +inf
1779638729.108	 +100.0	 +10.0	 +5.0000	 -0.0000	      +inf
1779638729.208	 +100.0	 +10.0	 +5.0000	 -0.0000	      +inf
1779638729.308	 +100.0	 +10.0	 +5.0000	 -0.0000	      +inf
1779638729.408	 +100.0	 +10.0	 +5.0000	 -0.0000	      +inf
1779638729.508	 +100.0	 +10.0	 +5.0000	 -0.0000	      +inf
1779638729.608	 +100.0	 +10.0	 +5.0000	 -0.0000	      +inf
1779638729.708	 +100.0	 +10.0	 +5.0000	 -0.0000	      +inf
1779638729.808	 +100.0	 +10.0	 +5.0000	 -0.0000	      +inf
1779638729.908	 +100.0	 +10.0	 +5.0000	 -0.0000	      +inf
1779638730.008	 +100.0	 +10.0	 +5.0000	 -0.0000	      +inf
1779638730.108	 +100.0	 +10.0	 +5.0000	 -0.0000	      +inf
1779638730.208	 +100.0	 +10.0	 +5.0000	 -0.0000	      +inf
1779638730.308	 +100.0	 +10.0	 +5.0000	 -0.0000	      +inf
1779638730.408	 +100.0	 +10.0	 +5.0000	 -0.0000	      +inf
1779638730.508	 +100.0	 +10.0	 +5.0000	 -0.0000	      +inf
1779638730.608	 +100.0	 +10.0	 +5.0000	 -0.0000	      +inf
1779638730.708	 +100.0	 +10.0	 +5.0000	 -0.0000	      +inf
1779638730.808	 +100.0	 +10.0	 +5.0000	 -0.0000	      +inf
1779638730.908	 +100.0	 +10.0	 +5.0000	 -0.0000	      +inf
1779638731.008	 +100.0	 +10.0	 +5.0000	 -0.0000	      +inf
1779638731.108	 +100.0	 +10.0	 +5.0000	 -0.0000	      +inf
1779638731.208	 +100.0	 +10.0	 +5.0000	 -0.0000	      +inf
1779638731.308	 +100.0	 +10.0	 +5.0000	 -0.0000	      +inf
1779638731.408	 +100.0	 +10.0	 +5.0000	 -0.0000	      +inf
1779638731.508	 +100.0	 +10.0	 +5.0000	 -0.0000	      +inf
1779638731.608	 +100.0	 +10.0	 +5.0000	 -0.0000	      +inf
1779638731.708	 +100.0	 +10.0	 +5.0000	 -0.0000	      +inf
1779638731.808	 +100.0	 +10.0	 +5.0000	 -0.0000	      +inf
1779638731.908	 +100.0	 +10.0	 +5.0000	 -0.0000	      +inf
1779638732.008	 +100.0	 +10.0	 +5.0000	 -0.0000	      +inf
1779638732.108	 +100.0	 +10.0	 +5.0000	 -0.0000	      +inf
1779638732.208	 +100.0	 +10.0	 +5.0000	 -0.0000	      +inf
1779638732.308	 +100.0	 +10.0	 +5.0000	 -0.0000	      +inf
1779638732.408	 +100.0	 +10.0	 +5.0000	 -0.0000	      +inf
1779638732.508	 +100.0	 +10.0	 +5.0000	 -0.0000	      +inf
1779638732.608	 +100.0	 +10.0	 +5.0000	 -0.0000	      +inf
1779638732.708	 +100.0	 +10.0	 +5.0000	 -0.0000	      +inf
1779638732.808	 +100.0	 +10.0	 +5.0000	 -0.0000	      +inf
1779638732.908	 +100.0	 +10.0	 +5.0000	 -0.0000	      +inf
1779638733.008	 +100.0	 +10.0	 +5.0000	 -0.0000	      +inf
1779638733.108	 +100.0	 +10.0	 +5.0000	 -0.0000	      +inf
1779638733.208	 +100.0	 +10.0	 +5.0000	 -0.0000	      +inf
1779638733.308	 +100.0	 +10.0	 +5.0000	 -0.0000	      +inf
1779638733.408	 +100.0	 +10.0	 +5.0000	 -0.0000	      +inf
1779638733.508	 +100.0	 +10.0	 +5.0000	 -0.0000	      +inf
1779638733.608	 +100.0	 +10.0	 +5.0000	 -0.0000	      +inf
1779638733.708	 +100.0	 +10.0	 +5.0000	 -0.0000	      +inf
1779638733.808	 +100.0	 +10.0	 +5.0000	 -0.0000	      +inf
1779638733.908	 +100.0	 +10.0	 +5.0000	 -0.0000	      +inf
1779638734.008	 +100.0	 +10.0	 +5.0000	 -0.0000	      +inf
1779638734.108	 +100.0	 +10.0	 +5.0000	 -0.0000	      +inf
1779638734.208	 +100.0	 +10.0	 +5.0000	 -0.0000	      +inf
1779638734.308	 +100.0	 +10.0	 +5.0000	 -0.0000	      +inf
1779638734.408	 +100.0	 +10.0	 +5.0000	 -0.0000	      +inf
1779638734.508	 +100.0	 +10.0	 +5.0000	 -0.0000	      +inf
1779638734.608	 +100.0	 +10.0	 +5.0000	 -0.0000	      +inf
1779638734.708	 +100.0	 +10.0	 +5.0000	 -0.0000	      +inf
1779638734.808	 +100.0	 +10.0	 +5.0000	 -0.0000	      +inf
1779638734.908	 +100.0	 +10.0	 +5.0000	 -0.0000	      +inf
1779638735.008	 +100.0	 +10.0	 +5.0000	 -0.0000	      +inf
1779638735.108	 +100.0	 +10.0	 +5.0000	 -0.0000	      +inf
1779638735.208	 +100.0	 +10.0	 +5.0000	 -0.0000	      +inf
1779638735.308	 +100.0	 +10.0	 +5.0000	 -0.0000	      +inf
1779638735.408	 +100.0	 +10.0	 +5.0000	 -0.0000	      +inf
1779638735.508	 +100.0	 +10.0	 +5.0000	 -0.0000	      +inf
1779638735.608	 +100.0	 +10.0	 +5.0000	 -0.0000	      +inf
1779638735.708	 +100.0	 +10.0	 +5.0000	 -0.0000	      +inf
1779638735.808	 +100.0	 +10.0	 +5.0000	 -0.0000	      +inf
1779638735.908	 +100.0	 +10.0	 +5.0000	 -0.0000	      +inf
1779638736.009	 +100.0	 +10.0	 +5.0000	 -0.0000	      +inf
1779638736.108	 +100.0	 +10.0	 +5.0000	 -0.0000	      +inf
1779638736.208	 +100.0	 +10.0	 +5.0000	 -0.0000	      +inf
1779638736.308	 +100.0	 +10.0	 +5.0000	 -0.0000	      +inf
1779638736.408	 +100.0	 +10.0	 +5.0000	 -0.0000	      +inf
1779638736.508	 +100.0	 +10.0	 +5.0000	 -0.0000	      +inf
1779638736.608	 +100.0	 +10.0	 +5.0000	 -0.0000	      +inf
1779638736.708	 +100.0	 +10.0	 +5.0000	 -0.0000	      +inf
1779638736.808	 +100.0	 +10.0	 +5.0000	 -0.0000	      +inf
1779638736.908	 +100.0	 +10.0	 +5.0000	 -0.0000	      +inf
1779638737.008	 +100.0	 +10.0	 +5.0000	 -0.0000	      +inf
1779638737.108	 +100.0	 +10.0	 +5.0000	 -0.0000	      +inf
1779638737.208	 +100.0	 +10.0	 +5.0000	 -0.0000	      +inf
1779638737.308	 +100.0	 +10.0	 +5.0000	 -0.0000	      +inf
1779638737.408	 +100.0	 +10.0	 +5.0000	 -0.0000	      +inf
1779638737.508	 +100.0	 +10.0	 +5.0000	 -0.0000	      +inf
1779638737.608	 +100.0	 +10.0	 +5.0000	 -0.0000	      +inf
1779638737.708	 +100.0	 +10.0	 +5.0000	 -0.0000	      +inf
1779638737.808	 +100.0	 +10.0	 +5.0000	 -0.0000	      +inf
1779638737.908	 +100.0	 +10.0	 +5.0000	 -0.0000	      +inf
1779638738.008	 +100.0	 +10.0	 +5.0000	 -0.0000	      +inf
1779638738.108	 +100.0	 +10.0	 +5.0000	 -0.0000	      +inf
1779638738.208	 +100.0	 +10.0	 +5.0000	 -0.0000	      +inf
1779638738.308	 +100.0	 +10.0	 +5.0000	 -0.0000	      +inf
1779638738.408	 +100.0	 +10.0	 +5.0000	 -0.0000	      +inf
1779638738.508	 +100.0	 +10.0	 +5.0000	 -0.0000	      +inf
1779638738.608	 +100.0	 +10.0	 +5.0000	 -0.0000	      +inf
1779638738.708	 +100.0	 +10.0	 +5.0000	 -0.0000	      +inf
1779638738.808	 +100.0	 +10.0	 +5.0000	 -0.0000	      +inf
1779638738.908	 +100.0	 +10.0	 +5.0000	 -0.0000	      +inf
1779638739.008	 +100.0	 +10.0	 +5.0000	 -0.0000	      +inf
1779638739.109	 +100.0	 +10.0	 +5.0000	 -0.0000	      +inf
1779638739.208	 +100.0	 +10.0	 +5.0000	 -0.0000	      +inf
1779638739.308	 +100.0	 +10.0	 +5.0000	 -0.0000	      +inf
1779638739.408	 +100.0	 +10.0	 +5.0000	 -0.0000	      +inf
1779638739.508	 +100.0	 +10.0	 +5.0000	 -0.0000	      +inf
1779638739.608	 +100.0	 +10.0	 +5.0000	 -0.0000	      +inf
1779638739.708	 +100.0	 +10.0	 +5.0000	 -0.0000	      +inf
1779638739.808	 +100.0	 +10.0	 +5.0000	 -0.0000	      +inf
1779638739.908	 +100.0	 +10.0	 +5.0000	 -0.0000	      +inf
1779638740.008	 +100.0	 +10.0	 +5.0000	 -0.0000	      +inf
1779638740.108	 +100.0	 +10.0	 +5.0000	 -0.0000	      +inf
1779638740.208	 +100.0	 +10.0	 +5.0000	 -0.0000	      +inf
1779638740.308	 +100.0	 +10.0	 +5.0000	 -0.0000	      +inf
1779638740.408	 +100.0	 +10.0	 +5.0000	 -0.0000	      +inf
1779638744.125	 +100.0	 +10.0	 +5.0000	 -0.0000	      +inf
1779638744.208	 +100.0	 +10.0	 +5.0000	 -0.0000	      +inf
1779638744.308	 +100.0	 +10.0	 +5.0000	 -0.0000	      +inf
1779638744.408	 +100.0	 +10.0	 +5.0000	 -0.0000	      +inf
1779638744.508	 +100.0	 +10.0	 +5.0000	 -0.0000	      +inf
1779638744.608	 +100.0	 +10.0	 +5.0000	 -0.0000	      +inf
1779638744.708	 +100.0	 +10.0	 +5.0000	 -0.0000	      +inf
1779638744.808	 +100.0	 +10.0	 +5.0000	 -0.0000	      +inf
1779638744.908	 +100.0	 +10.0	 +5.0000	 -0.0000	      +inf
1779638745.008	 +100.0	 +10.0	 +5.0000	 -0.0000	      +inf
1779638745.108	 +100.0	 +10.0	 +5.0000	 -0.0000	      +inf
1779638745.208	 +100.0	 +10.0	 +5.0000	 -0.0000	      +inf
1779638745.308	 +100.0	 +10.0	 +5.0000	 -0.0000	      +inf
1779638745.408	 +100.0	 +10.0	 +5.0000	 -0.0000	      +inf
1779638745.508	 +100.0	 +10.0	 +5.0000	 -0.0000	      +inf
1779638745.608	 +100.0	 +10.0	 +5.0000	 -0.0000	      +inf
1779638745.708	 +100.0	 +10.0	 +5.0000	 -0.0000	      +inf
1779638745.808	 +100.0	 +10.0	 +5.0000	 -0.0000	      +inf
1779638745.908	 +100.0	 +10.0	 +5.0000	 -0.0000	      +inf
1779638746.008	 +100.0	 +10.0	 +5.0000	 -0.0000	      +inf
1779638746.108	 +100.0	 +10.0	 +5.0000	 -0.0000	      +inf
1779638746.208	 +100.0	 +10.0	 +5.0000	 -0.0000	      +inf
1779638746.308	 +100.0	  +9.0	 +5.0000	 -0.0000	      +inf
1779638746.408	 +100.0	  +9.0	 +4.7048	 -0.0000	      +inf
1779638746.508	 +100.0	  +8.0	 +4.5839	 -0.0000	      +inf
1779638746.608	 +100.0	  +8.0	 +4.2224	 -0.0000	      +inf
1779638746.708	 +100.0	  +8.0	 +4.0729	 -0.0000	      +inf
1779638746.808	 +100.0	  +8.0	 +4.0239	 -0.0000	      +inf
1779638746.908	 +100.0	  +8.0	 +4.0078	 -0.0000	      +inf
1779638747.008	 +100.0	  +8.0	 +4.0026	 -0.0000	      +inf
1779638747.108	 +100.0	  +8.0	 +4.0003	 -0.0000	      +inf
1779638747.208	 +100.0	  +7.0	 +4.0001	 -0.0000	      +inf
1779638747.308	 +100.0	  +6.0	 +3.8201	 -0.0000	      +inf
1779638747.408	 +100.0	  +5.0	 +3.4039	 -0.0000	      +inf
1779638747.508	 +100.0	  +5.0	 +2.9524	 -0.0000	      +inf
1779638747.608	 +100.0	  +4.0	 +2.5949	 -0.0000	      +inf
1779638747.708	 +100.0	  +4.0	 +2.2871	 -0.0000	      +inf
1779638747.808	 +100.0	  +4.0	 +2.0753	 -0.0000	      +inf
1779638747.908	 +100.0	  +4.0	 +2.0247	 -0.0000	      +inf
1779638748.008	 +100.0	  +4.0	 +2.0081	 -0.0000	      +inf
1779638748.108	 +100.0	  +4.0	 +2.0026	 -0.0000	      +inf
1779638748.208	 +100.0	  +4.0	 +2.0004	 -0.0000	      +inf
1779638748.308	 +100.0	  +4.0	 +2.0002	 -0.0000	      +inf
1779638748.408	 +100.0	  +4.0	 +2.0000	 -0.0000	      +inf
1779638748.508	 +100.0	  +4.0	 +2.0000	 -0.0000	      +inf
1779638748.608	 +100.0	  +4.0	 +2.0000	 -0.0000	      +inf
1779638748.708	 +100.0	  +4.0	 +2.0000	 -0.0000	      +inf
1779638748.808	 +100.0	  +4.0	 +2.0000	 -0.0000	      +inf
1779638748.908	 +100.0	  +4.0	 +2.0000	 -0.0000	      +inf
1779638749.008	 +100.0	  +4.0	 +2.0000	 -0.0000	      +inf
1779638749.108	 +100.0	  +4.0	 +2.0000	 -0.0000	      +inf
1779638749.208	 +100.0	  +4.0	 +2.0000	 -0.0000	      +inf
1779638749.308	 +100.0	  +4.0	 +2.0000	 -0.0000	      +inf
1779638749.408	 +100.0	  +4.0	 +2.0000	 -0.0000	      +inf
1779638749.508	 +100.0	  +4.0	 +2.0000	 -0.0000	      +inf
1779638749.608	 +100.0	  +4.0	 +2.0000	 -0.0000	      +inf
1779638749.708	 +100.0	  +4.0	 +2.0000	 -0.0000	      +inf
1779638749.808	 +100.0	  +4.0	 +2.0000	 -0.0000	      +inf
1779638749.908	 +100.0	  +4.0	 +2.0000	 -0.0000	      +inf
1779638750.008	 +100.0	  +4.0	 +2.0000	 -0.0000	      +inf
1779638750.108	 +100.0	  +4.0	 +2.0000	 -0.0000	      +inf
1779638750.208	 +100.0	  +4.0	 +2.0000	 -0.0000	      +inf
1779638750.308	 +100.0	  +4.0	 +2.0000	 -0.0000	      +inf
1779638750.408	 +100.0	  +4.0	 +2.0000	 -0.0000	      +inf
1779638750.508	 +100.0	  +4.0	 +2.0000	 -0.0000	      +inf
1779638750.608	 +100.0	  +4.0	 +2.0000	 -0.0000	      +inf
1779638750.708	 +100.0	  +4.0	 +2.0000	 -0.0000	      +inf
1779638750.808	 +100.0	  +4.0	 +2.0000	 -0.0000	      +inf
1779638750.908	 +100.0	  +4.0	 +2.0000	 -0.0000	      +inf
1779638751.008	 +100.0	  +4.0	 +2.0000	 -0.0000	      +inf
1779638751.109	 +100.0	  +4.0	 +2.0000	 -0.0000	      +inf
1779638751.208	 +100.0	  +4.0	 +2.0000	 -0.0000	      +inf
1779638751.308	 +100.0	  +4.0	 +2.0000	 -0.0000	      +inf
1779638751.408	 +100.0	  +4.0	 +2.0000	 -0.0000	      +inf
1779638751.508	 +100.0	  +4.0	 +2.0000	 -0.0000	      +inf
1779638751.608	 +100.0	  +4.0	 +2.0000	 -0.0000	      +inf
1779638751.708	 +100.0	  +4.0	 +2.0000	 -0.0000	      +inf
1779638751.808	 +100.0	  +4.0	 +2.0000	 -0.0000	      +inf
1779638751.908	 +100.0	  +4.0	 +2.0000	 -0.0000	      +inf
1779638752.008	 +100.0	  +4.0	 +2.0000	 -0.0000	      +inf
1779638752.108	 +100.0	  +4.0	 +2.0000	 -0.0000	      +inf
1779638752.208	 +100.0	  +4.0	 +2.0000	 -0.0000	      +inf
1779638752.308	 +100.0	  +4.0	 +2.0000	 -0.0000	      +inf
1779638752.408	 +100.0	  +4.0	 +2.0000	 -0.0000	      +inf
1779638752.508	 +100.0	  +4.0	 +2.0000	 -0.0000	      +inf
1779638752.608	 +100.0	  +4.0	 +2.0000	 -0.0000	      +inf
1779638752.708	 +100.0	  +4.0	 +2.0000	 -0.0000	      +inf
1779638752.808	 +100.0	  +4.0	 +2.0000	 -0.0000	      +inf
1779638752.908	 +100.0	  +4.0	 +2.0000	 -0.0000	      +inf
1779638753.008	 +100.0	  +4.0	 +2.0000	 -0.0000	      +inf
1779638753.108	 +100.0	  +4.0	 +2.0000	 -0.0000	      +inf
1779638753.208	 +100.0	  +4.0	 +2.0000	 -0.0000	      +inf
1779638753.308	 +100.0	  +4.0	 +2.0000	 -0.0000	      +inf
1779638753.408	 +100.0	  +4.0	 +2.0000	 -0.0000	      +inf
1779638753.508	 +100.0	  +4.0	 +2.0000	 -0.0000	      +inf
1779638753.608	 +100.0	  +4.0	 +2.0000	 -0.0000	      +inf
1779638753.708	 +100.0	  +4.0	 +2.0000	 -0.0000	      +inf
1779638753.808	 +100.0	  +4.0	 +2.0000	 -0.0000	      +inf
1779638753.908	 +100.0	  +4.0	 +2.0000	 -0.0000	      +inf
1779638754.008	 +100.0	  +4.0	 +2.0000	 -0.0000	      +inf
1779638754.108	 +100.0	  +4.0	 +2.0000	 -0.0000	      +inf
1779638754.208	 +100.0	  +4.0	 +2.0000	 -0.0000	      +inf
1779638754.308	 +100.0	  +4.0	 +2.0000	 -0.0000	      +inf
1779638754.408	 +100.0	  +4.0	 +2.0000	 -0.0000	      +inf
1779638754.508	 +100.0	  +4.0	 +2.0000	 -0.0000	      +inf
1779638754.608	 +100.0	  +4.0	 +2.0000	 -0.0000	      +inf
1779638754.708	 +100.0	  +4.0	 +2.0000	 -0.0000	      +inf
1779638754.808	 +100.0	  +4.0	 +2.0000	 -0.0000	      +inf
1779638754.908	 +100.0	  +4.0	 +2.0000	 -0.0000	      +inf
1779638755.008	 +100.0	  +4.0	 +2.0000	 -0.0000	      +inf
1779638755.108	 +100.0	  +4.0	 +2.0000	 -0.0000	      +inf
1779638755.208	 +100.0	  +4.0	 +2.0000	 -0.0000	      +inf
1779638755.308	 +100.0	  +4.0	 +2.0000	 -0.0000	      +inf
1779638755.408	 +100.0	  +4.0	 +2.0000	 -0.0000	      +inf
1779638755.508	 +100.0	  +4.0	 +2.0000	 -0.0000	      +inf
1779638755.608	 +100.0	  +4.0	 +2.0000	 -0.0000	      +inf
1779638755.708	 +100.0	  +4.0	 +2.0000	 -0.0000	      +inf
1779638755.808	 +100.0	  +4.0	 +2.0000	 -0.0000	      +inf
1779638755.908	 +100.0	  +4.0	 +2.0000	 -0.0000	      +inf
1779638756.008	 +100.0	  +4.0	 +2.0000	 -0.0000	      +inf
1779638756.108	 +100.0	  +4.0	 +2.0000	 -0.0000	      +inf
1779638756.208	 +100.0	  +4.0	 +2.0000	 -0.0000	      +inf
1779638756.308	 +100.0	  +4.0	 +2.0000	 -0.0000	      +inf
1779638756.408	 +100.0	  +4.0	 +2.0000	 -0.0000	      +inf
1779638756.508	 +100.0	  +4.0	 +2.0000	 -0.0000	      +inf
1779638756.608	 +100.0	  +4.0	 +2.0000	 -0.0000	      +inf
1779638756.708	 +100.0	  +4.0	 +2.0000	 -0.0000	      +inf
1779638756.808	 +100.0	  +4.0	 +2.0000	 -0.0000	      +inf
1779638756.908	 +100.0	  +4.0	 +2.0000	 -0.0000	      +inf
1779638757.008	 +100.0	  +4.0	 +2.0000	 -0.0000	      +inf
1779638757.108	 +100.0	  +4.0	 +2.0000	 -0.0000	      +inf
1779638757.208	 +100.0	  +4.0	 +2.0000	 -0.0000	      +inf
1779638757.308	 +100.0	  +4.0	 +2.0000	 -0.0000	      +inf
1779638757.408	 +100.0	  +4.0	 +2.0000	 -0.0000	      +inf
1779638757.508	 +100.0	  +4.0	 +2.0000	 -0.0000	      +inf
1779638757.608	 +100.0	  +4.0	 +2.0000	 -0.0000	      +inf
1779638757.708	 +100.0	  +4.0	 +2.0000	 -0.0000	      +inf
1779638757.809	 +100.0	  +4.0	 +2.0000	 -0.0000	      +inf
1779638757.908	 +100.0	  +4.0	 +2.0000	 -0.0000	      +inf
1779638758.008	 +100.0	  +4.0	 +2.0000	 -0.0000	      +inf
1779638758.108	 +100.0	  +4.0	 +2.0000	 -0.0000	      +inf
1779638758.208	 +100.0	  +4.0	 +2.0000	 -0.0000	      +inf
1779638758.308	 +100.0	  +4.0	 +2.0000	 -0.0000	      +inf
1779638758.408	 +100.0	  +4.0	 +2.0000	 -0.0000	      +inf
1779638758.508	 +100.0	  +4.0	 +2.0000	 -0.0000	      +inf
1779638758.608	 +100.0	  +4.0	 +2.0000	 -0.0000	      +inf
1779638758.708	 +100.0	  +4.0	 +2.0000	 -0.0000	      +inf
1779638758.808	 +100.0	  +4.0	 +2.0000	 -0.0000	      +inf
1779638758.908	 +100.0	  +4.0	 +2.0000	 -0.0000	      +inf
1779638759.008	 +100.0	  +4.0	 +2.0000	 -0.0000	      +inf
1779638759.108	 +100.0	  +4.0	 +2.0000	 -0.0000	      +inf
1779638759.208	 +100.0	  +4.0	 +2.0000	 -0.0000	      +inf
1779638759.308	 +100.0	  +4.0	 +2.0000	 -0.0000	      +inf
1779638759.408	 +100.0	  +4.0	 +2.0000	 -0.0000	      +inf
1779638759.508	 +100.0	  +4.0	 +2.0000	 -0.0000	      +inf
1779638759.608	 +100.0	  +4.0	 +2.0000	 -0.0000	      +inf
1779638759.708	 +100.0	  +4.0	 +2.0000	 -0.0000	      +inf
1779638759.808	 +100.0	  +4.0	 +2.0000	 -0.0000	      +inf
1779638759.908	 +100.0	  +4.0	 +2.0000	 -0.0000	      +inf
1779638760.008	 +100.0	  +4.0	 +2.0000	 -0.0000	      +inf
1779638760.108	 +100.0	  +4.0	 +2.0000	 -0.0000	      +inf
1779638760.208	 +100.0	  +4.0	 +2.0000	 -0.0000	      +inf
1779638760.308	 +100.0	  +4.0	 +2.0000	 -0.0000	      +inf
1779638760.408	 +100.0	  +4.0	 +2.0000	 -0.0000	      +inf
1779638760.508	 +100.0	  +4.0	 +2.0000	 -0.0000	      +inf
1779638760.608	 +100.0	  +4.0	 +2.0000	 -0.0000	      +inf
1779638760.708	 +100.0	  +4.0	 +2.0000	 -0.0000	      +inf
1779638760.808	 +100.0	  +4.0	 +2.0000	 -0.0000	      +inf
1779638760.908	 +100.0	  +4.0	 +2.0000	 -0.0000	      +inf
1779638761.008	 +100.0	  +4.0	 +2.0000	 -0.0000	      +inf
1779638761.108	 +100.0	  +4.0	 +2.0000	 -0.0000	      +inf
1779638761.208	 +100.0	  +4.0	 +2.0000	 -0.0000	      +inf
1779638761.308	 +100.0	  +4.0	 +2.0000	 -0.0000	      +inf
1779638761.408	 +100.0	  +4.0	 +2.0000	 -0.0000	      +inf
1779638761.508	 +100.0	  +4.0	 +2.0000	 -0.0000	      +inf
1779638761.608	 +100.0	  +4.0	 +2.0000	 -0.0000	      +inf
1779638761.708	 +100.0	  +4.0	 +2.0000	 -0.0000	      +inf
1779638761.808	 +100.0	  +4.0	 +2.0000	 -0.0000	      +inf
1779638761.908	 +100.0	  +4.0	 +2.0000	 -0.0000	      +inf
1779638762.008	 +100.0	  +4.0	 +2.0000	 -0.0000	      +inf
1779638762.108	 +100.0	  +4.0	 +2.0000	 -0.0000	      +inf
1779638762.208	 +100.0	  +4.0	 +2.0000	 -0.0000	      +inf
1779638762.309	 +100.0	  +4.0	 +2.0000	 -0.0000	      +inf
1779638762.408	 +100.0	  +4.0	 +2.0000	 -0.0000	      +inf
1779638762.508	 +100.0	  +4.0	 +2.0000	 -0.0000	      +inf
1779638762.608	 +100.0	  +4.0	 +2.0000	 -0.0000	      +inf
1779638762.708	 +100.0	  +4.0	 +2.0000	 -0.0000	      +inf
1779638762.808	 +100.0	  +4.0	 +2.0000	 -0.0000	      +inf
1779638762.908	 +100.0	  +4.0	 +2.0000	 -0.0000	      +inf
1779638763.008	 +100.0	  +4.0	 +2.0000	 -0.0000	      +inf
1779638763.108	 +100.0	  +4.0	 +2.0000	 -0.0000	      +inf
1779638763.208	 +100.0	  +4.0	 +2.0000	 -0.0000	      +inf
1779638763.308	 +100.0	  +4.0	 +2.0000	 -0.0000	      +inf
1779638763.408	 +100.0	  +4.0	 +2.0000	 -0.0000	      +inf
1779638763.508	 +100.0	  +4.0	 +2.0000	 -0.0000	      +inf
1779638763.608	 +100.0	  +4.0	 +2.0000	 -0.0000	      +inf
1779638763.708	 +100.0	  +4.0	 +2.0000	 -0.0000	      +inf
1779638763.808	 +100.0	  +4.0	 +2.0000	 -0.0000	      +inf
1779638763.908	 +100.0	  +4.0	 +2.0000	 -0.0000	      +inf
1779638764.008	 +100.0	  +4.0	 +2.0000	 -0.0000	      +inf
1779638764.108	 +100.0	  +4.0	 +2.0000	 -0.0000	      +inf
1779638764.208	 +100.0	  +4.0	 +2.0000	 -0.0000	      +inf
1779638764.308	 +100.0	  +4.0	 +2.0000	 -0.0000	      +inf
1779638764.408	 +100.0	  +4.0	 +2.0000	 -0.0000	      +inf
1779638764.508	 +100.0	  +4.0	 +2.0000	 -0.0000	      +inf
1779638764.608	 +100.0	  +4.0	 +2.0000	 -0.0000	      +inf
1779638764.708	 +100.0	  +4.0	 +2.0000	 -0.0000	      +inf
1779638764.808	 +100.0	  +4.0	 +2.0000	 -0.0000	      +inf
1779638764.908	 +100.0	  +4.0	 +2.0000	 -0.0000	      +inf
1779638765.008	 +100.0	  +4.0	 +2.0000	 -0.0000	      +inf
1779638765.108	 +100.0	  +4.0	 +2.0000	 -0.0000	      +inf
1779638765.208	 +100.0	  +4.0	 +2.0000	 -0.0000	      +inf
1779638765.308	 +100.0	  +4.0	 +2.0000	 -0.0000	      +inf
1779638765.408	 +100.0	  +4.0	 +2.0000	 -0.0000	      +inf
1779638765.508	 +100.0	  +4.0	 +2.0000	 -0.0000	      +inf
1779638765.608	 +100.0	  +4.0	 +2.0000	 -0.0000	      +inf
1779638765.708	 +100.0	  +4.0	 +2.0000	 -0.0000	      +inf
1779638765.808	 +100.0	  +4.0	 +2.0000	 -0.0000	      +inf
1779638765.908	 +100.0	  +4.0	 +2.0000	 -0.0000	      +inf
1779638766.008	 +100.0	  +4.0	 +2.0000	 -0.0000	      +inf
1779638766.108	 +100.0	  +4.0	 +2.0000	 -0.0000	      +inf
1779638766.208	 +100.0	  +4.0	 +2.0000	 -0.0000	      +inf
1779638766.308	 +100.0	  +4.0	 +2.0000	 -0.0000	      +inf
1779638766.408	 +100.0	  +4.0	 +2.0000	 -0.0000	      +inf
1779638766.508	 +100.0	  +4.0	 +2.0000	 -0.0000	      +inf
1779638766.608	 +100.0	  +4.0	 +2.0000	 -0.0000	      +inf
1779638766.708	 +100.0	  +4.0	 +2.0000	 -0.0000	      +inf
1779638766.808	 +100.0	  +4.0	 +2.0000	 -0.0000	      +inf
1779638766.908	 +100.0	  +4.0	 +2.0000	 -0.0000	      +inf
1779638767.008	 +100.0	  +4.0	 +2.0000	 -0.0000	      +inf
1779638767.108	 +100.0	  +4.0	 +2.0000	 -0.0000	      +inf
1779638767.208	 +100.0	  +4.0	 +2.0000	 -0.0000	      +inf
1779638767.308	 +100.0	  +4.0	 +2.0000	 -0.0000	      +inf
1779638767.408	 +100.0	  +4.0	 +2.0000	 -0.0000	      +inf
1779638767.508	 +100.0	  +4.0	 +2.0000	 -0.0000	      +inf
1779638767.608	 +100.0	  +4.0	 +2.0000	 -0.0000	      +inf
1779638767.708	 +100.0	  +4.0	 +2.0000	 -0.0000	      +inf
1779638767.808	 +100.0	  +4.0	 +2.0000	 -0.0000	      +inf
1779638767.908	 +100.0	  +4.0	 +2.0000	 -0.0000	      +inf
1779638768.008	 +100.0	  +4.0	 +2.0000	 -0.0000	      +inf
1779638768.108	 +100.0	  +4.0	 +2.0000	 -0.0000	      +inf
1779638768.208	 +100.0	  +4.0	 +2.0000	 -0.0000	      +inf
1779638768.308	 +100.0	  +4.0	 +2.0000	 -0.0000	      +inf
1779638768.408	 +100.0	  +4.0	 +2.0000	 -0.0000	      +inf
1779638768.508	 +100.0	  +4.0	 +2.0000	 -0.0000	      +inf
1779638768.608	 +100.0	  +4.0	 +2.0000	 -0.0000	      +inf
1779638768.708	 +100.0	  +4.0	 +2.0000	 -0.0000	      +inf
1779638768.808	 +100.0	  +4.0	 +2.0000	 -0.0000	      +inf
1779638768.908	 +100.0	  +4.0	 +2.0000	 -0.0000	      +inf
1779638769.008	 +100.0	  +4.0	 +2.0000	 -0.0000	      +inf
1779638769.108	 +100.0	  +4.0	 +2.0000	 -0.0000	      +inf
1779638769.208	 +100.0	  +4.0	 +2.0000	 -0.0000	      +inf
1779638769.308	 +100.0	  +4.0	 +2.0000	 -0.0000	      +inf
1779638769.408	 +100.0	  +4.0	 +2.0000	 -0.0000	      +inf
1779638769.508	 +100.0	  +4.0	 +2.0000	 -0.0000	      +inf
1779638769.608	 +100.0	  +4.0	 +2.0000	 -0.0000	      +inf
1779638769.708	 +100.0	  +4.0	 +2.0000	 -0.0000	      +inf
1779638769.808	 +100.0	  +4.0	 +2.0000	 -0.0000	      +inf
1779638769.908	 +100.0	  +4.0	 +2.0000	 -0.0000	      +inf
1779638770.008	 +100.0	  +4.0	 +2.0000	 -0.0000	      +inf
1779638770.108	 +100.0	  +4.0	 +2.0000	 -0.0000	      +inf
1779638770.208	 +100.0	  +4.0	 +2.0000	 -0.0000	      +inf
1779638770.308	 +100.0	  +4.0	 +2.0000	 -0.0000	      +inf
1779638770.408	 +100.0	  +4.0	 +2.0000	 -0.0000	      +inf
1779638770.508	 +100.0	  +4.0	 +2.0000	 -0.0000	      +inf
1779638770.608	 +100.0	  +4.0	 +2.0000	 -0.0000	      +inf
1779638770.708	 +100.0	  +4.0	 +2.0000	 -0.0000	      +inf
1779638770.808	 +100.0	  +4.0	 +2.0000	 -0.0000	      +inf
1779638770.908	 +100.0	  +4.0	 +2.0000	 -0.0000	      +inf
1779638771.008	 +100.0	  +4.0	 +2.0000	 -0.0000	      +inf
1779638771.108	 +100.0	  +4.0	 +2.0000	 -0.0000	      +inf
1779638771.208	 +100.0	  +4.0	 +2.0000	 -0.0000	      +inf
1779638771.308	 +100.0	  +4.0	 +2.0000	 -0.0000	      +inf
1779638771.408	 +100.0	  +4.0	 +2.0000	 -0.0000	      +inf
1779638771.508	 +100.0	  +4.0	 +2.0000	 -0.0000	      +inf
1779638771.608	 +100.0	  +4.0	 +2.0000	 -0.0000	      +inf
1779638771.708	 +100.0	  +4.0	 +2.0000	 -0.0000	      +inf
1779638771.808	 +100.0	  +4.0	 +2.0000	 -0.0000	      +inf
1779638771.908	 +100.0	  +4.0	 +2.0000	 -0.0000	      +inf
1779638772.009	 +100.0	  +4.0	 +2.0000	 -0.0000	      +inf
1779638772.108	 +100.0	  +4.0	 +2.0000	 -0.0000	      +inf
1779638772.208	 +100.0	  +4.0	 +2.0000	 -0.0000	      +inf
1779638772.308	 +100.0	  +4.0	 +2.0000	 -0.0000	      +inf
1779638772.408	 +100.0	  +4.0	 +2.0000	 -0.0000	      +inf
1779638772.509	 +100.0	  +4.0	 +2.0000	 -0.0000	      +inf
1779638772.608	 +100.0	  +4.0	 +2.0000	 -0.0000	      +inf
1779638772.708	 +100.0	  +4.0	 +2.0000	 -0.0000	      +inf
1779638772.808	 +100.0	  +4.0	 +2.0000	 -0.0000	      +inf
1779638772.908	 +100.0	  +4.0	 +2.0000	 -0.0000	      +inf
1779638773.008	 +100.0	  +4.0	 +2.0000	 -0.0000	      +inf
1779638773.108	 +100.0	  +4.0	 +2.0000	 -0.0000	      +inf
1779638773.208	 +100.0	  +4.0	 +2.0000	 -0.0000	      +inf
1779638773.308	 +100.0	  +4.0	 +2.0000	 -0.0000	      +inf
1779638773.408	 +100.0	  +4.0	 +2.0000	 -0.0000	      +inf
1779638773.508	 +100.0	  +4.0	 +2.0000	 -0.0000	      +inf
1779638773.608	 +100.0	  +4.0	 +2.0000	 -0.0000	      +inf
1779638773.708	 +100.0	  +4.0	 +2.0000	 -0.0000	      +inf
1779638773.808	 +100.0	  +4.0	 +2.0000	 -0.0000	      +inf
1779638773.908	 +100.0	  +4.0	 +2.0000	 -0.0000	      +inf
1779638774.008	 +100.0	  +4.0	 +2.0000	 -0.0000	      +inf
1779638774.108	 +100.0	  +4.0	 +2.0000	 -0.0000	      +inf
1779638774.208	 +100.0	  +4.0	 +2.0000	 -0.0000	      +inf
1779638774.308	 +100.0	  +4.0	 +2.0000	 -0.0000	      +inf
1779638774.408	 +100.0	  +4.0	 +2.0000	 -0.0000	      +inf
1779638774.508	 +100.0	  +4.0	 +2.0000	 -0.0000	      +inf
1779638774.608	 +100.0	  +4.0	 +2.0000	 -0.0000	      +inf
1779638774.708	 +100.0	  +4.0	 +2.0000	 -0.0000	      +inf
1779638774.808	 +100.0	  +4.0	 +2.0000	 -0.0000	      +inf
1779638774.908	 +100.0	  +4.0	 +2.0000	 -0.0000	      +inf
1779638775.008	 +100.0	  +4.0	 +2.0000	 -0.0000	      +inf
1779638775.108	 +100.0	  +4.0	 +2.0000	 -0.0000	      +inf
1779638775.208	 +100.0	  +4.0	 +2.0000	 -0.0000	      +inf
1779638775.308	 +100.0	  +4.0	 +2.0000	 -0.0000	      +inf
1779638775.408	 +100.0	  +4.0	 +2.0000	 -0.0000	      +inf
1779638775.508	 +100.0	  +4.0	 +2.0000	 -0.0000	      +inf
1779638775.608	 +100.0	  +4.0	 +2.0000	 -0.0000	      +inf
1779638775.708	 +100.0	  +4.0	 +2.0000	 -0.0000	      +inf
1779638775.808	 +100.0	  +4.0	 +2.0000	 -0.0000	      +inf
1779638775.908	 +100.0	  +4.0	 +2.0000	 -0.0000	      +inf
1779638776.008	 +100.0	  +4.0	 +2.0000	 -0.0000	      +inf
1779638776.108	 +100.0	  +4.0	 +2.0000	 -0.0000	      +inf
1779638776.208	 +100.0	  +4.0	 +2.0000	 -0.0000	      +inf
1779638776.308	 +100.0	  +4.0	 +2.0000	 -0.0000	      +inf
1779638776.408	 +100.0	  +4.0	 +2.0000	 -0.0000	      +inf
1779638776.508	 +100.0	  +4.0	 +2.0000	 -0.0000	      +inf
1779638776.608	 +100.0	  +4.0	 +2.0000	 -0.0000	      +inf
1779638776.708	 +100.0	  +4.0	 +2.0000	 -0.0000	      +inf
1779638776.808	 +100.0	  +4.0	 +2.0000	 -0.0000	      +inf
1779638776.908	 +100.0	  +4.0	 +2.0000	 -0.0000	      +inf
1779638780.415	 +100.0	  +4.0	 +2.0000	 -0.0000	      +inf
1779638780.508	 +100.0	  +4.0	 +2.0000	 -0.0000	      +inf
1779638780.608	 +100.0	  +4.0	 +2.0000	 -0.0000	      +inf
1779638780.708	 +100.0	  +4.0	 +2.0000	 -0.0000	      +inf
1779638780.808	 +100.0	  +4.0	 +2.0000	 -0.0000	      +inf
1779638780.908	 +100.0	  +4.0	 +2.0000	 -0.0000	      +inf
1779638781.008	 +100.0	  +4.0	 +2.0000	 -0.0000	      +inf
1779638781.108	 +100.0	  +4.0	 +2.0000	 -0.0000	      +inf
1779638781.208	 +100.0	  +4.0	 +2.0000	 -0.0000	      +inf
1779638781.308	 +100.0	  +4.0	 +2.0000	 -0.0000	      +inf
1779638781.408	 +100.0	  +4.0	 +2.0000	 -0.0000	      +inf
1779638781.508	 +100.0	  +4.0	 +2.0000	 -0.0000	      +inf
1779638781.608	 +100.0	  +4.0	 +2.0000	 -0.0000	      +inf
1779638781.708	 +100.0	  +4.0	 +2.0000	 -0.0000	      +inf
1779638781.808	 +100.0	  +4.0	 +2.0000	 -0.0000	      +inf
1779638781.908	 +100.0	  +4.0	 +2.0000	 -0.0000	      +inf
1779638782.008	 +100.0	  +4.0	 +2.0000	 -0.0000	      +inf
1779638782.108	 +100.0	  +4.0	 +2.0000	 -0.0000	      +inf
1779638782.208	 +100.0	  +4.0	 +2.0000	 -0.0000	      +inf
1779638782.308	 +100.0	  +4.0	 +2.0000	 -0.0000	      +inf
1779638782.408	 +100.0	  +4.0	 +2.0000	 -0.0000	      +inf
1779638782.508	 +100.0	  +4.0	 +2.0000	 -0.0000	      +inf
1779638782.608	 +100.0	  +4.0	 +2.0000	 -0.0000	      +inf
1779638782.708	 +100.0	  +4.0	 +2.0000	 -0.0000	      +inf
1779638782.808	 +100.0	  +4.0	 +2.0000	 -0.0000	      +inf
1779638782.908	 +100.0	  +4.0	 +2.0000	 -0.0000	      +inf
1779638783.008	 +100.0	  +4.0	 +2.0000	 -0.0000	      +inf
1779638783.109	 +100.0	  +4.0	 +2.0000	 -0.0000	      +inf
1779638783.208	 +100.0	  +4.0	 +2.0000	 -0.0000	      +inf
1779638783.308	 +100.0	  +4.0	 +2.0000	 -0.0000	      +inf
1779638783.408	 +100.0	  +4.0	 +2.0000	 -0.0000	      +inf
1779638783.508	 +100.0	  +4.0	 +2.0000	 -0.0000	      +inf
1779638783.608	 +100.0	  +4.0	 +2.0000	 -0.0000	      +inf
1779638783.708	 +100.0	  +4.0	 +2.0000	 -0.0000	      +inf
1779638783.808	 +100.0	  +4.0	 +2.0000	 -0.0000	      +inf
1779638783.908	 +100.0	  +4.0	 +2.0000	 -0.0000	      +inf
1779638784.008	 +100.0	  +4.0	 +2.0000	 -0.0000	      +inf
1779638784.108	 +100.0	  +4.0	 +2.0000	 -0.0000	      +inf
1779638784.208	 +100.0	  +4.0	 +2.0000	 -0.0000	      +inf
1779638784.308	 +100.0	  +4.0	 +2.0000	 -0.0000	      +inf
1779638784.408	 +100.0	  +4.0	 +2.0000	 -0.0000	      +inf
1779638784.508	 +100.0	  +4.0	 +2.0000	 -0.0000	      +inf
1779638784.608	 +100.0	  +4.0	 +2.0000	 -0.0000	      +inf
1779638784.708	 +100.0	  +4.0	 +2.0000	 -0.0000	      +inf
1779638784.808	 +100.0	  +4.0	 +2.0000	 -0.0000	      +inf
1779638784.908	 +100.0	  +4.0	 +2.0000	 -0.0000	      +inf
1779638785.008	 +100.0	  +4.0	 +2.0000	 -0.0000	      +inf
1779638785.108	 +100.0	  +4.0	 +2.0000	 -0.0000	      +inf
1779638785.208	 +100.0	  +4.0	 +2.0000	 -0.0000	      +inf
1779638785.308	 +100.0	  +4.0	 +2.0000	 -0.0000	      +inf
1779638785.408	 +100.0	  +4.0	 +2.0000	 -0.0000	      +inf
1779638785.508	 +100.0	  +4.0	 +2.0000	 -0.0000	      +inf
1779638785.608	 +100.0	  +4.0	 +2.0000	 -0.0000	      +inf
1779638785.708	 +100.0	  +4.0	 +2.0000	 -0.0000	      +inf
1779638785.808	 +100.0	  +4.0	 +2.0000	 -0.0000	      +inf
1779638785.908	 +100.0	  +4.0	 +2.0000	 -0.0000	      +inf
1779638786.008	 +100.0	  +4.0	 +2.0000	 -0.0000	      +inf
1779638786.108	 +100.0	  +4.0	 +2.0000	 -0.0000	      +inf
1779638786.208	 +100.0	  +4.0	 +2.0000	 -0.0000	      +inf
1779638786.308	 +100.0	  +4.0	 +2.0000	 -0.0000	      +inf
1779638786.408	 +100.0	  +4.0	 +2.0000	 -0.0000	      +inf
1779638786.508	 +100.0	  +4.0	 +2.0000	 -0.0000	      +inf
1779638786.608	 +100.0	  +4.0	 +2.0000	 -0.0000	      +inf
1779638786.708	 +100.0	  +4.0	 +2.0000	 -0.0000	      +inf
1779638786.808	 +100.0	  +4.0	 +2.0000	 -0.0000	      +inf
1779638786.908	 +100.0	  +4.0	 +2.0000	 -0.0000	      +inf
1779638787.008	 +100.0	  +4.0	 +2.0000	 -0.0000	      +inf
1779638787.108	 +100.0	  +4.0	 +2.0000	 -0.0000	      +inf
1779638787.208	 +100.0	  +4.0	 +2.0000	 -0.0000	      +inf
1779638787.308	 +100.0	  +4.0	 +2.0000	 -0.0000	      +inf
1779638787.408	 +100.0	  +4.0	 +2.0000	 -0.0000	      +inf
1779638787.509	 +100.0	  +4.0	 +2.0000	 -0.0000	      +inf
1779638787.608	 +100.0	  +4.0	 +2.0000	 -0.0000	      +inf
1779638787.708	 +100.0	  +4.0	 +2.0000	 -0.0000	      +inf
1779638787.808	 +100.0	  +4.0	 +2.0000	 -0.0000	      +inf
1779638787.908	 +100.0	  +4.0	 +2.0000	 -0.0000	      +inf
1779638788.008	 +100.0	  +4.0	 +2.0000	 -0.0000	      +inf
1779638788.108	 +100.0	  +4.0	 +2.0000	 -0.0000	      +inf
1779638788.208	 +100.0	  +4.0	 +2.0000	 -0.0000	      +inf
1779638788.308	 +100.0	  +4.0	 +2.0000	 -0.0000	      +inf
1779638788.408	 +100.0	  +4.0	 +2.0000	 -0.0000	      +inf
1779638788.508	 +100.0	  +4.0	 +2.0000	 -0.0000	      +inf
1779638788.608	 +100.0	  +4.0	 +2.0000	 -0.0000	      +inf
1779638788.708	 +100.0	  +4.0	 +2.0000	 -0.0000	      +inf
1779638788.808	 +100.0	  +4.0	 +2.0000	 -0.0000	      +inf
1779638788.908	 +100.0	  +4.0	 +2.0000	 -0.0000	      +inf
1779638789.008	 +100.0	  +4.0	 +2.0000	 -0.0000	      +inf
1779638789.108	 +100.0	  +4.0	 +2.0000	 -0.0000	      +inf
1779638789.208	 +100.0	  +4.0	 +2.0000	 -0.0000	      +inf
1779638789.308	 +100.0	  +4.0	 +2.0000	 -0.0000	      +inf
1779638789.408	 +100.0	  +4.0	 +2.0000	 -0.0000	      +inf
1779638789.508	 +100.0	  +4.0	 +2.0000	 -0.0000	      +inf
1779638789.608	 +100.0	  +4.0	 +2.0000	 -0.0000	      +inf
1779638789.708	 +100.0	  +4.0	 +2.0000	 -0.0000	      +inf
1779638789.808	 +100.0	  +4.0	 +2.0000	 -0.0000	      +inf
1779638789.908	 +100.0	  +4.0	 +2.0000	 -0.0000	      +inf
1779638790.008	 +100.0	  +4.0	 +2.0000	 -0.0000	      +inf
1779638790.108	 +100.0	  +4.0	 +2.0000	 -0.0000	      +inf
1779638790.208	 +100.0	  +4.0	 +2.0000	 -0.0000	      +inf
1779638790.308	 +100.0	  +4.0	 +2.0000	 -0.0000	      +inf
1779638790.408	 +100.0	  +4.0	 +2.0000	 -0.0000	      +inf
1779638790.508	 +100.0	  +4.0	 +2.0000	 -0.0000	      +inf
1779638790.608	 +100.0	  +4.0	 +2.0000	 -0.0000	      +inf
1779638790.708	 +100.0	  +4.0	 +2.0000	 -0.0000	      +inf
1779638790.808	 +100.0	  +4.0	 +2.0000	 -0.0000	      +inf
1779638790.908	 +100.0	  +4.0	 +2.0000	 -0.0000	      +inf
1779638791.008	 +100.0	  +4.0	 +2.0000	 -0.0000	      +inf
1779638791.108	 +100.0	  +4.0	 +2.0000	 -0.0000	      +inf
1779638791.208	 +100.0	  +4.0	 +2.0000	 -0.0000	      +inf
1779638791.308	 +100.0	  +4.0	 +2.0000	 -0.0000	      +inf
1779638791.408	 +100.0	  +4.0	 +2.0000	 -0.0000	      +inf
1779638791.508	 +100.0	  +4.0	 +2.0000	 -0.0000	      +inf
1779638791.608	 +100.0	  +4.0	 +2.0000	 -0.0000	      +inf
1779638791.708	 +100.0	  +4.0	 +2.0000	 -0.0000	      +inf
1779638791.808	 +100.0	  +4.0	 +2.0000	 -0.0000	      +inf
1779638791.908	 +100.0	  +4.0	 +2.0000	 -0.0000	      +inf
1779638792.008	 +100.0	  +4.0	 +2.0000	 -0.0000	      +inf
1779638792.108	 +100.0	  +4.0	 +2.0000	 -0.0000	      +inf
1779638792.208	 +100.0	  +4.0	 +2.0000	 -0.0000	      +inf
1779638792.308	 +100.0	  +4.0	 +2.0000	 -0.0000	      +inf
1779638792.408	 +100.0	  +4.0	 +2.0000	 -0.0000	      +inf
1779638792.508	 +100.0	  +4.0	 +2.0000	 -0.0000	      +inf
1779638792.609	 +100.0	  +4.0	 +2.0000	 -0.0000	      +inf
1779638792.708	 +100.0	  +4.0	 +2.0000	 -0.0000	      +inf
1779638792.808	 +100.0	  +4.0	 +2.0000	 -0.0000	      +inf
1779638792.908	 +100.0	  +4.0	 +2.0000	 -0.0000	      +inf
1779638793.008	 +100.0	  +4.0	 +2.0000	 -0.0000	      +inf
1779638793.108	 +100.0	  +4.0	 +2.0000	 -0.0000	      +inf
1779638793.208	 +100.0	  +4.0	 +2.0000	 -0.0000	      +inf
1779638793.308	 +100.0	  +4.0	 +2.0000	 -0.0000	      +inf
1779638793.408	 +100.0	  +4.0	 +2.0000	 -0.0000	      +inf
1779638793.508	 +100.0	  +4.0	 +2.0000	 -0.0000	      +inf
1779638793.608	 +100.0	  +4.0	 +2.0000	 -0.0000	      +inf
1779638793.708	 +100.0	  +4.0	 +2.0000	 -0.0000	      +inf
1779638793.808	 +100.0	  +4.0	 +2.0000	 -0.0000	      +inf
1779638793.908	 +100.0	  +4.0	 +2.0000	 -0.0000	      +inf
1779638794.008	 +100.0	  +4.0	 +2.0000	 -0.0000	      +inf
1779638794.108	 +100.0	  +4.0	 +2.0000	 -0.0000	      +inf
1779638794.208	 +100.0	  +4.0	 +2.0000	 -0.0000	      +inf
1779638794.308	 +100.0	  +4.0	 +2.0000	 -0.0000	      +inf
1779638794.408	 +100.0	  +4.0	 +2.0000	 -0.0000	      +inf
1779638794.508	 +100.0	  +4.0	 +2.0000	 -0.0000	      +inf
1779638794.608	 +100.0	  +4.0	 +2.0000	 -0.0000	      +inf
1779638794.708	 +100.0	  +4.0	 +2.0000	 -0.0000	      +inf
1779638794.808	 +100.0	  +4.0	 +2.0000	 -0.0000	      +inf
1779638794.908	 +100.0	  +4.0	 +2.0000	 -0.0000	      +inf
1779638795.008	 +100.0	  +4.0	 +2.0000	 -0.0000	      +inf
1779638795.108	 +100.0	  +4.0	 +2.0000	 -0.0000	      +inf
1779638795.208	 +100.0	  +4.0	 +2.0000	 -0.0000	      +inf
1779638795.308	 +100.0	  +4.0	 +2.0000	 -0.0000	      +inf
1779638795.408	 +100.0	  +4.0	 +2.0000	 -0.0000	      +inf
1779638795.508	 +100.0	  +4.0	 +2.0000	 -0.0000	      +inf
1779638795.608	 +100.0	  +4.0	 +2.0000	 -0.0000	      +inf
1779638795.708	 +100.0	  +4.0	 +2.0000	 -0.0000	      +inf
1779638795.808	 +100.0	  +4.0	 +2.0000	 -0.0000	      +inf
1779638795.908	 +100.0	  +4.0	 +2.0000	 -0.0000	      +inf
1779638796.008	 +100.0	  +4.0	 +2.0000	 -0.0000	      +inf
1779638796.108	 +100.0	  +4.0	 +2.0000	 -0.0000	      +inf
1779638796.208	 +100.0	  +4.0	 +2.0000	 -0.0000	      +inf
1779638796.308	 +100.0	  +4.0	 +2.0000	 -0.0000	      +inf
1779638796.408	 +100.0	  +4.0	 +2.0000	 -0.0000	      +inf
1779638796.508	 +100.0	  +4.0	 +2.0000	 -0.0000	      +inf
1779638796.608	 +100.0	  +4.0	 +2.0000	 -0.0000	      +inf
1779638796.708	 +100.0	  +4.0	 +2.0000	 -0.0000	      +inf
1779638796.808	 +100.0	  +4.0	 +2.0000	 -0.0000	      +inf
1779638796.908	 +100.0	  +4.0	 +2.0000	 -0.0000	      +inf
1779638797.008	 +100.0	  +4.0	 +2.0000	 -0.0000	      +inf
1779638797.108	 +100.0	  +4.0	 +2.0000	 -0.0000	      +inf
1779638797.208	 +100.0	  +4.0	 +2.0000	 -0.0000	      +inf
1779638797.308	 +100.0	  +4.0	 +2.0000	 -0.0000	      +inf
1779638797.408	 +100.0	  +4.0	 +2.0000	 -0.0000	      +inf
1779638797.508	 +100.0	  +4.0	 +2.0000	 -0.0000	      +inf
1779638797.608	 +100.0	  +4.0	 +2.0000	 -0.0000	      +inf
1779638797.708	 +100.0	  +4.0	 +2.0000	 -0.0000	      +inf
1779638797.808	 +100.0	  +4.0	 +2.0000	 -0.0000	      +inf
1779638797.908	 +100.0	  +4.0	 +2.0000	 -0.0000	      +inf
1779638798.008	 +100.0	  +4.0	 +2.0000	 -0.0000	      +inf
1779638798.108	 +100.0	  +4.0	 +2.0000	 -0.0000	      +inf
1779638798.208	 +100.0	  +4.0	 +2.0000	 -0.0000	      +inf
1779638798.308	 +100.0	  +4.0	 +2.0000	 -0.0000	      +inf
1779638798.408	 +100.0	  +4.0	 +2.0000	 -0.0000	      +inf
1779638798.508	 +100.0	  +4.0	 +2.0000	 -0.0000	      +inf
1779638798.608	 +100.0	  +4.0	 +2.0000	 -0.0000	      +inf
1779638798.708	 +100.0	  +4.0	 +2.0000	 -0.0000	      +inf
1779638798.808	 +100.0	  +4.0	 +2.0000	 -0.0000	      +inf
1779638798.908	 +100.0	  +4.0	 +2.0000	 -0.0000	      +inf
1779638799.008	 +100.0	  +4.0	 +2.0000	 -0.0000	      +inf
1779638799.108	 +100.0	  +4.0	 +2.0000	 -0.0000	      +inf
1779638799.208	 +100.0	  +4.0	 +2.0000	 -0.0000	      +inf
1779638799.308	 +100.0	  +4.0	 +2.0000	 -0.0000	      +inf
1779638799.408	 +100.0	  +4.0	 +2.0000	 -0.0000	      +inf
1779638799.508	 +100.0	  +4.0	 +2.0000	 -0.0000	      +inf
1779638799.608	 +100.0	  +4.0	 +2.0000	 -0.0000	      +inf
1779638799.708	 +100.0	  +4.0	 +2.0000	 -0.0000	      +inf
1779638799.808	 +100.0	  +4.0	 +2.0000	 -0.0000	      +inf
1779638799.908	 +100.0	  +4.0	 +2.0000	 -0.0000	      +inf
1779638800.008	 +100.0	  +4.0	 +2.0000	 -0.0000	      +inf
1779638800.108	 +100.0	  +4.0	 +2.0000	 -0.0000	      +inf
1779638800.208	 +100.0	  +4.0	 +2.0000	 -0.0000	      +inf
1779638800.308	 +100.0	  +4.0	 +2.0000	 -0.0000	      +inf
1779638800.408	 +100.0	  +4.0	 +2.0000	 -0.0000	      +inf
1779638800.508	 +100.0	  +4.0	 +2.0000	 -0.0000	      +inf
1779638800.608	 +100.0	  +4.0	 +2.0000	 -0.0000	      +inf
1779638800.708	 +100.0	  +4.0	 +2.0000	 -0.0000	      +inf
1779638800.808	 +100.0	  +4.0	 +2.0000	 -0.0000	      +inf
1779638800.908	 +100.0	  +4.0	 +2.0000	 -0.0000	      +inf
1779638801.008	 +100.0	  +4.0	 +2.0000	 -0.0000	      +inf
1779638801.108	 +100.0	  +4.0	 +2.0000	 -0.0000	      +inf
1779638801.208	 +100.0	  +4.0	 +2.0000	 -0.0000	      +inf
1779638801.308	 +100.0	  +4.0	 +2.0000	 -0.0000	      +inf
1779638801.408	 +100.0	  +4.0	 +2.0000	 -0.0000	      +inf
1779638801.508	 +100.0	  +4.0	 +2.0000	 -0.0000	      +inf
1779638801.608	 +100.0	  +4.0	 +2.0000	 -0.0000	      +inf
1779638801.708	 +100.0	  +4.0	 +2.0000	 -0.0000	      +inf
1779638801.808	 +100.0	  +4.0	 +2.0000	 -0.0000	      +inf
1779638801.908	 +100.0	  +4.0	 +2.0000	 -0.0000	      +inf
1779638802.008	 +100.0	  +4.0	 +2.0000	 -0.0000	      +inf
1779638802.108	 +100.0	  +4.0	 +2.0000	 -0.0000	      +inf
1779638802.208	 +100.0	  +4.0	 +2.0000	 -0.0000	      +inf
1779638802.308	 +100.0	  +4.0	 +2.0000	 -0.0000	      +inf
1779638802.408	 +100.0	  +4.0	 +2.0000	 -0.0000	      +inf
1779638802.508	 +100.0	  +4.0	 +2.0000	 -0.0000	      +inf
1779638802.608	 +100.0	  +4.0	 +2.0000	 -0.0000	      +inf
1779638802.708	 +100.0	  +4.0	 +2.0000	 -0.0000	      +inf
1779638802.808	 +100.0	  +4.0	 +2.0000	 -0.0000	      +inf
1779638802.908	 +100.0	  +4.0	 +2.0000	 -0.0000	      +inf
1779638803.008	 +100.0	  +4.0	 +2.0000	 -0.0000	      +inf
1779638803.108	 +100.0	  +4.0	 +2.0000	 -0.0000	      +inf
1779638803.208	 +100.0	  +4.0	 +2.0000	 -0.0000	      +inf
1779638803.308	 +100.0	  +4.0	 +2.0000	 -0.0000	      +inf
1779638803.408	 +100.0	  +4.0	 +2.0000	 -0.0000	      +inf
1779638803.508	 +100.0	  +4.0	 +2.0000	 -0.0000	      +inf
1779638803.608	 +100.0	  +4.0	 +2.0000	 -0.0000	      +inf
1779638803.708	 +100.0	  +4.0	 +2.0000	 -0.0000	      +inf
1779638803.808	 +100.0	  +4.0	 +2.0000	 -0.0000	      +inf
1779638803.908	 +100.0	  +4.0	 +2.0000	 -0.0000	      +inf
1779638804.008	 +100.0	  +4.0	 +2.0000	 -0.0000	      +inf
1779638804.108	 +100.0	  +4.0	 +2.0000	 -0.0000	      +inf
1779638804.208	 +100.0	  +4.0	 +2.0000	 -0.0000	      +inf
1779638804.308	 +100.0	  +4.0	 +2.0000	 -0.0000	      +inf
1779638804.408	 +100.0	  +4.0	 +2.0000	 -0.0000	      +inf
1779638804.508	 +100.0	  +4.0	 +2.0000	 -0.0000	      +inf
1779638804.608	 +100.0	  +4.0	 +2.0000	 -0.0000	      +inf
1779638804.708	 +100.0	  +4.0	 +2.0000	 -0.0000	      +inf
1779638804.808	 +100.0	  +4.0	 +2.0000	 -0.0000	      +inf
1779638804.908	 +100.0	  +4.0	 +2.0000	 -0.0000	      +inf
1779638805.008	 +100.0	  +4.0	 +2.0000	 -0.0000	      +inf
1779638805.108	 +100.0	  +4.0	 +2.0000	 -0.0000	      +inf
1779638805.208	 +100.0	  +4.0	 +2.0000	 -0.0000	      +inf
1779638805.308	 +100.0	  +4.0	 +2.0000	 -0.0000	      +inf
1779638805.408	 +100.0	  +4.0	 +2.0000	 -0.0000	      +inf
1779638805.508	 +100.0	  +4.0	 +2.0000	 -0.0000	      +inf
1779638805.608	 +100.0	  +4.0	 +2.0000	 -0.0000	      +inf
1779638805.708	 +100.0	  +4.0	 +2.0000	 -0.0000	      +inf
1779638805.808	 +100.0	  +4.0	 +2.0000	 -0.0000	      +inf
1779638805.908	 +100.0	  +4.0	 +2.0000	 -0.0000	      +inf
1779638806.008	 +100.0	  +4.0	 +2.0000	 -0.0000	      +inf
1779638806.108	 +100.0	  +4.0	 +2.0000	 -0.0000	      +inf
1779638806.208	 +100.0	  +4.0	 +2.0000	 -0.0000	      +inf
1779638806.308	 +100.0	  +4.0	 +2.0000	 -0.0000	      +inf
1779638806.408	 +100.0	  +4.0	 +2.0000	 -0.0000	      +inf
1779638806.508	 +100.0	  +4.0	 +2.0000	 -0.0000	      +inf
1779638806.608	 +100.0	  +4.0	 +2.0000	 -0.0000	      +inf
1779638806.708	 +100.0	  +4.0	 +2.0000	 -0.0000	      +inf
1779638806.808	 +100.0	  +4.0	 +2.0000	 -0.0000	      +inf
1779638806.908	 +100.0	  +4.0	 +2.0000	 -0.0000	      +inf
1779638807.008	 +100.0	  +4.0	 +2.0000	 -0.0000	      +inf
1779638807.108	 +100.0	  +4.0	 +2.0000	 -0.0000	      +inf
1779638807.208	 +100.0	  +4.0	 +2.0000	 -0.0000	      +inf
1779638807.308	 +100.0	  +4.0	 +2.0000	 -0.0000	      +inf
1779638807.408	 +100.0	  +4.0	 +2.0000	 -0.0000	      +inf
1779638807.508	 +100.0	  +4.0	 +2.0000	 -0.0000	      +inf
1779638807.608	 +100.0	  +4.0	 +2.0000	 -0.0000	      +inf
1779638807.708	 +100.0	  +4.0	 +2.0000	 -0.0000	      +inf
1779638807.808	 +100.0	  +4.0	 +2.0000	 -0.0000	      +inf
1779638807.908	 +100.0	  +4.0	 +2.0000	 -0.0000	      +inf
1779638808.008	 +100.0	  +4.0	 +2.0000	 -0.0000	      +inf
1779638808.108	 +100.0	  +4.0	 +2.0000	 -0.0000	      +inf
1779638808.208	 +100.0	  +4.0	 +2.0000	 -0.0000	      +inf
1779638808.308	 +100.0	  +4.0	 +2.0000	 -0.0000	      +inf
1779638808.408	 +100.0	  +4.0	 +2.0000	 -0.0000	      +inf
1779638808.508	 +100.0	  +4.0	 +2.0000	 -0.0000	      +inf
1779638808.608	 +100.0	  +4.0	 +2.0000	 -0.0000	      +inf
1779638808.708	 +100.0	  +4.0	 +2.0000	 -0.0000	      +inf
1779638808.808	 +100.0	  +4.0	 +2.0000	 -0.0000	      +inf
1779638808.908	 +100.0	  +4.0	 +2.0000	 -0.0000	      +inf
1779638809.008	 +100.0	  +4.0	 +2.0000	 -0.0000	      +inf
1779638809.108	 +100.0	  +4.0	 +2.0000	 -0.0000	      +inf
1779638809.208	 +100.0	  +4.0	 +2.0000	 -0.0000	      +inf
1779638809.308	 +100.0	  +4.0	 +2.0000	 -0.0000	      +inf
1779638809.408	 +100.0	  +4.0	 +2.0000	 -0.0000	      +inf
1779638809.508	 +100.0	  +4.0	 +2.0000	 -0.0000	      +inf
1779638809.608	 +100.0	  +4.0	 +2.0000	 -0.0000	      +inf
1779638809.708	 +100.0	  +4.0	 +2.0000	 -0.0000	      +inf
1779638809.808	 +100.0	  +4.0	 +2.0000	 -0.0000	      +inf
1779638809.908	 +100.0	  +4.0	 +2.0000	 -0.0000	      +inf
1779638810.008	 +100.0	  +4.0	 +2.0000	 -0.0000	      +inf
1779638810.108	 +100.0	  +4.0	 +2.0000	 -0.0000	      +inf
1779638810.208	 +100.0	  +4.0	 +2.0000	 -0.0000	      +inf
1779638810.308	 +100.0	  +4.0	 +2.0000	 -0.0000	      +inf
1779638810.408	 +100.0	  +4.0	 +2.0000	 -0.0000	      +inf
1779638810.508	 +100.0	  +4.0	 +2.0000	 -0.0000	      +inf
1779638810.608	 +100.0	  +4.0	 +2.0000	 -0.0000	      +inf
1779638810.708	 +100.0	  +4.0	 +2.0000	 -0.0000	      +inf
1779638810.808	 +100.0	  +4.0	 +2.0000	 -0.0000	      +inf
1779638810.908	 +100.0	  +4.0	 +2.0000	 -0.0000	      +inf
1779638811.008	 +100.0	  +4.0	 +2.0000	 -0.0000	      +inf
1779638811.108	 +100.0	  +4.0	 +2.0000	 -0.0000	      +inf
1779638811.208	 +100.0	  +4.0	 +2.0000	 -0.0000	      +inf
1779638811.308	 +100.0	  +4.0	 +2.0000	 -0.0000	      +inf
1779638811.408	 +100.0	  +4.0	 +2.0000	 -0.0000	      +inf
1779638811.508	 +100.0	  +4.0	 +2.0000	 -0.0000	      +inf
1779638811.608	 +100.0	  +4.0	 +2.0000	 -0.0000	      +inf
1779638811.708	 +100.0	  +4.0	 +2.0000	 -0.0000	      +inf
1779638811.808	 +100.0	  +4.0	 +2.0000	 -0.0000	      +inf
1779638811.908	 +100.0	  +4.0	 +2.0000	 -0.0000	      +inf
1779638812.008	 +100.0	  +4.0	 +2.0000	 -0.0000	      +inf
1779638812.108	 +100.0	  +4.0	 +2.0000	 -0.0000	      +inf
1779638812.208	 +100.0	  +4.0	 +2.0000	 -0.0000	      +inf
1779638812.308	 +100.0	  +4.0	 +2.0000	 -0.0000	      +inf
1779638812.408	 +100.0	  +4.0	 +2.0000	 -0.0000	      +inf
1779638812.508	 +100.0	  +4.0	 +2.0000	 -0.0000	      +inf
1779638812.608	 +100.0	  +4.0	 +2.0000	 -0.0000	      +inf
1779638816.529	 +100.0	  +4.0	 +2.0000	 -0.0000	      +inf
1779638816.608	 +100.0	  +4.0	 +2.0000	 -0.0000	      +inf
1779638816.708	 +100.0	  +4.0	 +2.0000	 -0.0000	      +inf
1779638816.808	 +100.0	  +4.0	 +2.0000	 -0.0000	      +inf
1779638816.908	 +100.0	  +4.0	 +2.0000	 -0.0000	      +inf
1779638817.008	 +100.0	  +4.0	 +2.0000	 -0.0000	      +inf
1779638817.109	 +100.0	  +4.0	 +2.0000	 -0.0000	      +inf
1779638817.208	 +100.0	  +4.0	 +2.0000	 -0.0000	      +inf
1779638817.308	 +100.0	  +4.0	 +2.0000	 -0.0000	      +inf
1779638817.408	 +100.0	  +4.0	 +2.0000	 -0.0000	      +inf
1779638817.508	 +100.0	  +4.0	 +2.0000	 -0.0000	      +inf
1779638817.608	 +100.0	  +4.0	 +2.0000	 -0.0000	      +inf
1779638817.708	 +100.0	  +4.0	 +2.0000	 -0.0000	      +inf
1779638817.808	 +100.0	  +4.0	 +2.0000	 -0.0000	      +inf
1779638817.908	 +100.0	  +4.0	 +2.0000	 -0.0000	      +inf
1779638818.008	 +100.0	  +4.0	 +2.0000	 -0.0000	      +inf
1779638818.108	 +100.0	  +4.0	 +2.0000	 -0.0000	      +inf
1779638818.208	 +100.0	  +4.0	 +2.0000	 -0.0000	      +inf
1779638818.308	 +100.0	  +4.0	 +2.0000	 -0.0000	      +inf
1779638818.408	 +100.0	  +4.0	 +2.0000	 -0.0000	      +inf
1779638818.508	 +100.0	  +4.0	 +2.0000	 -0.0000	      +inf
1779638818.608	 +100.0	  +4.0	 +2.0000	 -0.0000	      +inf
1779638818.708	 +100.0	  +4.0	 +2.0000	 -0.0000	      +inf
1779638818.808	 +100.0	  +4.0	 +2.0000	 -0.0000	      +inf
1779638818.908	 +100.0	  +4.0	 +2.0000	 -0.0000	      +inf
1779638819.008	 +100.0	  +4.0	 +2.0000	 -0.0000	      +inf
1779638819.108	 +100.0	  +4.0	 +2.0000	 -0.0000	      +inf
1779638819.208	 +100.0	  +4.0	 +2.0000	 -0.0000	      +inf
1779638819.308	 +100.0	  +4.0	 +2.0000	 -0.0000	      +inf
1779638819.408	 +100.0	  +4.0	 +2.0000	 -0.0000	      +inf
1779638819.508	 +100.0	  +4.0	 +2.0000	 -0.0000	      +inf
1779638819.608	 +100.0	  +4.0	 +2.0000	 -0.0000	      +inf
1779638819.708	 +100.0	  +4.0	 +2.0000	 -0.0000	      +inf
1779638819.808	 +100.0	  +4.0	 +2.0000	 -0.0000	      +inf
1779638819.908	 +100.0	  +4.0	 +2.0000	 -0.0000	      +inf
1779638820.008	 +100.0	  +4.0	 +2.0000	 -0.0000	      +inf
1779638820.108	 +100.0	  +4.0	 +2.0000	 -0.0000	      +inf
1779638820.208	 +100.0	  +4.0	 +2.0000	 -0.0000	      +inf
1779638820.308	 +100.0	  +4.0	 +2.0000	 -0.0000	      +inf
1779638820.408	 +100.0	  +4.0	 +2.0000	 -0.0000	      +inf
1779638820.508	 +100.0	  +4.0	 +2.0000	 -0.0000	      +inf
1779638820.608	 +100.0	  +4.0	 +2.0000	 -0.0000	      +inf
1779638820.708	 +100.0	  +4.0	 +2.0000	 -0.0000	      +inf
1779638820.808	 +100.0	  +4.0	 +2.0000	 -0.0000	      +inf
1779638820.908	 +100.0	  +4.0	 +2.0000	 -0.0000	      +inf
1779638821.008	 +100.0	  +4.0	 +2.0000	 -0.0000	      +inf
1779638821.108	 +100.0	  +4.0	 +2.0000	 -0.0000	      +inf
1779638821.208	 +100.0	  +4.0	 +2.0000	 -0.0000	      +inf
1779638821.308	 +100.0	  +4.0	 +2.0000	 -0.0000	      +inf
1779638821.408	 +100.0	  +4.0	 +2.0000	 -0.0000	      +inf
1779638821.508	 +100.0	  +4.0	 +2.0000	 -0.0000	      +inf
1779638821.608	 +100.0	  +4.0	 +2.0000	 -0.0000	      +inf
1779638821.708	 +100.0	  +4.0	 +2.0000	 -0.0000	      +inf
1779638821.808	 +100.0	  +4.0	 +2.0000	 -0.0000	      +inf
1779638821.908	 +100.0	  +4.0	 +2.0000	 -0.0000	      +inf
1779638822.008	 +100.0	  +4.0	 +2.0000	 -0.0000	      +inf
1779638822.108	 +100.0	  +4.0	 +2.0000	 -0.0000	      +inf
1779638822.208	 +100.0	  +4.0	 +2.0000	 -0.0000	      +inf
1779638822.308	 +100.0	  +4.0	 +2.0000	 -0.0000	      +inf
1779638822.408	 +100.0	  +4.0	 +2.0000	 -0.0000	      +inf
1779638822.508	 +100.0	  +4.0	 +2.0000	 -0.0000	      +inf
1779638822.608	 +100.0	  +4.0	 +2.0000	 -0.0000	      +inf
1779638822.708	 +100.0	  +4.0	 +2.0000	 -0.0000	      +inf
1779638822.808	 +100.0	  +4.0	 +2.0000	 -0.0000	      +inf
1779638822.908	 +100.0	  +4.0	 +2.0000	 -0.0000	      +inf
1779638823.008	 +100.0	  +4.0	 +2.0000	 -0.0000	      +inf
1779638823.108	 +100.0	  +4.0	 +2.0000	 -0.0000	      +inf
1779638823.208	 +100.0	  +4.0	 +2.0000	 -0.0000	      +inf
1779638823.308	 +100.0	  +4.0	 +2.0000	 -0.0000	      +inf
1779638823.408	 +100.0	  +4.0	 +2.0000	 -0.0000	      +inf
1779638823.508	 +100.0	  +4.0	 +2.0000	 -0.0000	      +inf
1779638823.608	 +100.0	  +4.0	 +2.0000	 -0.0000	      +inf
1779638823.708	 +100.0	  +4.0	 +2.0000	 -0.0000	      +inf
1779638823.808	 +100.0	  +4.0	 +2.0000	 -0.0000	      +inf
1779638823.908	 +100.0	  +4.0	 +2.0000	 -0.0000	      +inf
1779638824.008	 +100.0	  +4.0	 +2.0000	 -0.0000	      +inf
1779638824.108	 +100.0	  +4.0	 +2.0000	 -0.0000	      +inf
1779638824.208	 +100.0	  +4.0	 +2.0000	 -0.0000	      +inf
1779638824.308	 +100.0	  +4.0	 +2.0000	 -0.0000	      +inf
1779638824.408	 +100.0	  +4.0	 +2.0000	 -0.0000	      +inf
1779638824.508	 +100.0	  +4.0	 +2.0000	 -0.0000	      +inf
1779638824.608	 +100.0	  +4.0	 +2.0000	 -0.0000	      +inf
1779638824.708	 +100.0	  +4.0	 +2.0000	 -0.0000	      +inf
1779638824.808	 +100.0	  +4.0	 +2.0000	 -0.0000	      +inf
1779638824.908	 +100.0	  +4.0	 +2.0000	 -0.0000	      +inf
1779638825.008	 +100.0	  +4.0	 +2.0000	 -0.0000	      +inf
1779638825.108	 +100.0	  +4.0	 +2.0000	 -0.0000	      +inf
1779638825.208	 +100.0	  +4.0	 +2.0000	 -0.0000	      +inf
1779638825.308	 +100.0	  +4.0	 +2.0000	 -0.0000	      +inf
1779638825.408	 +100.0	  +4.0	 +2.0000	 -0.0000	      +inf
1779638825.508	 +100.0	  +4.0	 +2.0000	 -0.0000	      +inf
1779638825.608	 +100.0	  +4.0	 +2.0000	 -0.0000	      +inf
1779638825.708	 +100.0	  +4.0	 +2.0000	 -0.0000	      +inf
1779638825.808	 +100.0	  +4.0	 +2.0000	 -0.0000	      +inf
1779638825.908	 +100.0	  +4.0	 +2.0000	 -0.0000	      +inf
1779638826.008	 +100.0	  +4.0	 +2.0000	 -0.0000	      +inf
1779638826.108	 +100.0	  +4.0	 +2.0000	 -0.0000	      +inf
1779638826.208	 +100.0	  +4.0	 +2.0000	 -0.0000	      +inf
1779638826.308	 +100.0	  +4.0	 +2.0000	 -0.0000	      +inf
1779638826.408	 +100.0	  +4.0	 +2.0000	 -0.0000	      +inf
1779638826.508	 +100.0	  +4.0	 +2.0000	 -0.0000	      +inf
1779638826.608	 +100.0	  +4.0	 +2.0000	 -0.0000	      +inf
1779638826.708	 +100.0	  +4.0	 +2.0000	 -0.0000	      +inf
1779638826.808	 +100.0	  +4.0	 +2.0000	 -0.0000	      +inf
1779638826.908	 +100.0	  +4.0	 +2.0000	 -0.0000	      +inf
1779638827.008	 +100.0	  +4.0	 +2.0000	 -0.0000	      +inf
1779638827.108	 +100.0	  +4.0	 +2.0000	 -0.0000	      +inf
1779638827.208	 +100.0	  +4.0	 +2.0000	 -0.0000	      +inf
1779638827.308	 +100.0	  +4.0	 +2.0000	 -0.0000	      +inf
1779638827.408	 +100.0	  +4.0	 +2.0000	 -0.0000	      +inf
1779638827.508	 +100.0	  +4.0	 +2.0000	 -0.0000	      +inf
1779638827.608	 +100.0	  +4.0	 +2.0000	 -0.0000	      +inf
1779638827.708	 +100.0	  +4.0	 +2.0000	 -0.0000	      +inf
1779638827.808	 +100.0	  +4.0	 +2.0000	 -0.0000	      +inf
1779638827.908	 +100.0	  +4.0	 +2.0000	 -0.0000	      +inf
1779638828.008	 +100.0	  +4.0	 +2.0000	 -0.0000	      +inf
1779638828.108	 +100.0	  +4.0	 +2.0000	 -0.0000	      +inf
1779638828.208	 +100.0	  +4.0	 +2.0000	 -0.0000	      +inf
1779638828.308	 +100.0	  +4.0	 +2.0000	 -0.0000	      +inf
1779638828.408	 +100.0	  +4.0	 +2.0000	 -0.0000	      +inf
1779638828.508	 +100.0	  +4.0	 +2.0000	 -0.0000	      +inf
1779638828.608	 +100.0	  +4.0	 +2.0000	 -0.0000	      +inf
1779638828.708	 +100.0	  +4.0	 +2.0000	 -0.0000	      +inf
1779638828.808	 +100.0	  +4.0	 +2.0000	 -0.0000	      +inf
1779638828.908	 +100.0	  +4.0	 +2.0000	 -0.0000	      +inf
1779638829.008	 +100.0	  +4.0	 +2.0000	 -0.0000	      +inf
1779638829.108	 +100.0	  +4.0	 +2.0000	 -0.0000	      +inf
1779638829.208	 +100.0	  +4.0	 +2.0000	 -0.0000	      +inf
1779638829.308	 +100.0	  +4.0	 +2.0000	 -0.0000	      +inf
1779638829.408	 +100.0	  +4.0	 +2.0000	 -0.0000	      +inf
1779638829.508	 +100.0	  +4.0	 +2.0000	 -0.0000	      +inf
1779638829.608	 +100.0	  +4.0	 +2.0000	 -0.0000	      +inf
1779638829.708	 +100.0	  +4.0	 +2.0000	 -0.0000	      +inf
1779638829.808	 +100.0	  +4.0	 +2.0000	 -0.0000	      +inf
1779638829.908	 +100.0	  +4.0	 +2.0000	 -0.0000	      +inf
1779638830.008	 +100.0	  +4.0	 +2.0000	 -0.0000	      +inf
1779638830.108	 +100.0	  +4.0	 +2.0000	 -0.0000	      +inf
1779638830.208	 +100.0	  +4.0	 +2.0000	 -0.0000	      +inf
1779638830.308	 +100.0	  +4.0	 +2.0000	 -0.0000	      +inf
1779638830.408	 +100.0	  +4.0	 +2.0000	 -0.0000	      +inf
1779638830.508	 +100.0	  +4.0	 +2.0000	 -0.0000	      +inf
1779638830.608	 +100.0	  +4.0	 +2.0000	 -0.0000	      +inf
1779638830.708	 +100.0	  +4.0	 +2.0000	 -0.0000	      +inf
1779638830.808	 +100.0	  +4.0	 +2.0000	 -0.0000	      +inf
1779638830.908	 +100.0	  +4.0	 +2.0000	 -0.0000	      +inf
1779638831.008	 +100.0	  +4.0	 +2.0000	 -0.0000	      +inf
1779638831.108	 +100.0	  +4.0	 +2.0000	 -0.0000	      +inf
1779638831.208	 +100.0	  +4.0	 +2.0000	 -0.0000	      +inf
1779638831.308	 +100.0	  +4.0	 +2.0000	 -0.0000	      +inf
1779638831.408	 +100.0	  +4.0	 +2.0000	 -0.0000	      +inf
1779638831.508	 +100.0	  +4.0	 +2.0000	 -0.0000	      +inf
1779638831.608	 +100.0	  +4.0	 +2.0000	 -0.0000	      +inf
1779638831.708	 +100.0	  +4.0	 +2.0000	 -0.0000	      +inf
1779638831.808	 +100.0	  +4.0	 +2.0000	 -0.0000	      +inf
1779638831.908	 +100.0	  +4.0	 +2.0000	 -0.0000	      +inf
1779638832.008	 +100.0	  +4.0	 +2.0000	 -0.0000	      +inf
1779638832.108	 +100.0	  +4.0	 +2.0000	 -0.0000	      +inf
1779638832.208	 +100.0	  +4.0	 +2.0000	 -0.0000	      +inf
1779638832.308	 +100.0	  +4.0	 +2.0000	 -0.0000	      +inf
1779638832.408	 +100.0	  +4.0	 +2.0000	 -0.0000	      +inf
1779638832.508	 +100.0	  +4.0	 +2.0000	 -0.0000	      +inf
1779638832.608	 +100.0	  +4.0	 +2.0000	 -0.0000	      +inf
1779638832.708	 +100.0	  +4.0	 +2.0000	 -0.0000	      +inf
1779638832.808	 +100.0	  +4.0	 +2.0000	 -0.0000	      +inf
1779638832.908	 +100.0	  +4.0	 +2.0000	 -0.0000	      +inf
1779638833.008	 +100.0	  +4.0	 +2.0000	 -0.0000	      +inf
1779638833.108	 +100.0	  +4.0	 +2.0000	 -0.0000	      +inf
1779638833.208	 +100.0	  +4.0	 +2.0000	 -0.0000	      +inf
1779638833.308	 +100.0	  +4.0	 +2.0000	 -0.0000	      +inf
1779638833.408	 +100.0	  +4.0	 +2.0000	 -0.0000	      +inf
1779638833.508	 +100.0	  +4.0	 +2.0000	 -0.0000	      +inf
1779638833.608	 +100.0	  +4.0	 +2.0000	 -0.0000	      +inf
1779638833.708	 +100.0	  +4.0	 +2.0000	 -0.0000	      +inf
1779638833.808	 +100.0	  +4.0	 +2.0000	 -0.0000	      +inf
1779638833.908	 +100.0	  +4.0	 +2.0000	 -0.0000	      +inf
1779638834.008	 +100.0	  +4.0	 +2.0000	 -0.0000	      +inf
1779638834.108	 +100.0	  +4.0	 +2.0000	 -0.0000	      +inf
1779638834.208	 +100.0	  +4.0	 +2.0000	 -0.0000	      +inf
1779638834.308	 +100.0	  +4.0	 +2.0000	 -0.0000	      +inf
1779638834.408	 +100.0	  +4.0	 +2.0000	 -0.0000	      +inf
1779638834.508	 +100.0	  +4.0	 +2.0000	 -0.0000	      +inf
1779638834.608	 +100.0	  +4.0	 +2.0000	 -0.0000	      +inf
1779638834.708	 +100.0	  +4.0	 +2.0000	 -0.0000	      +inf
1779638834.808	 +100.0	  +4.0	 +2.0000	 -0.0000	      +inf
1779638834.908	 +100.0	  +4.0	 +2.0000	 -0.0000	      +inf
1779638835.008	 +100.0	  +4.0	 +2.0000	 -0.0000	      +inf
1779638835.108	 +100.0	  +4.0	 +2.0000	 -0.0000	      +inf
1779638835.208	 +100.0	  +4.0	 +2.0000	 -0.0000	      +inf
1779638835.308	 +100.0	  +4.0	 +2.0000	 -0.0000	      +inf
1779638835.408	 +100.0	  +4.0	 +2.0000	 -0.0000	      +inf
1779638835.508	 +100.0	  +4.0	 +2.0000	 -0.0000	      +inf
1779638835.608	 +100.0	  +4.0	 +2.0000	 -0.0000	      +inf
1779638835.708	 +100.0	  +4.0	 +2.0000	 -0.0000	      +inf
1779638835.808	 +100.0	  +4.0	 +2.0000	 -0.0000	      +inf
1779638835.908	 +100.0	  +4.0	 +2.0000	 -0.0000	      +inf
1779638836.008	 +100.0	  +4.0	 +2.0000	 -0.0000	      +inf
1779638836.108	 +100.0	  +4.0	 +2.0000	 -0.0000	      +inf
1779638836.208	 +100.0	  +4.0	 +2.0000	 -0.0000	      +inf
1779638836.308	 +100.0	  +4.0	 +2.0000	 -0.0000	      +inf
1779638836.408	 +100.0	  +4.0	 +2.0000	 -0.0000	      +inf
1779638836.508	 +100.0	  +4.0	 +2.0000	 -0.0000	      +inf
1779638836.608	 +100.0	  +4.0	 +2.0000	 -0.0000	      +inf
1779638836.708	 +100.0	  +4.0	 +2.0000	 -0.0000	      +inf
1779638836.808	 +100.0	  +4.0	 +2.0000	 -0.0000	      +inf
1779638836.908	 +100.0	  +4.0	 +2.0000	 -0.0000	      +inf
1779638837.008	 +100.0	  +4.0	 +2.0000	 -0.0000	      +inf
1779638837.108	 +100.0	  +4.0	 +2.0000	 -0.0000	      +inf
1779638837.208	 +100.0	  +4.0	 +2.0000	 -0.0000	      +inf
1779638837.308	 +100.0	  +4.0	 +2.0000	 -0.0000	      +inf
1779638837.408	 +100.0	  +4.0	 +2.0000	 -0.0000	      +inf
1779638837.508	 +100.0	  +4.0	 +2.0000	 -0.0000	      +inf
1779638837.608	 +100.0	  +4.0	 +2.0000	 -0.0000	      +inf
1779638837.708	 +100.0	  +4.0	 +2.0000	 -0.0000	      +inf
1779638837.808	 +100.0	  +4.0	 +2.0000	 -0.0000	      +inf
1779638837.908	 +100.0	  +4.0	 +2.0000	 -0.0000	      +inf
1779638838.008	 +100.0	  +4.0	 +2.0000	 -0.0000	      +inf
1779638838.108	 +100.0	  +4.0	 +2.0000	 -0.0000	      +inf
1779638838.208	 +100.0	  +4.0	 +2.0000	 -0.0000	      +inf
1779638838.308	 +100.0	  +4.0	 +2.0000	 -0.0000	      +inf
1779638838.408	 +100.0	  +4.0	 +2.0000	 -0.0000	      +inf
1779638838.508	 +100.0	  +4.0	 +2.0000	 -0.0000	      +inf
1779638838.608	 +100.0	  +4.0	 +2.0000	 -0.0000	      +inf
1779638838.708	 +100.0	  +4.0	 +2.0000	 -0.0000	      +inf
1779638838.808	 +100.0	  +4.0	 +2.0000	 -0.0000	      +inf
1779638838.908	 +100.0	  +4.0	 +2.0000	 -0.0000	      +inf
1779638839.008	 +100.0	  +4.0	 +2.0000	 -0.0000	      +inf
1779638839.108	 +100.0	  +4.0	 +2.0000	 -0.0000	      +inf
1779638839.208	 +100.0	  +4.0	 +2.0000	 -0.0000	      +inf
1779638839.308	 +100.0	  +4.0	 +2.0000	 -0.0000	      +inf
1779638839.408	 +100.0	  +4.0	 +2.0000	 -0.0000	      +inf
1779638839.508	 +100.0	  +4.0	 +2.0000	 -0.0000	      +inf
1779638839.608	 +100.0	  +4.0	 +2.0000	 -0.0000	      +inf
1779638839.708	 +100.0	  +4.0	 +2.0000	 -0.0000	      +inf
1779638839.808	 +100.0	  +4.0	 +2.0000	 -0.0000	      +inf
1779638839.908	 +100.0	  +4.0	 +2.0000	 -0.0000	      +inf
1779638840.008	 +100.0	  +4.0	 +2.0000	 -0.0000	      +inf
1779638840.108	 +100.0	  +4.0	 +2.0000	 -0.0000	      +inf
1779638840.208	 +100.0	  +4.0	 +2.0000	 -0.0000	      +inf
1779638840.308	 +100.0	  +4.0	 +2.0000	 -0.0000	      +inf
1779638840.408	 +100.0	  +4.0	 +2.0000	 -0.0000	      +inf
1779638840.508	 +100.0	  +4.0	 +2.0000	 -0.0000	      +inf
1779638840.608	 +100.0	  +4.0	 +2.0000	 -0.0000	      +inf
1779638840.708	 +100.0	  +4.0	 +2.0000	 -0.0000	      +inf
1779638840.808	 +100.0	  +4.0	 +2.0000	 -0.0000	      +inf
1779638840.908	 +100.0	  +4.0	 +2.0000	 -0.0000	      +inf
1779638841.008	 +100.0	  +4.0	 +2.0000	 -0.0000	      +inf
1779638841.108	 +100.0	  +4.0	 +2.0000	 -0.0000	      +inf
1779638841.208	 +100.0	  +4.0	 +2.0000	 -0.0000	      +inf
1779638841.308	 +100.0	  +4.0	 +2.0000	 -0.0000	      +inf
1779638841.408	 +100.0	  +4.0	 +2.0000	 -0.0000	      +inf
1779638841.508	 +100.0	  +4.0	 +2.0000	 -0.0000	      +inf
1779638841.608	 +100.0	  +4.0	 +2.0000	 -0.0000	      +inf
1779638841.708	 +100.0	  +4.0	 +2.0000	 -0.0000	      +inf
1779638841.808	 +100.0	  +4.0	 +2.0000	 -0.0000	      +inf
1779638841.908	 +100.0	  +4.0	 +2.0000	 -0.0000	      +inf
1779638842.008	 +100.0	  +4.0	 +2.0000	 -0.0000	      +inf
1779638842.108	 +100.0	  +4.0	 +2.0000	 -0.0000	      +inf
1779638842.208	 +100.0	  +4.0	 +2.0000	 -0.0000	      +inf
1779638842.308	 +100.0	  +4.0	 +2.0000	 -0.0000	      +inf
1779638842.408	 +100.0	  +4.0	 +2.0000	 -0.0000	      +inf
1779638842.508	 +100.0	  +4.0	 +2.0000	 -0.0000	      +inf
1779638842.608	 +100.0	  +4.0	 +2.0000	 -0.0000	      +inf
1779638842.708	 +100.0	  +4.0	 +2.0000	 -0.0000	      +inf
1779638842.808	 +100.0	  +4.0	 +2.0000	 -0.0000	      +inf
1779638842.908	 +100.0	  +4.0	 +2.0000	 -0.0000	      +inf
1779638843.008	 +100.0	  +4.0	 +2.0000	 -0.0000	      +inf
1779638843.108	 +100.0	  +4.0	 +2.0000	 -0.0000	      +inf
1779638843.208	 +100.0	  +4.0	 +2.0000	 -0.0000	      +inf
1779638843.308	 +100.0	  +4.0	 +2.0000	 -0.0000	      +inf
1779638843.408	 +100.0	  +4.0	 +2.0000	 -0.0000	      +inf
1779638843.508	 +100.0	  +4.0	 +2.0000	 -0.0000	      +inf
1779638843.608	 +100.0	  +4.0	 +2.0000	 -0.0000	      +inf
1779638843.708	 +100.0	  +4.0	 +2.0000	 -0.0000	      +inf
1779638843.808	 +100.0	  +4.0	 +2.0000	 -0.0000	      +inf
1779638843.908	 +100.0	  +4.0	 +2.0000	 -0.0000	      +inf
1779638844.008	 +100.0	  +4.0	 +2.0000	 -0.0000	      +inf
1779638844.108	 +100.0	  +4.0	 +2.0000	 -0.0000	      +inf
1779638844.208	 +100.0	  +4.0	 +2.0000	 -0.0000	      +inf
1779638844.308	 +100.0	  +4.0	 +2.0000	 -0.0000	      +inf
1779638844.408	 +100.0	  +4.0	 +2.0000	 -0.0000	      +inf
1779638844.508	 +100.0	  +4.0	 +2.0000	 -0.0000	      +inf
1779638844.608	 +100.0	  +4.0	 +2.0000	 -0.0000	      +inf
1779638844.708	 +100.0	  +4.0	 +2.0000	 -0.0000	      +inf
1779638844.808	 +100.0	  +4.0	 +2.0000	 -0.0000	      +inf
1779638844.908	 +100.0	  +4.0	 +2.0000	 -0.0000	      +inf
1779638845.008	 +100.0	  +4.0	 +2.0000	 -0.0000	      +inf
1779638845.108	 +100.0	  +4.0	 +2.0000	 -0.0000	      +inf
1779638845.208	 +100.0	  +4.0	 +2.0000	 -0.0000	      +inf
1779638845.308	 +100.0	  +4.0	 +2.0000	 -0.0000	      +inf
1779638845.408	 +100.0	  +4.0	 +2.0000	 -0.0000	      +inf
1779638845.508	 +100.0	  +4.0	 +2.0000	 -0.0000	      +inf
1779638845.608	 +100.0	  +4.0	 +2.0000	 -0.0000	      +inf
1779638845.708	 +100.0	  +4.0	 +2.0000	 -0.0000	      +inf
1779638845.808	 +100.0	  +4.0	 +2.0000	 -0.0000	      +inf
1779638845.908	 +100.0	  +4.0	 +2.0000	 -0.0000	      +inf
1779638846.008	 +100.0	  +4.0	 +2.0000	 -0.0000	      +inf
1779638846.108	 +100.0	  +4.0	 +2.0000	 -0.0000	      +inf
1779638846.208	 +100.0	  +4.0	 +2.0000	 -0.0000	      +inf
1779638846.308	 +100.0	  +4.0	 +2.0000	 -0.0000	      +inf
1779638846.408	 +100.0	  +4.0	 +2.0000	 -0.0000	      +inf
1779638846.508	 +100.0	  +4.0	 +2.0000	 -0.0000	      +inf
1779638846.608	 +100.0	  +4.0	 +2.0000	 -0.0000	      +inf
1779638846.708	 +100.0	  +4.0	 +2.0000	 -0.0000	      +inf
1779638846.808	 +100.0	  +4.0	 +2.0000	 -0.0000	      +inf
1779638846.908	 +100.0	  +4.0	 +2.0000	 -0.0000	      +inf
1779638847.008	 +100.0	  +4.0	 +2.0000	 -0.0000	      +inf
1779638847.108	 +100.0	  +4.0	 +2.0000	 -0.0000	      +inf
1779638847.208	 +100.0	  +4.0	 +2.0000	 -0.0000	      +inf
1779638847.308	 +100.0	  +4.0	 +2.0000	 -0.0000	      +inf
1779638847.408	 +100.0	  +4.0	 +2.0000	 -0.0000	      +inf
1779638847.508	 +100.0	  +4.0	 +2.0000	 -0.0000	      +inf
1779638847.608	 +100.0	  +4.0	 +2.0000	 -0.0000	      +inf
1779638847.708	 +100.0	  +4.0	 +2.0000	 -0.0000	      +inf
1779638847.808	 +100.0	  +4.0	 +2.0000	 -0.0000	      +inf
1779638847.908	 +100.0	  +4.0	 +2.0000	 -0.0000	      +inf
1779638848.008	 +100.0	  +4.0	 +2.0000	 -0.0000	      +inf
1779638848.108	 +100.0	  +4.0	 +2.0000	 -0.0000	      +inf
1779638848.208	 +100.0	  +4.0	 +2.0000	 -0.0000	      +inf
1779638848.308	 +100.0	  +4.0	 +2.0000	 -0.0000	      +inf
1779638848.408	 +100.0	  +4.0	 +2.0000	 -0.0000	      +inf
1779638848.508	 +100.0	  +4.0	 +2.0000	 -0.0000	      +inf
1779638848.608	 +100.0	  +4.0	 +2.0000	 -0.0000	      +inf
1779638848.708	 +100.0	  +4.0	 +2.0000	 -0.0000	      +inf
1779638848.808	 +100.0	  +4.0	 +2.0000	 -0.0000	      +inf
1779638852.462	 +100.0	  +4.0	 +2.0000	 -0.0000	      +inf
1779638852.508	 +100.0	  +4.0	 +2.0000	 -0.0000	      +inf
1779638852.608	 +100.0	  +4.0	 +2.0000	 -0.0000	      +inf
1779638852.708	 +100.0	  +4.0	 +2.0000	 -0.0000	      +inf
1779638852.808	 +100.0	  +4.0	 +2.0000	 -0.0000	      +inf
1779638852.908	 +100.0	  +4.0	 +2.0000	 -0.0000	      +inf
1779638853.008	 +100.0	  +4.0	 +2.0000	 -0.0000	      +inf
1779638853.108	 +100.0	  +4.0	 +2.0000	 -0.0000	      +inf
1779638853.208	 +100.0	  +4.0	 +2.0000	 -0.0000	      +inf
1779638853.308	 +100.0	  +4.0	 +2.0000	 -0.0000	      +inf
1779638853.408	 +100.0	  +4.0	 +2.0000	 -0.0000	      +inf
1779638853.508	 +100.0	  +4.0	 +2.0000	 -0.0000	      +inf
1779638853.608	 +100.0	  +4.0	 +2.0000	 -0.0000	      +inf
1779638853.708	 +100.0	  +4.0	 +2.0000	 -0.0000	      +inf
1779638853.808	 +100.0	  +4.0	 +2.0000	 -0.0000	      +inf
1779638853.908	 +100.0	  +4.0	 +2.0000	 -0.0000	      +inf
1779638854.008	 +100.0	  +4.0	 +2.0000	 -0.0000	      +inf
1779638854.108	 +100.0	  +4.0	 +2.0000	 -0.0000	      +inf
1779638854.208	 +100.0	  +4.0	 +2.0000	 -0.0000	      +inf
1779638854.308	 +100.0	  +4.0	 +2.0000	 -0.0000	      +inf
1779638854.408	 +100.0	  +4.0	 +2.0000	 -0.0000	      +inf
1779638854.508	 +100.0	  +4.0	 +2.0000	 -0.0000	      +inf
1779638854.608	 +100.0	  +4.0	 +2.0000	 -0.0000	      +inf
1779638854.708	 +100.0	  +4.0	 +2.0000	 -0.0000	      +inf
1779638854.808	 +100.0	  +4.0	 +2.0000	 -0.0000	      +inf
1779638854.908	 +100.0	  +4.0	 +2.0000	 -0.0000	      +inf
1779638855.008	 +100.0	  +4.0	 +2.0000	 -0.0000	      +inf
1779638855.108	 +100.0	  +4.0	 +2.0000	 -0.0000	      +inf
1779638855.208	 +100.0	  +4.0	 +2.0000	 -0.0000	      +inf
1779638855.308	 +100.0	  +4.0	 +2.0000	 -0.0000	      +inf
1779638855.409	 +100.0	  +4.0	 +2.0000	 -0.0000	      +inf
1779638855.508	 +100.0	  +4.0	 +2.0000	 -0.0000	      +inf
1779638855.608	 +100.0	  +4.0	 +2.0000	 -0.0000	      +inf
1779638855.708	 +100.0	  +4.0	 +2.0000	 -0.0000	      +inf
1779638855.808	 +100.0	  +4.0	 +2.0000	 -0.0000	      +inf
1779638855.908	 +100.0	  +4.0	 +2.0000	 -0.0000	      +inf
1779638856.008	 +100.0	  +4.0	 +2.0000	 -0.0000	      +inf
1779638856.108	 +100.0	  +4.0	 +2.0000	 -0.0000	      +inf
1779638856.208	 +100.0	  +4.0	 +2.0000	 -0.0000	      +inf
1779638856.308	 +100.0	  +4.0	 +2.0000	 -0.0000	      +inf
1779638856.408	 +100.0	  +4.0	 +2.0000	 -0.0000	      +inf
1779638856.508	 +100.0	  +4.0	 +2.0000	 -0.0000	      +inf
1779638856.608	 +100.0	  +4.0	 +2.0000	 -0.0000	      +inf
1779638856.708	 +100.0	  +4.0	 +2.0000	 -0.0000	      +inf
1779638856.808	 +100.0	  +4.0	 +2.0000	 -0.0000	      +inf
1779638856.908	 +100.0	  +4.0	 +2.0000	 -0.0000	      +inf
1779638857.008	 +100.0	  +4.0	 +2.0000	 -0.0000	      +inf
1779638857.108	 +100.0	  +4.0	 +2.0000	 -0.0000	      +inf
1779638857.208	 +100.0	  +4.0	 +2.0000	 -0.0000	      +inf
1779638857.308	 +100.0	  +4.0	 +2.0000	 -0.0000	      +inf
1779638857.408	 +100.0	  +4.0	 +2.0000	 -0.0000	      +inf
1779638857.508	 +100.0	  +4.0	 +2.0000	 -0.0000	      +inf
1779638857.608	 +100.0	  +4.0	 +2.0000	 -0.0000	      +inf
1779638857.708	 +100.0	  +4.0	 +2.0000	 -0.0000	      +inf
1779638857.808	 +100.0	  +4.0	 +2.0000	 -0.0000	      +inf
1779638857.908	 +100.0	  +4.0	 +2.0000	 -0.0000	      +inf
1779638858.008	 +100.0	  +4.0	 +2.0000	 -0.0000	      +inf
1779638858.108	 +100.0	  +4.0	 +2.0000	 -0.0000	      +inf
1779638858.208	 +100.0	  +4.0	 +2.0000	 -0.0000	      +inf
1779638858.308	 +100.0	  +4.0	 +2.0000	 -0.0000	      +inf
1779638858.408	 +100.0	  +4.0	 +2.0000	 -0.0000	      +inf
1779638858.508	 +100.0	  +4.0	 +2.0000	 -0.0000	      +inf
1779638858.608	 +100.0	  +4.0	 +2.0000	 -0.0000	      +inf
1779638858.708	 +100.0	  +4.0	 +2.0000	 -0.0000	      +inf
1779638858.808	 +100.0	  +4.0	 +2.0000	 -0.0000	      +inf
1779638858.908	 +100.0	  +4.0	 +2.0000	 -0.0000	      +inf
1779638859.008	 +100.0	  +4.0	 +2.0000	 -0.0000	      +inf
1779638859.108	 +100.0	  +4.0	 +2.0000	 -0.0000	      +inf
1779638859.208	 +100.0	  +4.0	 +2.0000	 -0.0000	      +inf
1779638859.308	 +100.0	  +4.0	 +2.0000	 -0.0000	      +inf
1779638859.408	 +100.0	  +4.0	 +2.0000	 -0.0000	      +inf
1779638859.508	 +100.0	  +4.0	 +2.0000	 -0.0000	      +inf
1779638859.608	 +100.0	  +4.0	 +2.0000	 -0.0000	      +inf
1779638859.708	 +100.0	  +4.0	 +2.0000	 -0.0000	      +inf
1779638859.808	 +100.0	  +4.0	 +2.0000	 -0.0000	      +inf
1779638859.908	 +100.0	  +4.0	 +2.0000	 -0.0000	      +inf
1779638860.008	 +100.0	  +4.0	 +2.0000	 -0.0000	      +inf
1779638860.108	 +100.0	  +4.0	 +2.0000	 -0.0000	      +inf
1779638860.208	 +100.0	  +4.0	 +2.0000	 -0.0000	      +inf
1779638860.308	 +100.0	  +4.0	 +2.0000	 -0.0000	      +inf
1779638860.408	 +100.0	  +4.0	 +2.0000	 -0.0000	      +inf
1779638860.508	 +100.0	  +4.0	 +2.0000	 -0.0000	      +inf
1779638860.608	 +100.0	  +4.0	 +2.0000	 -0.0000	      +inf
1779638860.708	 +100.0	  +4.0	 +2.0000	 -0.0000	      +inf
1779638860.808	 +100.0	  +4.0	 +2.0000	 -0.0000	      +inf
1779638860.908	 +100.0	  +4.0	 +2.0000	 -0.0000	      +inf
1779638861.008	 +100.0	  +4.0	 +2.0000	 -0.0000	      +inf
1779638861.108	 +100.0	  +4.0	 +2.0000	 -0.0000	      +inf
1779638861.208	 +100.0	  +4.0	 +2.0000	 -0.0000	      +inf
1779638861.308	 +100.0	  +4.0	 +2.0000	 -0.0000	      +inf
1779638861.408	 +100.0	  +4.0	 +2.0000	 -0.0000	      +inf
1779638861.508	 +100.0	  +4.0	 +2.0000	 -0.0000	      +inf
1779638861.608	 +100.0	  +4.0	 +2.0000	 -0.0000	      +inf
1779638861.708	 +100.0	  +4.0	 +2.0000	 -0.0000	      +inf
1779638861.808	 +100.0	  +4.0	 +2.0000	 -0.0000	      +inf
1779638861.908	 +100.0	  +4.0	 +2.0000	 -0.0000	      +inf
1779638862.008	 +100.0	  +4.0	 +2.0000	 -0.0000	      +inf
1779638862.108	 +100.0	  +4.0	 +2.0000	 -0.0000	      +inf
1779638862.208	 +100.0	  +4.0	 +2.0000	 -0.0000	      +inf
1779638862.308	 +100.0	  +4.0	 +2.0000	 -0.0000	      +inf
1779638862.408	 +100.0	  +4.0	 +2.0000	 -0.0000	      +inf
1779638862.508	 +100.0	  +4.0	 +2.0000	 -0.0000	      +inf
1779638862.608	 +100.0	  +4.0	 +2.0000	 -0.0000	      +inf
1779638862.708	 +100.0	  +4.0	 +2.0000	 -0.0000	      +inf
1779638862.808	 +100.0	  +4.0	 +2.0000	 -0.0000	      +inf
1779638862.908	 +100.0	  +4.0	 +2.0000	 -0.0000	      +inf
1779638863.008	 +100.0	  +4.0	 +2.0000	 -0.0000	      +inf
1779638863.108	 +100.0	  +4.0	 +2.0000	 -0.0000	      +inf
1779638863.208	 +100.0	  +4.0	 +2.0000	 -0.0000	      +inf
1779638863.308	 +100.0	  +4.0	 +2.0000	 -0.0000	      +inf
1779638863.408	 +100.0	  +4.0	 +2.0000	 -0.0000	      +inf
1779638863.508	 +100.0	  +4.0	 +2.0000	 -0.0000	      +inf
1779638863.608	 +100.0	  +4.0	 +2.0000	 -0.0000	      +inf
1779638863.708	 +100.0	  +4.0	 +2.0000	 -0.0000	      +inf
1779638863.808	 +100.0	  +4.0	 +2.0000	 -0.0000	      +inf
1779638863.908	 +100.0	  +4.0	 +2.0000	 -0.0000	      +inf
1779638864.008	 +100.0	  +4.0	 +2.0000	 -0.0000	      +inf
1779638864.108	 +100.0	  +4.0	 +2.0000	 -0.0000	      +inf
1779638864.208	 +100.0	  +4.0	 +2.0000	 -0.0000	      +inf
1779638864.308	 +100.0	  +4.0	 +2.0000	 -0.0000	      +inf
1779638864.408	 +100.0	  +4.0	 +2.0000	 -0.0000	      +inf
1779638864.508	 +100.0	  +4.0	 +2.0000	 -0.0000	      +inf
1779638864.608	 +100.0	  +4.0	 +2.0000	 -0.0000	      +inf
1779638864.708	 +100.0	  +4.0	 +2.0000	 -0.0000	      +inf
1779638864.808	 +100.0	  +4.0	 +2.0000	 -0.0000	      +inf
1779638864.908	 +100.0	  +4.0	 +2.0000	 -0.0000	      +inf
1779638865.008	 +100.0	  +4.0	 +2.0000	 -0.0000	      +inf
1779638865.108	 +100.0	  +4.0	 +2.0000	 -0.0000	      +inf
1779638865.208	 +100.0	  +4.0	 +2.0000	 -0.0000	      +inf
1779638865.308	 +100.0	  +4.0	 +2.0000	 -0.0000	      +inf
1779638865.408	 +100.0	  +4.0	 +2.0000	 -0.0000	      +inf
1779638865.508	 +100.0	  +4.0	 +2.0000	 -0.0000	      +inf
1779638865.608	 +100.0	  +4.0	 +2.0000	 -0.0000	      +inf
1779638865.708	 +100.0	  +4.0	 +2.0000	 -0.0000	      +inf
1779638865.808	 +100.0	  +4.0	 +2.0000	 -0.0000	      +inf
1779638865.908	 +100.0	  +4.0	 +2.0000	 -0.0000	      +inf
1779638866.008	 +100.0	  +4.0	 +2.0000	 -0.0000	      +inf
1779638866.108	 +100.0	  +4.0	 +2.0000	 -0.0000	      +inf
1779638866.208	 +100.0	  +4.0	 +2.0000	 -0.0000	      +inf
1779638866.308	 +100.0	  +4.0	 +2.0000	 -0.0000	      +inf
1779638866.408	 +100.0	  +4.0	 +2.0000	 -0.0000	      +inf
1779638866.508	 +100.0	  +4.0	 +2.0000	 -0.0000	      +inf
1779638866.608	 +100.0	  +4.0	 +2.0000	 -0.0000	      +inf
1779638866.708	 +100.0	  +4.0	 +2.0000	 -0.0000	      +inf
1779638866.808	 +100.0	  +4.0	 +2.0000	 -0.0000	      +inf
1779638866.908	 +100.0	  +4.0	 +2.0000	 -0.0000	      +inf
1779638867.008	 +100.0	  +4.0	 +2.0000	 -0.0000	      +inf
1779638867.108	 +100.0	  +4.0	 +2.0000	 -0.0000	      +inf
1779638867.208	 +100.0	  +4.0	 +2.0000	 -0.0000	      +inf
1779638867.308	 +100.0	  +4.0	 +2.0000	 -0.0000	      +inf
1779638867.408	 +100.0	  +4.0	 +2.0000	 -0.0000	      +inf
1779638867.508	 +100.0	  +4.0	 +2.0000	 -0.0000	      +inf
1779638867.608	 +100.0	  +4.0	 +2.0000	 -0.0000	      +inf
1779638867.708	 +100.0	  +4.0	 +2.0000	 -0.0000	      +inf
1779638867.808	 +100.0	  +4.0	 +2.0000	 -0.0000	      +inf
1779638867.908	 +100.0	  +4.0	 +2.0000	 -0.0000	      +inf
1779638868.008	 +100.0	  +4.0	 +2.0000	 -0.0000	      +inf
1779638868.108	 +100.0	  +4.0	 +2.0000	 -0.0000	      +inf
1779638868.208	 +100.0	  +4.0	 +2.0000	 -0.0000	      +inf
1779638868.309	 +100.0	  +4.0	 +2.0000	 -0.0000	      +inf
1779638868.408	 +100.0	  +4.0	 +2.0000	 -0.0000	      +inf
1779638868.508	 +100.0	  +4.0	 +2.0000	 -0.0000	      +inf
1779638868.609	 +100.0	  +4.0	 +2.0000	 -0.0000	      +inf
1779638868.708	 +100.0	  +4.0	 +2.0000	 -0.0000	      +inf
1779638868.809	 +100.0	  +4.0	 +2.0000	 -0.0000	      +inf
1779638868.908	 +100.0	  +4.0	 +2.0000	 -0.0000	      +inf
1779638869.008	 +100.0	  +4.0	 +2.0000	 -0.0000	      +inf
1779638869.108	 +100.0	  +4.0	 +2.0000	 -0.0000	      +inf
1779638869.208	 +100.0	  +4.0	 +2.0000	 -0.0000	      +inf
1779638869.308	 +100.0	  +4.0	 +2.0000	 -0.0000	      +inf
1779638869.408	 +100.0	  +4.0	 +2.0000	 -0.0000	      +inf
1779638869.508	 +100.0	  +4.0	 +2.0000	 -0.0000	      +inf
1779638869.608	 +100.0	  +4.0	 +2.0000	 -0.0000	      +inf
1779638869.708	 +100.0	  +4.0	 +2.0000	 -0.0000	      +inf
1779638869.808	 +100.0	  +4.0	 +2.0000	 -0.0000	      +inf
1779638869.908	 +100.0	  +4.0	 +2.0000	 -0.0000	      +inf
1779638870.008	 +100.0	  +4.0	 +2.0000	 -0.0000	      +inf
1779638870.108	 +100.0	  +4.0	 +2.0000	 -0.0000	      +inf
1779638870.208	 +100.0	  +4.0	 +2.0000	 -0.0000	      +inf
1779638870.308	 +100.0	  +4.0	 +2.0000	 -0.0000	      +inf
1779638870.408	 +100.0	  +4.0	 +2.0000	 -0.0000	      +inf
1779638870.508	 +100.0	  +4.0	 +2.0000	 -0.0000	      +inf
1779638870.608	 +100.0	  +4.0	 +2.0000	 -0.0000	      +inf
1779638870.708	 +100.0	  +4.0	 +2.0000	 -0.0000	      +inf
1779638870.808	 +100.0	  +4.0	 +2.0000	 -0.0000	      +inf
1779638870.908	 +100.0	  +4.0	 +2.0000	 -0.0000	      +inf
1779638871.008	 +100.0	  +4.0	 +2.0000	 -0.0000	      +inf
1779638871.108	 +100.0	  +4.0	 +2.0000	 -0.0000	      +inf
1779638871.208	 +100.0	  +4.0	 +2.0000	 -0.0000	      +inf
1779638871.308	 +100.0	  +4.0	 +2.0000	 -0.0000	      +inf
1779638871.408	 +100.0	  +4.0	 +2.0000	 -0.0000	      +inf
1779638871.508	 +100.0	  +4.0	 +2.0000	 -0.0000	      +inf
1779638871.608	 +100.0	  +4.0	 +2.0000	 -0.0000	      +inf
1779638871.708	 +100.0	  +4.0	 +2.0000	 -0.0000	      +inf
1779638871.808	 +100.0	  +4.0	 +2.0000	 -0.0000	      +inf
1779638871.908	 +100.0	  +4.0	 +2.0000	 -0.0000	      +inf
1779638872.008	 +100.0	  +4.0	 +2.0000	 -0.0000	      +inf
1779638872.108	 +100.0	  +4.0	 +2.0000	 -0.0000	      +inf
1779638872.208	 +100.0	  +4.0	 +2.0000	 -0.0000	      +inf
1779638872.308	 +100.0	  +4.0	 +2.0000	 -0.0000	      +inf
1779638872.408	 +100.0	  +4.0	 +2.0000	 -0.0000	      +inf
1779638872.508	 +100.0	  +4.0	 +2.0000	 -0.0000	      +inf
1779638872.608	 +100.0	  +4.0	 +2.0000	 -0.0000	      +inf
1779638872.708	 +100.0	  +4.0	 +2.0000	 -0.0000	      +inf
1779638872.808	 +100.0	  +4.0	 +2.0000	 -0.0000	      +inf
1779638872.908	 +100.0	  +4.0	 +2.0000	 -0.0000	      +inf
1779638873.008	 +100.0	  +4.0	 +2.0000	 -0.0000	      +inf
1779638873.108	 +100.0	  +4.0	 +2.0000	 -0.0000	      +inf
1779638873.208	 +100.0	  +4.0	 +2.0000	 -0.0000	      +inf
1779638873.308	 +100.0	  +4.0	 +2.0000	 -0.0000	      +inf
1779638873.408	 +100.0	  +4.0	 +2.0000	 -0.0000	      +inf
1779638873.508	 +100.0	  +4.0	 +2.0000	 -0.0000	      +inf
1779638873.608	 +100.0	  +4.0	 +2.0000	 -0.0000	      +inf
1779638873.708	 +100.0	  +4.0	 +2.0000	 -0.0000	      +inf
1779638873.808	 +100.0	  +4.0	 +2.0000	 -0.0000	      +inf
1779638873.908	 +100.0	  +4.0	 +2.0000	 -0.0000	      +inf
1779638874.008	 +100.0	  +4.0	 +2.0000	 -0.0000	      +inf
1779638874.108	 +100.0	  +4.0	 +2.0000	 -0.0000	      +inf
1779638874.208	 +100.0	  +4.0	 +2.0000	 -0.0000	      +inf
1779638874.308	 +100.0	  +4.0	 +2.0000	 -0.0000	      +inf
1779638874.408	 +100.0	  +4.0	 +2.0000	 -0.0000	      +inf
1779638874.508	 +100.0	  +4.0	 +2.0000	 -0.0000	      +inf
1779638874.608	 +100.0	  +4.0	 +2.0000	 -0.0000	      +inf
1779638874.708	 +100.0	  +4.0	 +2.0000	 -0.0000	      +inf
1779638874.808	 +100.0	  +4.0	 +2.0000	 -0.0000	      +inf
1779638874.908	 +100.0	  +4.0	 +2.0000	 -0.0000	      +inf
1779638875.008	 +100.0	  +4.0	 +2.0000	 -0.0000	      +inf
1779638875.108	 +100.0	  +4.0	 +2.0000	 -0.0000	      +inf
1779638875.208	 +100.0	  +4.0	 +2.0000	 -0.0000	      +inf
1779638875.308	 +100.0	  +4.0	 +2.0000	 -0.0000	      +inf
1779638875.408	 +100.0	  +4.0	 +2.0000	 -0.0000	      +inf
1779638875.508	 +100.0	  +4.0	 +2.0000	 -0.0000	      +inf
1779638875.608	 +100.0	  +4.0	 +2.0000	 -0.0000	      +inf
1779638875.708	 +100.0	  +4.0	 +2.0000	 -0.0000	      +inf
1779638875.808	 +100.0	  +4.0	 +2.0000	 -0.0000	      +inf
1779638875.908	 +100.0	  +4.0	 +2.0000	 -0.0000	      +inf
1779638876.008	 +100.0	  +4.0	 +2.0000	 -0.0000	      +inf
1779638876.109	 +100.0	  +4.0	 +2.0000	 -0.0000	      +inf
1779638876.208	 +100.0	  +4.0	 +2.0000	 -0.0000	      +inf
1779638876.308	 +100.0	  +4.0	 +2.0000	 -0.0000	      +inf
1779638876.408	 +100.0	  +4.0	 +2.0000	 -0.0000	      +inf
1779638876.508	 +100.0	  +4.0	 +2.0000	 -0.0000	      +inf
1779638876.608	 +100.0	  +4.0	 +2.0000	 -0.0000	      +inf
1779638876.708	 +100.0	  +4.0	 +2.0000	 -0.0000	      +inf
1779638876.808	 +100.0	  +4.0	 +2.0000	 -0.0000	      +inf
1779638876.908	 +100.0	  +4.0	 +2.0000	 -0.0000	      +inf
1779638877.008	 +100.0	  +4.0	 +2.0000	 -0.0000	      +inf
1779638877.108	 +100.0	  +4.0	 +2.0000	 -0.0000	      +inf
1779638877.208	 +100.0	  +4.0	 +2.0000	 -0.0000	      +inf
1779638877.308	 +100.0	  +4.0	 +2.0000	 -0.0000	      +inf
1779638877.408	 +100.0	  +4.0	 +2.0000	 -0.0000	      +inf
1779638877.508	 +100.0	  +4.0	 +2.0000	 -0.0000	      +inf
1779638877.608	 +100.0	  +4.0	 +2.0000	 -0.0000	      +inf
1779638877.708	 +100.0	  +4.0	 +2.0000	 -0.0000	      +inf
1779638877.808	 +100.0	  +4.0	 +2.0000	 -0.0000	      +inf
1779638877.908	 +100.0	  +4.0	 +2.0000	 -0.0000	      +inf
1779638878.008	 +100.0	  +4.0	 +2.0000	 -0.0000	      +inf
1779638878.108	 +100.0	  +4.0	 +2.0000	 -0.0000	      +inf
1779638878.208	 +100.0	  +4.0	 +2.0000	 -0.0000	      +inf
1779638878.308	 +100.0	  +4.0	 +2.0000	 -0.0000	      +inf
1779638878.408	 +100.0	  +4.0	 +2.0000	 -0.0000	      +inf
1779638878.508	 +100.0	  +4.0	 +2.0000	 -0.0000	      +inf
1779638878.608	 +100.0	  +4.0	 +2.0000	 -0.0000	      +inf
1779638878.708	 +100.0	  +4.0	 +2.0000	 -0.0000	      +inf
1779638878.808	 +100.0	  +4.0	 +2.0000	 -0.0000	      +inf
1779638878.908	 +100.0	  +4.0	 +2.0000	 -0.0000	      +inf
1779638879.008	 +100.0	  +4.0	 +2.0000	 -0.0000	      +inf
1779638879.108	 +100.0	  +4.0	 +2.0000	 -0.0000	      +inf
1779638879.208	 +100.0	  +4.0	 +2.0000	 -0.0000	      +inf
1779638879.308	 +100.0	  +4.0	 +2.0000	 -0.0000	      +inf
1779638879.408	 +100.0	  +4.0	 +2.0000	 -0.0000	      +inf
1779638879.508	 +100.0	  +4.0	 +2.0000	 -0.0000	      +inf
1779638879.608	 +100.0	  +4.0	 +2.0000	 -0.0000	      +inf
1779638879.708	 +100.0	  +4.0	 +2.0000	 -0.0000	      +inf
1779638879.808	 +100.0	  +4.0	 +2.0000	 -0.0000	      +inf
1779638879.908	 +100.0	  +4.0	 +2.0000	 -0.0000	      +inf
1779638880.008	 +100.0	  +4.0	 +2.0000	 -0.0000	      +inf
1779638880.108	 +100.0	  +4.0	 +2.0000	 -0.0000	      +inf
1779638880.208	 +100.0	  +4.0	 +2.0000	 -0.0000	      +inf
1779638880.308	 +100.0	  +4.0	 +2.0000	 -0.0000	      +inf
1779638880.408	 +100.0	  +4.0	 +2.0000	 -0.0000	      +inf
1779638880.508	 +100.0	  +4.0	 +2.0000	 -0.0000	      +inf
1779638880.608	 +100.0	  +4.0	 +2.0000	 -0.0000	      +inf
1779638880.708	 +100.0	  +4.0	 +2.0000	 -0.0000	      +inf
1779638880.808	 +100.0	  +4.0	 +2.0000	 -0.0000	      +inf
1779638880.908	 +100.0	  +4.0	 +2.0000	 -0.0000	      +inf
1779638881.008	 +100.0	  +4.0	 +2.0000	 -0.0000	      +inf
1779638881.108	 +100.0	  +4.0	 +2.0000	 -0.0000	      +inf
1779638881.208	 +100.0	  +4.0	 +2.0000	 -0.0000	      +inf
1779638881.308	 +100.0	  +4.0	 +2.0000	 -0.0000	      +inf
1779638881.409	 +100.0	  +4.0	 +2.0000	 -0.0000	      +inf
1779638881.508	 +100.0	  +4.0	 +2.0000	 -0.0000	      +inf
1779638881.608	 +100.0	  +4.0	 +2.0000	 -0.0000	      +inf
1779638881.708	 +100.0	  +4.0	 +2.0000	 -0.0000	      +inf
1779638881.808	 +100.0	  +4.0	 +2.0000	 -0.0000	      +inf
1779638881.908	 +100.0	  +4.0	 +2.0000	 -0.0000	      +inf
1779638882.008	 +100.0	  +4.0	 +2.0000	 -0.0000	      +inf
1779638882.108	 +100.0	  +4.0	 +2.0000	 -0.0000	      +inf
1779638882.208	 +100.0	  +4.0	 +2.0000	 -0.0000	      +inf
1779638882.308	 +100.0	  +4.0	 +2.0000	 -0.0000	      +inf
1779638882.408	 +100.0	  +4.0	 +2.0000	 -0.0000	      +inf
1779638882.508	 +100.0	  +4.0	 +2.0000	 -0.0000	      +inf
1779638882.608	 +100.0	  +4.0	 +2.0000	 -0.0000	      +inf
1779638882.708	 +100.0	  +4.0	 +2.0000	 -0.0000	      +inf
1779638882.808	 +100.0	  +4.0	 +2.0000	 -0.0000	      +inf
1779638882.908	 +100.0	  +4.0	 +2.0000	 -0.0000	      +inf
1779638883.008	 +100.0	  +4.0	 +2.0000	 -0.0000	      +inf
1779638883.108	 +100.0	  +4.0	 +2.0000	 -0.0000	      +inf
1779638883.208	 +100.0	  +4.0	 +2.0000	 -0.0000	      +inf
1779638883.308	 +100.0	  +4.0	 +2.0000	 -0.0000	      +inf
1779638883.408	 +100.0	  +4.0	 +2.0000	 -0.0000	      +inf
1779638883.508	 +100.0	  +4.0	 +2.0000	 -0.0000	      +inf
1779638883.608	 +100.0	  +4.0	 +2.0000	 -0.0000	      +inf
1779638883.708	 +100.0	  +4.0	 +2.0000	 -0.0000	      +inf
1779638883.808	 +100.0	  +4.0	 +2.0000	 -0.0000	      +inf
1779638883.908	 +100.0	  +4.0	 +2.0000	 -0.0000	      +inf
1779638884.008	 +100.0	  +4.0	 +2.0000	 -0.0000	      +inf
1779638884.108	 +100.0	  +4.0	 +2.0000	 -0.0000	      +inf
1779638884.208	 +100.0	  +4.0	 +2.0000	 -0.0000	      +inf
1779638884.308	 +100.0	  +4.0	 +2.0000	 -0.0000	      +inf
1779638884.408	 +100.0	  +4.0	 +2.0000	 -0.0000	      +inf
1779638884.508	 +100.0	  +4.0	 +2.0000	 -0.0000	      +inf
1779638884.608	 +100.0	  +4.0	 +2.0000	 -0.0000	      +inf
1779638884.708	 +100.0	  +4.0	 +2.0000	 -0.0000	      +inf
1779638884.808	 +100.0	  +4.0	 +2.0000	 -0.0000	      +inf
1779638888.552	 +100.0	  +4.0	 +2.0000	 -0.0000	      +inf
1779638888.608	 +100.0	  +4.0	 +2.0000	 -0.0000	      +inf
1779638888.708	 +100.0	  +4.0	 +2.0000	 -0.0000	      +inf
1779638888.808	 +100.0	  +4.0	 +2.0000	 -0.0000	      +inf
1779638888.908	 +100.0	  +4.0	 +2.0000	 -0.0000	      +inf
1779638889.008	 +100.0	  +4.0	 +2.0000	 -0.0000	      +inf
1779638889.108	 +100.0	  +4.0	 +2.0000	 -0.0000	      +inf
1779638889.208	 +100.0	  +4.0	 +2.0000	 -0.0000	      +inf
1779638889.308	 +100.0	  +4.0	 +2.0000	 -0.0000	      +inf
1779638889.408	 +100.0	  +4.0	 +2.0000	 -0.0000	      +inf
1779638889.508	 +100.0	  +4.0	 +2.0000	 -0.0000	      +inf
1779638889.608	 +100.0	  +4.0	 +2.0000	 -0.0000	      +inf
1779638889.708	 +100.0	  +4.0	 +2.0000	 -0.0000	      +inf
1779638889.808	 +100.0	  +4.0	 +2.0000	 -0.0000	      +inf
1779638889.908	 +100.0	  +4.0	 +2.0000	 -0.0000	      +inf
1779638890.008	 +100.0	  +4.0	 +2.0000	 -0.0000	      +inf
1779638890.108	 +100.0	  +4.0	 +2.0000	 -0.0000	      +inf
1779638890.208	 +100.0	  +4.0	 +2.0000	 -0.0000	      +inf
1779638890.308	 +100.0	  +4.0	 +2.0000	 -0.0000	      +inf
1779638890.408	 +100.0	  +4.0	 +2.0000	 -0.0000	      +inf
1779638890.508	 +100.0	  +4.0	 +2.0000	 -0.0000	      +inf
1779638890.608	 +100.0	  +4.0	 +2.0000	 -0.0000	      +inf
1779638890.708	 +100.0	  +4.0	 +2.0000	 -0.0000	      +inf
1779638890.808	 +100.0	  +4.0	 +2.0000	 -0.0000	      +inf
1779638890.908	 +100.0	  +4.0	 +2.0000	 -0.0000	      +inf
1779638891.008	 +100.0	  +4.0	 +2.0000	 -0.0000	      +inf
1779638891.108	 +100.0	  +4.0	 +2.0000	 -0.0000	      +inf
1779638891.208	 +100.0	  +4.0	 +2.0000	 -0.0000	      +inf
1779638891.308	 +100.0	  +4.0	 +2.0000	 -0.0000	      +inf
1779638891.408	 +100.0	  +4.0	 +2.0000	 -0.0000	      +inf
1779638891.508	 +100.0	  +4.0	 +2.0000	 -0.0000	      +inf
1779638891.608	 +100.0	  +4.0	 +2.0000	 -0.0000	      +inf
1779638891.708	 +100.0	  +4.0	 +2.0000	 -0.0000	      +inf
1779638891.808	 +100.0	  +4.0	 +2.0000	 -0.0000	      +inf
1779638891.908	 +100.0	  +4.0	 +2.0000	 -0.0000	      +inf
1779638892.008	 +100.0	  +4.0	 +2.0000	 -0.0000	      +inf
1779638892.108	 +100.0	  +4.0	 +2.0000	 -0.0000	      +inf
1779638892.208	 +100.0	  +4.0	 +2.0000	 -0.0000	      +inf
1779638892.308	 +100.0	  +4.0	 +2.0000	 -0.0000	      +inf
1779638892.408	 +100.0	  +4.0	 +2.0000	 -0.0000	      +inf
1779638892.508	 +100.0	  +4.0	 +2.0000	 -0.0000	      +inf
1779638892.608	 +100.0	  +4.0	 +2.0000	 -0.0000	      +inf
1779638892.708	 +100.0	  +4.0	 +2.0000	 -0.0000	      +inf
1779638892.808	 +100.0	  +4.0	 +2.0000	 -0.0000	      +inf
1779638892.908	 +100.0	  +4.0	 +2.0000	 -0.0000	      +inf
1779638893.008	 +100.0	  +4.0	 +2.0000	 -0.0000	      +inf
1779638893.108	 +100.0	  +4.0	 +2.0000	 -0.0000	      +inf
1779638893.208	 +100.0	  +4.0	 +2.0000	 -0.0000	      +inf
1779638893.308	 +100.0	  +4.0	 +2.0000	 -0.0000	      +inf
1779638893.408	 +100.0	  +4.0	 +2.0000	 -0.0000	      +inf
1779638893.508	 +100.0	  +4.0	 +2.0000	 -0.0000	      +inf
1779638893.608	 +100.0	  +4.0	 +2.0000	 -0.0000	      +inf
1779638893.708	 +100.0	  +4.0	 +2.0000	 -0.0000	      +inf
1779638893.808	 +100.0	  +4.0	 +2.0000	 -0.0000	      +inf
1779638893.908	 +100.0	  +4.0	 +2.0000	 -0.0000	      +inf
1779638894.008	 +100.0	  +4.0	 +2.0000	 -0.0000	      +inf
1779638894.108	 +100.0	  +4.0	 +2.0000	 -0.0000	      +inf
1779638894.208	 +100.0	  +4.0	 +2.0000	 -0.0000	      +inf
1779638894.308	 +100.0	  +4.0	 +2.0000	 -0.0000	      +inf
1779638894.408	 +100.0	  +4.0	 +2.0000	 -0.0000	      +inf
1779638894.508	 +100.0	  +4.0	 +2.0000	 -0.0000	      +inf
1779638894.608	 +100.0	  +4.0	 +2.0000	 -0.0000	      +inf
1779638894.708	 +100.0	  +4.0	 +2.0000	 -0.0000	      +inf
1779638894.808	 +100.0	  +4.0	 +2.0000	 -0.0000	      +inf
1779638894.908	 +100.0	  +4.0	 +2.0000	 -0.0000	      +inf
1779638895.008	 +100.0	  +4.0	 +2.0000	 -0.0000	      +inf
1779638895.108	 +100.0	  +4.0	 +2.0000	 -0.0000	      +inf
1779638895.208	 +100.0	  +4.0	 +2.0000	 -0.0000	      +inf
1779638895.308	 +100.0	  +4.0	 +2.0000	 -0.0000	      +inf
1779638895.408	 +100.0	  +4.0	 +2.0000	 -0.0000	      +inf
1779638895.508	 +100.0	  +4.0	 +2.0000	 -0.0000	      +inf
1779638895.608	 +100.0	  +4.0	 +2.0000	 -0.0000	      +inf
1779638895.708	 +100.0	  +4.0	 +2.0000	 -0.0000	      +inf
1779638895.808	 +100.0	  +4.0	 +2.0000	 -0.0000	      +inf
1779638895.908	 +100.0	  +4.0	 +2.0000	 -0.0000	      +inf
1779638896.008	 +100.0	  +4.0	 +2.0000	 -0.0000	      +inf
1779638896.108	 +100.0	  +4.0	 +2.0000	 -0.0000	      +inf
1779638896.208	 +100.0	  +4.0	 +2.0000	 -0.0000	      +inf
1779638896.308	 +100.0	  +4.0	 +2.0000	 -0.0000	      +inf
1779638896.408	 +100.0	  +4.0	 +2.0000	 -0.0000	      +inf
1779638896.508	 +100.0	  +4.0	 +2.0000	 -0.0000	      +inf
1779638896.608	 +100.0	  +4.0	 +2.0000	 -0.0000	      +inf
1779638896.708	 +100.0	  +4.0	 +2.0000	 -0.0000	      +inf
1779638896.808	 +100.0	  +4.0	 +2.0000	 -0.0000	      +inf
1779638896.908	 +100.0	  +4.0	 +2.0000	 -0.0000	      +inf
1779638897.008	 +100.0	  +4.0	 +2.0000	 -0.0000	      +inf
1779638897.108	 +100.0	  +4.0	 +2.0000	 -0.0000	      +inf
1779638897.208	 +100.0	  +4.0	 +2.0000	 -0.0000	      +inf
1779638897.308	 +100.0	  +4.0	 +2.0000	 -0.0000	      +inf
1779638897.408	 +100.0	  +4.0	 +2.0000	 -0.0000	      +inf
1779638897.508	 +100.0	  +4.0	 +2.0000	 -0.0000	      +inf
1779638897.608	 +100.0	  +4.0	 +2.0000	 -0.0000	      +inf
1779638897.708	 +100.0	  +4.0	 +2.0000	 -0.0000	      +inf
1779638897.808	 +100.0	  +4.0	 +2.0000	 -0.0000	      +inf
1779638897.908	 +100.0	  +4.0	 +2.0000	 -0.0000	      +inf
1779638898.008	 +100.0	  +4.0	 +2.0000	 -0.0000	      +inf
1779638898.109	 +100.0	  +4.0	 +2.0000	 -0.0000	      +inf
1779638898.208	 +100.0	  +4.0	 +2.0000	 -0.0000	      +inf
1779638898.308	 +100.0	  +4.0	 +2.0000	 -0.0000	      +inf
1779638898.408	 +100.0	  +4.0	 +2.0000	 -0.0000	      +inf
1779638898.508	 +100.0	  +4.0	 +2.0000	 -0.0000	      +inf
1779638898.608	 +100.0	  +4.0	 +2.0000	 -0.0000	      +inf
1779638898.708	 +100.0	  +4.0	 +2.0000	 -0.0000	      +inf
1779638898.808	 +100.0	  +4.0	 +2.0000	 -0.0000	      +inf
1779638898.908	 +100.0	  +4.0	 +2.0000	 -0.0000	      +inf
1779638899.008	 +100.0	  +4.0	 +2.0000	 -0.0000	      +inf
1779638899.108	 +100.0	  +4.0	 +2.0000	 -0.0000	      +inf
1779638899.208	 +100.0	  +4.0	 +2.0000	 -0.0000	      +inf
1779638899.308	 +100.0	  +4.0	 +2.0000	 -0.0000	      +inf
1779638899.408	 +100.0	  +4.0	 +2.0000	 -0.0000	      +inf
1779638899.509	 +100.0	  +4.0	 +2.0000	 -0.0000	      +inf
1779638899.608	 +100.0	  +4.0	 +2.0000	 -0.0000	      +inf
1779638899.708	 +100.0	  +4.0	 +2.0000	 -0.0000	      +inf
1779638899.808	 +100.0	  +4.0	 +2.0000	 -0.0000	      +inf
1779638899.908	 +100.0	  +4.0	 +2.0000	 -0.0000	      +inf
1779638900.008	 +100.0	  +4.0	 +2.0000	 -0.0000	      +inf
1779638900.108	 +100.0	  +4.0	 +2.0000	 -0.0000	      +inf
1779638900.208	 +100.0	  +4.0	 +2.0000	 -0.0000	      +inf
1779638900.308	 +100.0	  +4.0	 +2.0000	 -0.0000	      +inf
1779638900.408	 +100.0	  +4.0	 +2.0000	 -0.0000	      +inf
1779638900.508	 +100.0	  +4.0	 +2.0000	 -0.0000	      +inf
1779638900.608	 +100.0	  +4.0	 +2.0000	 -0.0000	      +inf
1779638900.708	 +100.0	  +4.0	 +2.0000	 -0.0000	      +inf
1779638900.808	 +100.0	  +4.0	 +2.0000	 -0.0000	      +inf
1779638900.908	 +100.0	  +4.0	 +2.0000	 -0.0000	      +inf
1779638901.008	 +100.0	  +4.0	 +2.0000	 -0.0000	      +inf
1779638901.108	 +100.0	  +4.0	 +2.0000	 -0.0000	      +inf
1779638901.208	 +100.0	  +4.0	 +2.0000	 -0.0000	      +inf
1779638901.308	 +100.0	  +4.0	 +2.0000	 -0.0000	      +inf
1779638901.408	 +100.0	  +4.0	 +2.0000	 -0.0000	      +inf
1779638901.508	 +100.0	  +4.0	 +2.0000	 -0.0000	      +inf
1779638901.609	 +100.0	  +4.0	 +2.0000	 -0.0000	      +inf
1779638901.708	 +100.0	  +4.0	 +2.0000	 -0.0000	      +inf
1779638901.808	 +100.0	  +4.0	 +2.0000	 -0.0000	      +inf
1779638901.908	 +100.0	  +4.0	 +2.0000	 -0.0000	      +inf
1779638902.008	 +100.0	  +4.0	 +2.0000	 -0.0000	      +inf
1779638902.108	 +100.0	  +4.0	 +2.0000	 -0.0000	      +inf
1779638902.208	 +100.0	  +4.0	 +2.0000	 -0.0000	      +inf
1779638902.308	 +100.0	  +4.0	 +2.0000	 -0.0000	      +inf
1779638902.408	 +100.0	  +4.0	 +2.0000	 -0.0000	      +inf
1779638902.508	 +100.0	  +4.0	 +2.0000	 -0.0000	      +inf
1779638902.608	 +100.0	  +4.0	 +2.0000	 -0.0000	      +inf
1779638902.708	 +100.0	  +4.0	 +2.0000	 -0.0000	      +inf
1779638902.808	 +100.0	  +4.0	 +2.0000	 -0.0000	      +inf
1779638902.908	 +100.0	  +4.0	 +2.0000	 -0.0000	      +inf
1779638903.008	 +100.0	  +4.0	 +2.0000	 -0.0000	      +inf
1779638903.108	 +100.0	  +4.0	 +2.0000	 -0.0000	      +inf
1779638903.208	 +100.0	  +4.0	 +2.0000	 -0.0000	      +inf
1779638903.308	 +100.0	  +4.0	 +2.0000	 -0.0000	      +inf
1779638903.408	 +100.0	  +4.0	 +2.0000	 -0.0000	      +inf
1779638903.508	 +100.0	  +4.0	 +2.0000	 -0.0000	      +inf
1779638903.608	 +100.0	  +4.0	 +2.0000	 -0.0000	      +inf
1779638903.708	 +100.0	  +4.0	 +2.0000	 -0.0000	      +inf
1779638903.808	 +100.0	  +4.0	 +2.0000	 -0.0000	      +inf
1779638903.908	 +100.0	  +4.0	 +2.0000	 -0.0000	      +inf
1779638904.008	 +100.0	  +4.0	 +2.0000	 -0.0000	      +inf
1779638904.108	 +100.0	  +4.0	 +2.0000	 -0.0000	      +inf
1779638904.208	 +100.0	  +4.0	 +2.0000	 -0.0000	      +inf
1779638904.308	 +100.0	  +4.0	 +2.0000	 -0.0000	      +inf
1779638904.408	 +100.0	  +4.0	 +2.0000	 -0.0000	      +inf
1779638904.508	 +100.0	  +4.0	 +2.0000	 -0.0000	      +inf
1779638904.608	 +100.0	  +4.0	 +2.0000	 -0.0000	      +inf
1779638904.708	 +100.0	  +4.0	 +2.0000	 -0.0000	      +inf
1779638904.808	 +100.0	  +4.0	 +2.0000	 -0.0000	      +inf
1779638904.908	 +100.0	  +4.0	 +2.0000	 -0.0000	      +inf
1779638905.008	 +100.0	  +4.0	 +2.0000	 -0.0000	      +inf
1779638905.108	 +100.0	  +4.0	 +2.0000	 -0.0000	      +inf
1779638905.208	 +100.0	  +4.0	 +2.0000	 -0.0000	      +inf
1779638905.308	 +100.0	  +4.0	 +2.0000	 -0.0000	      +inf
1779638905.408	 +100.0	  +4.0	 +2.0000	 -0.0000	      +inf
1779638905.508	 +100.0	  +4.0	 +2.0000	 -0.0000	      +inf
1779638905.608	 +100.0	  +4.0	 +2.0000	 -0.0000	      +inf
1779638905.708	 +100.0	  +4.0	 +2.0000	 -0.0000	      +inf
1779638905.808	 +100.0	  +4.0	 +2.0000	 -0.0000	      +inf
1779638905.908	 +100.0	  +4.0	 +2.0000	 -0.0000	      +inf
1779638906.008	 +100.0	  +4.0	 +2.0000	 -0.0000	      +inf
1779638906.108	 +100.0	  +4.0	 +2.0000	 -0.0000	      +inf
1779638906.208	 +100.0	  +4.0	 +2.0000	 -0.0000	      +inf
1779638906.308	 +100.0	  +4.0	 +2.0000	 -0.0000	      +inf
1779638906.408	 +100.0	  +4.0	 +2.0000	 -0.0000	      +inf
1779638906.508	 +100.0	  +4.0	 +2.0000	 -0.0000	      +inf
1779638906.608	 +100.0	  +4.0	 +2.0000	 -0.0000	      +inf
1779638906.708	 +100.0	  +4.0	 +2.0000	 -0.0000	      +inf
1779638906.808	 +100.0	  +4.0	 +2.0000	 -0.0000	      +inf
1779638906.908	 +100.0	  +4.0	 +2.0000	 -0.0000	      +inf
1779638907.008	 +100.0	  +4.0	 +2.0000	 -0.0000	      +inf
1779638907.108	 +100.0	  +4.0	 +2.0000	 -0.0000	      +inf
1779638907.208	 +100.0	  +4.0	 +2.0000	 -0.0000	      +inf
1779638907.308	 +100.0	  +4.0	 +2.0000	 -0.0000	      +inf
1779638907.408	 +100.0	  +4.0	 +2.0000	 -0.0000	      +inf
1779638907.508	 +100.0	  +4.0	 +2.0000	 -0.0000	      +inf
1779638907.608	 +100.0	  +4.0	 +2.0000	 -0.0000	      +inf
1779638907.708	 +100.0	  +4.0	 +2.0000	 -0.0000	      +inf
1779638907.808	 +100.0	  +4.0	 +2.0000	 -0.0000	      +inf
1779638907.908	 +100.0	  +4.0	 +2.0000	 -0.0000	      +inf
1779638908.008	 +100.0	  +4.0	 +2.0000	 -0.0000	      +inf
1779638908.108	 +100.0	  +4.0	 +2.0000	 -0.0000	      +inf
1779638908.208	 +100.0	  +4.0	 +2.0000	 -0.0000	      +inf
1779638908.308	 +100.0	  +4.0	 +2.0000	 -0.0000	      +inf
1779638908.408	 +100.0	  +4.0	 +2.0000	 -0.0000	      +inf
1779638908.508	 +100.0	  +4.0	 +2.0000	 -0.0000	      +inf
1779638908.608	 +100.0	  +4.0	 +2.0000	 -0.0000	      +inf
1779638908.708	 +100.0	  +4.0	 +2.0000	 -0.0000	      +inf
1779638908.808	 +100.0	  +4.0	 +2.0000	 -0.0000	      +inf
1779638908.908	 +100.0	  +4.0	 +2.0000	 -0.0000	      +inf
1779638909.008	 +100.0	  +4.0	 +2.0000	 -0.0000	      +inf
1779638909.108	 +100.0	  +4.0	 +2.0000	 -0.0000	      +inf
1779638909.208	 +100.0	  +4.0	 +2.0000	 -0.0000	      +inf
1779638909.308	 +100.0	  +4.0	 +2.0000	 -0.0000	      +inf
1779638909.408	 +100.0	  +4.0	 +2.0000	 -0.0000	      +inf
1779638909.508	 +100.0	  +4.0	 +2.0000	 -0.0000	      +inf
1779638909.608	 +100.0	  +4.0	 +2.0000	 -0.0000	      +inf
1779638909.708	 +100.0	  +4.0	 +2.0000	 -0.0000	      +inf
1779638909.808	 +100.0	  +4.0	 +2.0000	 -0.0000	      +inf
1779638909.908	 +100.0	  +4.0	 +2.0000	 -0.0000	      +inf
1779638910.008	 +100.0	  +4.0	 +2.0000	 -0.0000	      +inf
1779638910.108	 +100.0	  +4.0	 +2.0000	 -0.0000	      +inf
1779638910.208	 +100.0	  +4.0	 +2.0000	 -0.0000	      +inf
1779638910.308	 +100.0	  +4.0	 +2.0000	 -0.0000	      +inf
1779638910.408	 +100.0	  +4.0	 +2.0000	 -0.0000	      +inf
1779638910.508	 +100.0	  +4.0	 +2.0000	 -0.0000	      +inf
1779638910.608	 +100.0	  +4.0	 +2.0000	 -0.0000	      +inf
1779638910.708	 +100.0	  +4.0	 +2.0000	 -0.0000	      +inf
1779638910.808	 +100.0	  +4.0	 +2.0000	 -0.0000	      +inf
1779638910.908	 +100.0	  +4.0	 +2.0000	 -0.0000	      +inf
1779638911.008	 +100.0	  +4.0	 +2.0000	 -0.0000	      +inf
1779638911.108	 +100.0	  +4.0	 +2.0000	 -0.0000	      +inf
1779638911.208	 +100.0	  +4.0	 +2.0000	 -0.0000	      +inf
1779638911.308	 +100.0	  +4.0	 +2.0000	 -0.0000	      +inf
1779638911.408	 +100.0	  +4.0	 +2.0000	 -0.0000	      +inf
1779638911.508	 +100.0	  +4.0	 +2.0000	 -0.0000	      +inf
1779638911.608	 +100.0	  +4.0	 +2.0000	 -0.0000	      +inf
1779638911.708	 +100.0	  +4.0	 +2.0000	 -0.0000	      +inf
1779638911.808	 +100.0	  +4.0	 +2.0000	 -0.0000	      +inf
1779638911.908	 +100.0	  +4.0	 +2.0000	 -0.0000	      +inf
1779638912.008	 +100.0	  +4.0	 +2.0000	 -0.0000	      +inf
1779638912.108	 +100.0	  +4.0	 +2.0000	 -0.0000	      +inf
1779638912.208	 +100.0	  +4.0	 +2.0000	 -0.0000	      +inf
1779638912.308	 +100.0	  +4.0	 +2.0000	 -0.0000	      +inf
1779638912.408	 +100.0	  +4.0	 +2.0000	 -0.0000	      +inf
1779638912.508	 +100.0	  +4.0	 +2.0000	 -0.0000	      +inf
1779638912.608	 +100.0	  +4.0	 +2.0000	 -0.0000	      +inf
1779638912.708	 +100.0	  +4.0	 +2.0000	 -0.0000	      +inf
1779638912.808	 +100.0	  +4.0	 +2.0000	 -0.0000	      +inf
1779638912.908	 +100.0	  +4.0	 +2.0000	 -0.0000	      +inf
1779638913.008	 +100.0	  +4.0	 +2.0000	 -0.0000	      +inf
1779638913.108	 +100.0	  +4.0	 +2.0000	 -0.0000	      +inf
1779638913.208	 +100.0	  +4.0	 +2.0000	 -0.0000	      +inf
1779638913.308	 +100.0	  +4.0	 +2.0000	 -0.0000	      +inf
1779638913.408	 +100.0	  +4.0	 +2.0000	 -0.0000	      +inf
1779638913.508	 +100.0	  +4.0	 +2.0000	 -0.0000	      +inf
1779638913.608	 +100.0	  +4.0	 +2.0000	 -0.0000	      +inf
1779638913.708	 +100.0	  +4.0	 +2.0000	 -0.0000	      +inf
1779638913.808	 +100.0	  +4.0	 +2.0000	 -0.0000	      +inf
1779638913.908	 +100.0	  +4.0	 +2.0000	 -0.0000	      +inf
1779638914.008	 +100.0	  +4.0	 +2.0000	 -0.0000	      +inf
1779638914.108	 +100.0	  +4.0	 +2.0000	 -0.0000	      +inf
1779638914.208	 +100.0	  +4.0	 +2.0000	 -0.0000	      +inf
1779638914.309	 +100.0	  +4.0	 +2.0000	 -0.0000	      +inf
1779638914.408	 +100.0	  +4.0	 +2.0000	 -0.0000	      +inf
1779638914.508	 +100.0	  +4.0	 +2.0000	 -0.0000	      +inf
1779638914.608	 +100.0	  +4.0	 +2.0000	 -0.0000	      +inf
1779638914.708	 +100.0	  +4.0	 +2.0000	 -0.0000	      +inf
1779638914.808	 +100.0	  +4.0	 +2.0000	 -0.0000	      +inf
1779638914.908	 +100.0	  +4.0	 +2.0000	 -0.0000	      +inf
1779638915.008	 +100.0	  +4.0	 +2.0000	 -0.0000	      +inf
1779638915.108	 +100.0	  +4.0	 +2.0000	 -0.0000	      +inf
1779638915.208	 +100.0	  +4.0	 +2.0000	 -0.0000	      +inf
1779638915.308	 +100.0	  +4.0	 +2.0000	 -0.0000	      +inf
1779638915.408	 +100.0	  +4.0	 +2.0000	 -0.0000	      +inf
1779638915.508	 +100.0	  +4.0	 +2.0000	 -0.0000	      +inf
1779638915.608	 +100.0	  +4.0	 +2.0000	 -0.0000	      +inf
1779638915.708	 +100.0	  +4.0	 +2.0000	 -0.0000	      +inf
1779638915.808	 +100.0	  +4.0	 +2.0000	 -0.0000	      +inf
1779638915.908	 +100.0	  +4.0	 +2.0000	 -0.0000	      +inf
1779638916.009	 +100.0	  +4.0	 +2.0000	 -0.0000	      +inf
1779638916.108	 +100.0	  +4.0	 +2.0000	 -0.0000	      +inf
1779638916.208	 +100.0	  +4.0	 +2.0000	 -0.0000	      +inf
1779638916.308	 +100.0	  +4.0	 +2.0000	 -0.0000	      +inf
1779638916.408	 +100.0	  +4.0	 +2.0000	 -0.0000	      +inf
1779638916.508	 +100.0	  +4.0	 +2.0000	 -0.0000	      +inf
1779638916.608	 +100.0	  +4.0	 +2.0000	 -0.0000	      +inf
1779638916.708	 +100.0	  +4.0	 +2.0000	 -0.0000	      +inf
1779638916.808	 +100.0	  +4.0	 +2.0000	 -0.0000	      +inf
1779638916.908	 +100.0	  +4.0	 +2.0000	 -0.0000	      +inf
1779638917.008	 +100.0	  +4.0	 +2.0000	 -0.0000	      +inf
1779638917.108	 +100.0	  +4.0	 +2.0000	 -0.0000	      +inf
1779638917.208	 +100.0	  +4.0	 +2.0000	 -0.0000	      +inf
1779638917.308	 +100.0	  +4.0	 +2.0000	 -0.0000	      +inf
1779638917.408	 +100.0	  +4.0	 +2.0000	 -0.0000	      +inf
1779638917.508	 +100.0	  +4.0	 +2.0000	 -0.0000	      +inf
1779638917.608	 +100.0	  +4.0	 +2.0000	 -0.0000	      +inf
1779638917.708	 +100.0	  +4.0	 +2.0000	 -0.0000	      +inf
1779638917.808	 +100.0	  +4.0	 +2.0000	 -0.0000	      +inf
1779638917.908	 +100.0	  +4.0	 +2.0000	 -0.0000	      +inf
1779638918.008	 +100.0	  +4.0	 +2.0000	 -0.0000	      +inf
1779638918.108	 +100.0	  +4.0	 +2.0000	 -0.0000	      +inf
1779638918.208	 +100.0	  +4.0	 +2.0000	 -0.0000	      +inf
1779638918.308	 +100.0	  +4.0	 +2.0000	 -0.0000	      +inf
1779638918.408	 +100.0	  +4.0	 +2.0000	 -0.0000	      +inf
1779638918.508	 +100.0	  +4.0	 +2.0000	 -0.0000	      +inf
1779638918.608	 +100.0	  +4.0	 +2.0000	 -0.0000	      +inf
1779638918.708	 +100.0	  +4.0	 +2.0000	 -0.0000	      +inf
1779638918.808	 +100.0	  +4.0	 +2.0000	 -0.0000	      +inf
1779638918.908	 +100.0	  +4.0	 +2.0000	 -0.0000	      +inf
1779638919.008	 +100.0	  +4.0	 +2.0000	 -0.0000	      +inf
1779638919.108	 +100.0	  +4.0	 +2.0000	 -0.0000	      +inf
1779638919.208	 +100.0	  +4.0	 +2.0000	 -0.0000	      +inf
1779638919.308	 +100.0	  +4.0	 +2.0000	 -0.0000	      +inf
1779638919.408	 +100.0	  +4.0	 +2.0000	 -0.0000	      +inf
1779638919.508	 +100.0	  +4.0	 +2.0000	 -0.0000	      +inf
1779638919.608	 +100.0	  +4.0	 +2.0000	 -0.0000	      +inf
1779638919.708	 +100.0	  +4.0	 +2.0000	 -0.0000	      +inf
1779638919.808	 +100.0	  +4.0	 +2.0000	 -0.0000	      +inf
1779638919.908	 +100.0	  +4.0	 +2.0000	 -0.0000	      +inf
1779638920.008	 +100.0	  +4.0	 +2.0000	 -0.0000	      +inf
1779638920.108	 +100.0	  +4.0	 +2.0000	 -0.0000	      +inf
1779638920.208	 +100.0	  +4.0	 +2.0000	 -0.0000	      +inf
1779638920.308	 +100.0	  +4.0	 +2.0000	 -0.0000	      +inf
1779638920.408	 +100.0	  +4.0	 +2.0000	 -0.0000	      +inf
1779638920.508	 +100.0	  +4.0	 +2.0000	 -0.0000	      +inf
1779638920.608	 +100.0	  +4.0	 +2.0000	 -0.0000	      +inf
1779638920.708	 +100.0	  +4.0	 +2.0000	 -0.0000	      +inf
1779638924.359	 +100.0	  +4.0	 +2.0000	 -0.0000	      +inf
1779638924.408	 +100.0	  +4.0	 +2.0000	 -0.0000	      +inf
1779638924.508	 +100.0	  +4.0	 +2.0000	 -0.0000	      +inf
1779638924.608	 +100.0	  +4.0	 +2.0000	 -0.0000	      +inf
1779638924.708	 +100.0	  +4.0	 +2.0000	 -0.0000	      +inf
1779638924.808	 +100.0	  +4.0	 +2.0000	 -0.0000	      +inf
1779638924.908	 +100.0	  +4.0	 +2.0000	 -0.0000	      +inf
1779638925.008	 +100.0	  +4.0	 +2.0000	 -0.0000	      +inf
1779638925.108	 +100.0	  +4.0	 +2.0000	 -0.0000	      +inf
1779638925.208	 +100.0	  +4.0	 +2.0000	 -0.0000	      +inf
1779638925.308	 +100.0	  +4.0	 +2.0000	 -0.0000	      +inf
1779638925.408	 +100.0	  +4.0	 +2.0000	 -0.0000	      +inf
1779638925.508	 +100.0	  +4.0	 +2.0000	 -0.0000	      +inf
1779638925.608	 +100.0	  +4.0	 +2.0000	 -0.0000	      +inf
1779638925.708	 +100.0	  +4.0	 +2.0000	 -0.0000	      +inf
1779638925.808	 +100.0	  +4.0	 +2.0000	 -0.0000	      +inf
1779638925.908	 +100.0	  +4.0	 +2.0000	 -0.0000	      +inf
1779638926.008	 +100.0	  +4.0	 +2.0000	 -0.0000	      +inf
1779638926.108	 +100.0	  +4.0	 +2.0000	 -0.0000	      +inf
1779638926.208	 +100.0	  +4.0	 +2.0000	 -0.0000	      +inf
1779638926.308	 +100.0	  +4.0	 +2.0000	 -0.0000	      +inf
1779638926.408	 +100.0	  +4.0	 +2.0000	 -0.0000	      +inf
1779638926.508	 +100.0	  +4.0	 +2.0000	 -0.0000	      +inf
1779638926.608	 +100.0	  +4.0	 +2.0000	 -0.0000	      +inf
1779638926.708	 +100.0	  +4.0	 +2.0000	 -0.0000	      +inf
1779638926.808	 +100.0	  +4.0	 +2.0000	 -0.0000	      +inf
1779638926.908	 +100.0	  +4.0	 +2.0000	 -0.0000	      +inf
1779638927.008	 +100.0	  +4.0	 +2.0000	 -0.0000	      +inf
1779638927.108	 +100.0	  +4.0	 +2.0000	 -0.0000	      +inf
1779638927.208	 +100.0	  +4.0	 +2.0000	 -0.0000	      +inf
1779638927.308	 +100.0	  +4.0	 +2.0000	 -0.0000	      +inf
1779638927.408	 +100.0	  +4.0	 +2.0000	 -0.0000	      +inf
1779638927.508	 +100.0	  +4.0	 +2.0000	 -0.0000	      +inf
1779638927.608	 +100.0	  +4.0	 +2.0000	 -0.0000	      +inf
1779638927.708	 +100.0	  +4.0	 +2.0000	 -0.0000	      +inf
1779638927.808	 +100.0	  +4.0	 +2.0000	 -0.0000	      +inf
1779638927.908	 +100.0	  +4.0	 +2.0000	 -0.0000	      +inf
1779638928.008	 +100.0	  +4.0	 +2.0000	 -0.0000	      +inf
1779638928.108	 +100.0	  +4.0	 +2.0000	 -0.0000	      +inf
1779638928.208	 +100.0	  +4.0	 +2.0000	 -0.0000	      +inf
1779638928.308	 +100.0	  +4.0	 +2.0000	 -0.0000	      +inf
1779638928.408	 +100.0	  +4.0	 +2.0000	 -0.0000	      +inf
1779638928.508	 +100.0	  +4.0	 +2.0000	 -0.0000	      +inf
1779638928.608	 +100.0	  +4.0	 +2.0000	 -0.0000	      +inf
1779638928.708	 +100.0	  +4.0	 +2.0000	 -0.0000	      +inf
1779638928.808	 +100.0	  +4.0	 +2.0000	 -0.0000	      +inf
1779638928.908	 +100.0	  +4.0	 +2.0000	 -0.0000	      +inf
1779638929.008	 +100.0	  +4.0	 +2.0000	 -0.0000	      +inf
1779638929.108	 +100.0	  +4.0	 +2.0000	 -0.0000	      +inf
1779638929.208	 +100.0	  +4.0	 +2.0000	 -0.0000	      +inf
1779638929.308	 +100.0	  +4.0	 +2.0000	 -0.0000	      +inf
1779638929.408	 +100.0	  +4.0	 +2.0000	 -0.0000	      +inf
1779638929.508	 +100.0	  +4.0	 +2.0000	 -0.0000	      +inf
1779638929.608	 +100.0	  +4.0	 +2.0000	 -0.0000	      +inf
1779638929.708	 +100.0	  +4.0	 +2.0000	 -0.0000	      +inf
1779638929.808	 +100.0	  +4.0	 +2.0000	 -0.0000	      +inf
1779638929.908	 +100.0	  +4.0	 +2.0000	 -0.0000	      +inf
1779638930.008	 +100.0	  +4.0	 +2.0000	 -0.0000	      +inf
1779638930.108	 +100.0	  +4.0	 +2.0000	 -0.0000	      +inf
1779638930.208	 +100.0	  +4.0	 +2.0000	 -0.0000	      +inf
1779638930.308	 +100.0	  +4.0	 +2.0000	 -0.0000	      +inf
1779638930.408	 +100.0	  +4.0	 +2.0000	 -0.0000	      +inf
1779638930.508	 +100.0	  +4.0	 +2.0000	 -0.0000	      +inf
1779638930.608	 +100.0	  +4.0	 +2.0000	 -0.0000	      +inf
1779638930.708	 +100.0	  +4.0	 +2.0000	 -0.0000	      +inf
1779638930.808	 +100.0	  +4.0	 +2.0000	 -0.0000	      +inf
1779638930.908	 +100.0	  +4.0	 +2.0000	 -0.0000	      +inf
1779638931.008	 +100.0	  +4.0	 +2.0000	 -0.0000	      +inf
1779638931.108	 +100.0	  +4.0	 +2.0000	 -0.0000	      +inf
1779638931.208	 +100.0	  +4.0	 +2.0000	 -0.0000	      +inf
1779638931.308	 +100.0	  +4.0	 +2.0000	 -0.0000	      +inf
1779638931.408	 +100.0	  +4.0	 +2.0000	 -0.0000	      +inf
1779638931.508	 +100.0	  +4.0	 +2.0000	 -0.0000	      +inf
1779638931.608	 +100.0	  +4.0	 +2.0000	 -0.0000	      +inf
1779638931.708	 +100.0	  +4.0	 +2.0000	 -0.0000	      +inf
1779638931.808	 +100.0	  +4.0	 +2.0000	 -0.0000	      +inf
1779638931.908	 +100.0	  +4.0	 +2.0000	 -0.0000	      +inf
1779638932.008	 +100.0	  +4.0	 +2.0000	 -0.0000	      +inf
1779638932.108	 +100.0	  +4.0	 +2.0000	 -0.0000	      +inf
1779638932.208	 +100.0	  +4.0	 +2.0000	 -0.0000	      +inf
1779638932.308	 +100.0	  +4.0	 +2.0000	 -0.0000	      +inf
1779638932.408	 +100.0	  +4.0	 +2.0000	 -0.0000	      +inf
1779638932.508	 +100.0	  +4.0	 +2.0000	 -0.0000	      +inf
1779638932.608	 +100.0	  +4.0	 +2.0000	 -0.0000	      +inf
1779638932.708	 +100.0	  +4.0	 +2.0000	 -0.0000	      +inf
1779638932.808	 +100.0	  +4.0	 +2.0000	 -0.0000	      +inf
1779638932.908	 +100.0	  +4.0	 +2.0000	 -0.0000	      +inf
1779638933.008	 +100.0	  +4.0	 +2.0000	 -0.0000	      +inf
1779638933.108	 +100.0	  +4.0	 +2.0000	 -0.0000	      +inf
1779638933.208	 +100.0	  +4.0	 +2.0000	 -0.0000	      +inf
1779638933.308	 +100.0	  +4.0	 +2.0000	 -0.0000	      +inf
1779638933.408	 +100.0	  +4.0	 +2.0000	 -0.0000	      +inf
1779638933.508	 +100.0	  +4.0	 +2.0000	 -0.0000	      +inf
1779638933.608	 +100.0	  +4.0	 +2.0000	 -0.0000	      +inf
1779638933.708	 +100.0	  +4.0	 +2.0000	 -0.0000	      +inf
1779638933.808	 +100.0	  +4.0	 +2.0000	 -0.0000	      +inf
1779638933.908	 +100.0	  +4.0	 +2.0000	 -0.0000	      +inf
1779638934.008	 +100.0	  +4.0	 +2.0000	 -0.0000	      +inf
1779638934.108	 +100.0	  +4.0	 +2.0000	 -0.0000	      +inf
1779638934.208	 +100.0	  +4.0	 +2.0000	 -0.0000	      +inf
1779638934.308	 +100.0	  +4.0	 +2.0000	 -0.0000	      +inf
1779638934.408	 +100.0	  +4.0	 +2.0000	 -0.0000	      +inf
1779638934.508	 +100.0	  +4.0	 +2.0000	 -0.0000	      +inf
1779638934.608	 +100.0	  +4.0	 +2.0000	 -0.0000	      +inf
1779638934.708	 +100.0	  +4.0	 +2.0000	 -0.0000	      +inf
1779638934.808	 +100.0	  +4.0	 +2.0000	 -0.0000	      +inf
1779638934.908	 +100.0	  +4.0	 +2.0000	 -0.0000	      +inf
1779638935.008	 +100.0	  +4.0	 +2.0000	 -0.0000	      +inf
1779638935.108	 +100.0	  +4.0	 +2.0000	 -0.0000	      +inf
1779638935.208	 +100.0	  +4.0	 +2.0000	 -0.0000	      +inf
1779638935.308	 +100.0	  +4.0	 +2.0000	 -0.0000	      +inf
1779638935.408	 +100.0	  +4.0	 +2.0000	 -0.0000	      +inf
1779638935.508	 +100.0	  +4.0	 +2.0000	 -0.0000	      +inf
1779638935.608	 +100.0	  +4.0	 +2.0000	 -0.0000	      +inf
1779638935.708	 +100.0	  +4.0	 +2.0000	 -0.0000	      +inf
1779638935.808	 +100.0	  +4.0	 +2.0000	 -0.0000	      +inf
1779638935.908	 +100.0	  +4.0	 +2.0000	 -0.0000	      +inf
1779638936.008	 +100.0	  +4.0	 +2.0000	 -0.0000	      +inf
1779638936.108	 +100.0	  +4.0	 +2.0000	 -0.0000	      +inf
1779638936.208	 +100.0	  +4.0	 +2.0000	 -0.0000	      +inf
1779638936.308	 +100.0	  +4.0	 +2.0000	 -0.0000	      +inf
1779638936.408	 +100.0	  +4.0	 +2.0000	 -0.0000	      +inf
1779638936.508	 +100.0	  +4.0	 +2.0000	 -0.0000	      +inf
1779638936.608	 +100.0	  +4.0	 +2.0000	 -0.0000	      +inf
1779638936.708	 +100.0	  +4.0	 +2.0000	 -0.0000	      +inf
1779638936.808	 +100.0	  +4.0	 +2.0000	 -0.0000	      +inf
1779638936.908	 +100.0	  +4.0	 +2.0000	 -0.0000	      +inf
1779638937.008	 +100.0	  +4.0	 +2.0000	 -0.0000	      +inf
1779638937.108	 +100.0	  +4.0	 +2.0000	 -0.0000	      +inf
1779638937.208	 +100.0	  +4.0	 +2.0000	 -0.0000	      +inf
1779638937.308	 +100.0	  +4.0	 +2.0000	 -0.0000	      +inf
1779638937.408	 +100.0	  +4.0	 +2.0000	 -0.0000	      +inf
1779638937.508	 +100.0	  +4.0	 +2.0000	 -0.0000	      +inf
1779638937.608	 +100.0	  +4.0	 +2.0000	 -0.0000	      +inf
1779638937.708	 +100.0	  +4.0	 +2.0000	 -0.0000	      +inf
1779638937.808	 +100.0	  +4.0	 +2.0000	 -0.0000	      +inf
1779638937.908	 +100.0	  +4.0	 +2.0000	 -0.0000	      +inf
1779638938.008	 +100.0	  +4.0	 +2.0000	 -0.0000	      +inf
1779638938.108	 +100.0	  +4.0	 +2.0000	 -0.0000	      +inf
1779638938.208	 +100.0	  +4.0	 +2.0000	 -0.0000	      +inf
1779638938.308	 +100.0	  +4.0	 +2.0000	 -0.0000	      +inf
1779638938.408	 +100.0	  +4.0	 +2.0000	 -0.0000	      +inf
1779638938.508	 +100.0	  +4.0	 +2.0000	 -0.0000	      +inf
1779638938.608	 +100.0	  +4.0	 +2.0000	 -0.0000	      +inf
1779638938.708	 +100.0	  +4.0	 +2.0000	 -0.0000	      +inf
1779638938.808	 +100.0	  +4.0	 +2.0000	 -0.0000	      +inf
1779638938.908	 +100.0	  +4.0	 +2.0000	 -0.0000	      +inf
1779638939.008	 +100.0	  +4.0	 +2.0000	 -0.0000	      +inf
1779638939.108	 +100.0	  +4.0	 +2.0000	 -0.0000	      +inf
1779638939.208	 +100.0	  +4.0	 +2.0000	 -0.0000	      +inf
1779638939.308	 +100.0	  +4.0	 +2.0000	 -0.0000	      +inf
1779638939.408	 +100.0	  +4.0	 +2.0000	 -0.0000	      +inf
1779638939.508	 +100.0	  +4.0	 +2.0000	 -0.0000	      +inf
1779638939.608	 +100.0	  +4.0	 +2.0000	 -0.0000	      +inf
1779638939.708	 +100.0	  +4.0	 +2.0000	 -0.0000	      +inf
1779638939.808	 +100.0	  +4.0	 +2.0000	 -0.0000	      +inf
1779638939.908	 +100.0	  +4.0	 +2.0000	 -0.0000	      +inf
1779638940.008	 +100.0	  +4.0	 +2.0000	 -0.0000	      +inf
1779638940.108	 +100.0	  +4.0	 +2.0000	 -0.0000	      +inf
1779638940.208	 +100.0	  +4.0	 +2.0000	 -0.0000	      +inf
1779638940.308	 +100.0	  +4.0	 +2.0000	 -0.0000	      +inf
1779638940.408	 +100.0	  +4.0	 +2.0000	 -0.0000	      +inf
1779638940.508	 +100.0	  +4.0	 +2.0000	 -0.0000	      +inf
1779638940.608	 +100.0	  +4.0	 +2.0000	 -0.0000	      +inf
1779638940.708	 +100.0	  +4.0	 +2.0000	 -0.0000	      +inf
1779638940.808	 +100.0	  +4.0	 +2.0000	 -0.0000	      +inf
1779638940.908	 +100.0	  +4.0	 +2.0000	 -0.0000	      +inf
1779638941.008	 +100.0	  +4.0	 +2.0000	 -0.0000	      +inf
1779638941.108	 +100.0	  +4.0	 +2.0000	 -0.0000	      +inf
1779638941.208	 +100.0	  +4.0	 +2.0000	 -0.0000	      +inf
1779638941.308	 +100.0	  +4.0	 +2.0000	 -0.0000	      +inf
1779638941.408	 +100.0	  +4.0	 +2.0000	 -0.0000	      +inf
1779638941.508	 +100.0	  +4.0	 +2.0000	 -0.0000	      +inf
1779638941.608	 +100.0	  +4.0	 +2.0000	 -0.0000	      +inf
1779638941.708	 +100.0	  +4.0	 +2.0000	 -0.0000	      +inf
1779638941.808	 +100.0	  +4.0	 +2.0000	 -0.0000	      +inf
1779638941.908	 +100.0	  +4.0	 +2.0000	 -0.0000	      +inf
1779638942.008	 +100.0	  +4.0	 +2.0000	 -0.0000	      +inf
1779638942.108	 +100.0	  +4.0	 +2.0000	 -0.0000	      +inf
1779638942.208	 +100.0	  +4.0	 +2.0000	 -0.0000	      +inf
1779638942.308	 +100.0	  +4.0	 +2.0000	 -0.0000	      +inf
1779638942.408	 +100.0	  +4.0	 +2.0000	 -0.0000	      +inf
1779638942.508	 +100.0	  +4.0	 +2.0000	 -0.0000	      +inf
1779638942.608	 +100.0	  +4.0	 +2.0000	 -0.0000	      +inf
1779638942.708	 +100.0	  +4.0	 +2.0000	 -0.0000	      +inf
1779638942.808	 +100.0	  +4.0	 +2.0000	 -0.0000	      +inf
1779638942.908	 +100.0	  +4.0	 +2.0000	 -0.0000	      +inf
1779638943.008	 +100.0	  +4.0	 +2.0000	 -0.0000	      +inf
1779638943.108	 +100.0	  +4.0	 +2.0000	 -0.0000	      +inf
1779638943.208	 +100.0	  +4.0	 +2.0000	 -0.0000	      +inf
1779638943.308	 +100.0	  +4.0	 +2.0000	 -0.0000	      +inf
1779638943.408	 +100.0	  +4.0	 +2.0000	 -0.0000	      +inf
1779638943.508	 +100.0	  +4.0	 +2.0000	 -0.0000	      +inf
1779638943.608	 +100.0	  +4.0	 +2.0000	 -0.0000	      +inf
1779638943.708	 +100.0	  +4.0	 +2.0000	 -0.0000	      +inf
1779638943.808	 +100.0	  +4.0	 +2.0000	 -0.0000	      +inf
1779638943.908	 +100.0	  +4.0	 +2.0000	 -0.0000	      +inf
1779638944.008	 +100.0	  +4.0	 +2.0000	 -0.0000	      +inf
1779638944.108	 +100.0	  +4.0	 +2.0000	 -0.0000	      +inf
1779638944.208	 +100.0	  +4.0	 +2.0000	 -0.0000	      +inf
1779638944.308	 +100.0	  +4.0	 +2.0000	 -0.0000	      +inf
1779638944.408	 +100.0	  +4.0	 +2.0000	 -0.0000	      +inf
1779638944.508	 +100.0	  +4.0	 +2.0000	 -0.0000	      +inf
1779638944.608	 +100.0	  +4.0	 +2.0000	 -0.0000	      +inf
1779638944.708	 +100.0	  +4.0	 +2.0000	 -0.0000	      +inf
1779638944.808	 +100.0	  +4.0	 +2.0000	 -0.0000	      +inf
1779638944.908	 +100.0	  +4.0	 +2.0000	 -0.0000	      +inf
1779638945.008	 +100.0	  +4.0	 +2.0000	 -0.0000	      +inf
1779638945.108	 +100.0	  +4.0	 +2.0000	 -0.0000	      +inf
1779638945.208	 +100.0	  +4.0	 +2.0000	 -0.0000	      +inf
1779638945.308	 +100.0	  +4.0	 +2.0000	 -0.0000	      +inf
1779638945.408	 +100.0	  +4.0	 +2.0000	 -0.0000	      +inf
1779638945.508	 +100.0	  +4.0	 +2.0000	 -0.0000	      +inf
1779638945.608	 +100.0	  +4.0	 +2.0000	 -0.0000	      +inf
1779638945.708	 +100.0	  +4.0	 +2.0000	 -0.0000	      +inf
1779638945.808	 +100.0	  +4.0	 +2.0000	 -0.0000	      +inf
1779638945.908	 +100.0	  +4.0	 +2.0000	 -0.0000	      +inf
1779638946.008	 +100.0	  +4.0	 +2.0000	 -0.0000	      +inf
1779638946.108	 +100.0	  +4.0	 +2.0000	 -0.0000	      +inf
1779638946.208	 +100.0	  +4.0	 +2.0000	 -0.0000	      +inf
1779638946.308	 +100.0	  +4.0	 +2.0000	 -0.0000	      +inf
1779638946.408	 +100.0	  +4.0	 +2.0000	 -0.0000	      +inf
1779638946.508	 +100.0	  +4.0	 +2.0000	 -0.0000	      +inf
1779638946.608	 +100.0	  +4.0	 +2.0000	 -0.0000	      +inf
1779638946.708	 +100.0	  +4.0	 +2.0000	 -0.0000	      +inf
1779638946.808	 +100.0	  +4.0	 +2.0000	 -0.0000	      +inf
1779638946.908	 +100.0	  +4.0	 +2.0000	 -0.0000	      +inf
1779638947.008	 +100.0	  +4.0	 +2.0000	 -0.0000	      +inf
1779638947.108	 +100.0	  +4.0	 +2.0000	 -0.0000	      +inf
1779638947.208	 +100.0	  +4.0	 +2.0000	 -0.0000	      +inf
1779638947.308	 +100.0	  +4.0	 +2.0000	 -0.0000	      +inf
1779638947.408	 +100.0	  +4.0	 +2.0000	 -0.0000	      +inf
1779638947.508	 +100.0	  +4.0	 +2.0000	 -0.0000	      +inf
1779638947.608	 +100.0	  +4.0	 +2.0000	 -0.0000	      +inf
1779638947.708	 +100.0	  +4.0	 +2.0000	 -0.0000	      +inf
1779638947.808	 +100.0	  +4.0	 +2.0000	 -0.0000	      +inf
1779638947.908	 +100.0	  +4.0	 +2.0000	 -0.0000	      +inf
1779638948.008	 +100.0	  +4.0	 +2.0000	 -0.0000	      +inf
1779638948.108	 +100.0	  +4.0	 +2.0000	 -0.0000	      +inf
1779638948.208	 +100.0	  +4.0	 +2.0000	 -0.0000	      +inf
1779638948.308	 +100.0	  +4.0	 +2.0000	 -0.0000	      +inf
1779638948.408	 +100.0	  +4.0	 +2.0000	 -0.0000	      +inf
1779638948.508	 +100.0	  +4.0	 +2.0000	 -0.0000	      +inf
1779638948.608	 +100.0	  +4.0	 +2.0000	 -0.0000	      +inf
1779638948.708	 +100.0	  +4.0	 +2.0000	 -0.0000	      +inf
1779638948.808	 +100.0	  +4.0	 +2.0000	 -0.0000	      +inf
1779638948.908	 +100.0	  +4.0	 +2.0000	 -0.0000	      +inf
1779638949.008	 +100.0	  +4.0	 +2.0000	 -0.0000	      +inf
1779638949.108	 +100.0	  +4.0	 +2.0000	 -0.0000	      +inf
1779638949.208	 +100.0	  +4.0	 +2.0000	 -0.0000	      +inf
1779638949.308	 +100.0	  +4.0	 +2.0000	 -0.0000	      +inf
1779638949.408	 +100.0	  +4.0	 +2.0000	 -0.0000	      +inf
1779638949.508	 +100.0	  +4.0	 +2.0000	 -0.0000	      +inf
1779638949.608	 +100.0	  +4.0	 +2.0000	 -0.0000	      +inf
1779638949.708	 +100.0	  +4.0	 +2.0000	 -0.0000	      +inf
1779638949.808	 +100.0	  +4.0	 +2.0000	 -0.0000	      +inf
1779638949.908	 +100.0	  +4.0	 +2.0000	 -0.0000	      +inf
1779638950.008	 +100.0	  +4.0	 +2.0000	 -0.0000	      +inf
1779638950.108	 +100.0	  +4.0	 +2.0000	 -0.0000	      +inf
1779638950.208	 +100.0	  +4.0	 +2.0000	 -0.0000	      +inf
1779638950.308	 +100.0	  +4.0	 +2.0000	 -0.0000	      +inf
1779638950.408	 +100.0	  +4.0	 +2.0000	 -0.0000	      +inf
1779638950.508	 +100.0	  +4.0	 +2.0000	 -0.0000	      +inf
1779638950.608	 +100.0	  +4.0	 +2.0000	 -0.0000	      +inf
1779638950.708	 +100.0	  +4.0	 +2.0000	 -0.0000	      +inf
1779638950.808	 +100.0	  +4.0	 +2.0000	 -0.0000	      +inf
1779638950.908	 +100.0	  +4.0	 +2.0000	 -0.0000	      +inf
1779638951.008	 +100.0	  +4.0	 +2.0000	 -0.0000	      +inf
1779638951.108	 +100.0	  +4.0	 +2.0000	 -0.0000	      +inf
1779638951.208	 +100.0	  +4.0	 +2.0000	 -0.0000	      +inf
1779638951.308	 +100.0	  +4.0	 +2.0000	 -0.0000	      +inf
1779638951.408	 +100.0	  +4.0	 +2.0000	 -0.0000	      +inf
1779638951.508	 +100.0	  +4.0	 +2.0000	 -0.0000	      +inf
1779638951.609	 +100.0	  +4.0	 +2.0000	 -0.0000	      +inf
1779638951.708	 +100.0	  +4.0	 +2.0000	 -0.0000	      +inf
1779638951.808	 +100.0	  +4.0	 +2.0000	 -0.0000	      +inf
1779638951.908	 +100.0	  +4.0	 +2.0000	 -0.0000	      +inf
1779638952.008	 +100.0	  +4.0	 +2.0000	 -0.0000	      +inf
1779638952.108	 +100.0	  +4.0	 +2.0000	 -0.0000	      +inf
1779638952.208	 +100.0	  +4.0	 +2.0000	 -0.0000	      +inf
1779638952.308	 +100.0	  +4.0	 +2.0000	 -0.0000	      +inf
1779638952.408	 +100.0	  +4.0	 +2.0000	 -0.0000	      +inf
1779638952.508	 +100.0	  +4.0	 +2.0000	 -0.0000	      +inf
1779638952.608	 +100.0	  +4.0	 +2.0000	 -0.0000	      +inf
1779638952.708	 +100.0	  +4.0	 +2.0000	 -0.0000	      +inf
1779638952.808	 +100.0	  +4.0	 +2.0000	 -0.0000	      +inf
1779638952.908	 +100.0	  +4.0	 +2.0000	 -0.0000	      +inf
1779638953.008	 +100.0	  +4.0	 +2.0000	 -0.0000	      +inf
1779638953.108	 +100.0	  +4.0	 +2.0000	 -0.0000	      +inf
1779638953.208	 +100.0	  +4.0	 +2.0000	 -0.0000	      +inf
1779638953.308	 +100.0	  +4.0	 +2.0000	 -0.0000	      +inf
1779638953.408	 +100.0	  +4.0	 +2.0000	 -0.0000	      +inf
1779638953.508	 +100.0	  +4.0	 +2.0000	 -0.0000	      +inf
1779638953.608	 +100.0	  +4.0	 +2.0000	 -0.0000	      +inf
1779638953.708	 +100.0	  +4.0	 +2.0000	 -0.0000	      +inf
1779638953.809	 +100.0	  +4.0	 +2.0000	 -0.0000	      +inf
1779638953.908	 +100.0	  +4.0	 +2.0000	 -0.0000	      +inf
1779638954.008	 +100.0	  +4.0	 +2.0000	 -0.0000	      +inf
1779638954.108	 +100.0	  +4.0	 +2.0000	 -0.0000	      +inf
1779638954.208	 +100.0	  +4.0	 +2.0000	 -0.0000	      +inf
1779638954.308	 +100.0	  +4.0	 +2.0000	 -0.0000	      +inf
1779638954.408	 +100.0	  +4.0	 +2.0000	 -0.0000	      +inf
1779638954.508	 +100.0	  +4.0	 +2.0000	 -0.0000	      +inf
1779638954.608	 +100.0	  +4.0	 +2.0000	 -0.0000	      +inf
1779638954.708	 +100.0	  +4.0	 +2.0000	 -0.0000	      +inf
1779638954.808	 +100.0	  +4.0	 +2.0000	 -0.0000	      +inf
1779638954.908	 +100.0	  +4.0	 +2.0000	 -0.0000	      +inf
1779638955.008	 +100.0	  +4.0	 +2.0000	 -0.0000	      +inf
1779638955.108	 +100.0	  +4.0	 +2.0000	 -0.0000	      +inf
1779638955.208	 +100.0	  +4.0	 +2.0000	 -0.0000	      +inf
1779638955.308	 +100.0	  +4.0	 +2.0000	 -0.0000	      +inf
1779638955.408	 +100.0	  +4.0	 +2.0000	 -0.0000	      +inf
1779638955.508	 +100.0	  +4.0	 +2.0000	 -0.0000	      +inf
1779638955.608	 +100.0	  +4.0	 +2.0000	 -0.0000	      +inf
1779638955.708	 +100.0	  +4.0	 +2.0000	 -0.0000	      +inf
1779638955.808	 +100.0	  +4.0	 +2.0000	 -0.0000	      +inf
1779638955.908	 +100.0	  +4.0	 +2.0000	 -0.0000	      +inf
1779638956.008	 +100.0	  +4.0	 +2.0000	 -0.0000	      +inf
1779638956.108	 +100.0	  +4.0	 +2.0000	 -0.0000	      +inf
1779638956.208	 +100.0	  +4.0	 +2.0000	 -0.0000	      +inf
1779638956.308	 +100.0	  +4.0	 +2.0000	 -0.0000	      +inf
1779638956.408	 +100.0	  +4.0	 +2.0000	 -0.0000	      +inf
1779638956.508	 +100.0	  +4.0	 +2.0000	 -0.0000	      +inf
1779638956.608	 +100.0	  +4.0	 +2.0000	 -0.0000	      +inf
1779638956.708	 +100.0	  +4.0	 +2.0000	 -0.0000	      +inf
1779638956.808	 +100.0	  +4.0	 +2.0000	 -0.0000	      +inf
1779638960.505	 +100.0	  +4.0	 +2.0000	 -0.0000	      +inf
1779638960.508	 +100.0	  +4.0	 +2.0000	 -0.0000	      +inf
1779638960.608	 +100.0	  +4.0	 +2.0000	 -0.0000	      +inf
1779638960.708	 +100.0	  +4.0	 +2.0000	 -0.0000	      +inf
1779638960.808	 +100.0	  +4.0	 +2.0000	 -0.0000	      +inf
1779638960.908	 +100.0	  +4.0	 +2.0000	 -0.0000	      +inf
1779638961.008	 +100.0	  +4.0	 +2.0000	 -0.0000	      +inf
1779638961.108	 +100.0	  +4.0	 +2.0000	 -0.0000	      +inf
1779638961.208	 +100.0	  +4.0	 +2.0000	 -0.0000	      +inf
1779638961.308	 +100.0	  +4.0	 +2.0000	 -0.0000	      +inf
1779638961.408	 +100.0	  +4.0	 +2.0000	 -0.0000	      +inf
1779638961.508	 +100.0	  +4.0	 +2.0000	 -0.0000	      +inf
1779638961.608	 +100.0	  +4.0	 +2.0000	 -0.0000	      +inf
1779638961.708	 +100.0	  +4.0	 +2.0000	 -0.0000	      +inf
1779638961.808	 +100.0	  +4.0	 +2.0000	 -0.0000	      +inf
1779638961.908	 +100.0	  +4.0	 +2.0000	 -0.0000	      +inf
1779638962.008	 +100.0	  +4.0	 +2.0000	 -0.0000	      +inf
1779638962.108	 +100.0	  +4.0	 +2.0000	 -0.0000	      +inf
1779638962.208	 +100.0	  +4.0	 +2.0000	 -0.0000	      +inf
1779638962.308	 +100.0	  +4.0	 +2.0000	 -0.0000	      +inf
1779638962.408	 +100.0	  +4.0	 +2.0000	 -0.0000	      +inf
1779638962.508	 +100.0	  +4.0	 +2.0000	 -0.0000	      +inf
1779638962.608	 +100.0	  +4.0	 +2.0000	 -0.0000	      +inf
1779638962.708	 +100.0	  +4.0	 +2.0000	 -0.0000	      +inf
1779638962.808	 +100.0	  +4.0	 +2.0000	 -0.0000	      +inf
1779638962.908	 +100.0	  +4.0	 +2.0000	 -0.0000	      +inf
1779638963.008	 +100.0	  +4.0	 +2.0000	 -0.0000	      +inf
1779638963.108	 +100.0	  +4.0	 +2.0000	 -0.0000	      +inf
1779638963.209	 +100.0	  +4.0	 +2.0000	 -0.0000	      +inf
1779638963.308	 +100.0	  +4.0	 +2.0000	 -0.0000	      +inf
1779638963.408	 +100.0	  +4.0	 +2.0000	 -0.0000	      +inf
1779638963.508	 +100.0	  +4.0	 +2.0000	 -0.0000	      +inf
1779638963.608	 +100.0	  +4.0	 +2.0000	 -0.0000	      +inf
1779638963.708	 +100.0	  +4.0	 +2.0000	 -0.0000	      +inf
1779638963.808	 +100.0	  +4.0	 +2.0000	 -0.0000	      +inf
1779638963.908	 +100.0	  +4.0	 +2.0000	 -0.0000	      +inf
1779638964.008	 +100.0	  +4.0	 +2.0000	 -0.0000	      +inf
1779638964.108	 +100.0	  +4.0	 +2.0000	 -0.0000	      +inf
1779638964.208	 +100.0	  +4.0	 +2.0000	 -0.0000	      +inf
1779638964.308	 +100.0	  +4.0	 +2.0000	 -0.0000	      +inf
1779638964.408	 +100.0	  +4.0	 +2.0000	 -0.0000	      +inf
1779638964.508	 +100.0	  +4.0	 +2.0000	 -0.0000	      +inf
1779638964.608	 +100.0	  +4.0	 +2.0000	 -0.0000	      +inf
1779638964.708	 +100.0	  +4.0	 +2.0000	 -0.0000	      +inf
1779638964.808	 +100.0	  +4.0	 +2.0000	 -0.0000	      +inf
1779638964.908	 +100.0	  +4.0	 +2.0000	 -0.0000	      +inf
1779638965.008	 +100.0	  +4.0	 +2.0000	 -0.0000	      +inf
1779638965.108	 +100.0	  +4.0	 +2.0000	 -0.0000	      +inf
1779638965.208	 +100.0	  +4.0	 +2.0000	 -0.0000	      +inf
1779638965.308	 +100.0	  +4.0	 +2.0000	 -0.0000	      +inf
1779638965.408	 +100.0	  +4.0	 +2.0000	 -0.0000	      +inf
1779638965.508	 +100.0	  +4.0	 +2.0000	 -0.0000	      +inf
1779638965.608	 +100.0	  +4.0	 +2.0000	 -0.0000	      +inf
1779638965.708	 +100.0	  +4.0	 +2.0000	 -0.0000	      +inf
1779638965.808	 +100.0	  +4.0	 +2.0000	 -0.0000	      +inf
1779638965.908	 +100.0	  +4.0	 +2.0000	 -0.0000	      +inf
1779638966.008	 +100.0	  +4.0	 +2.0000	 -0.0000	      +inf
1779638966.108	 +100.0	  +4.0	 +2.0000	 -0.0000	      +inf
1779638966.208	 +100.0	  +4.0	 +2.0000	 -0.0000	      +inf
1779638966.308	 +100.0	  +4.0	 +2.0000	 -0.0000	      +inf
1779638966.408	 +100.0	  +4.0	 +2.0000	 -0.0000	      +inf
1779638966.508	 +100.0	  +4.0	 +2.0000	 -0.0000	      +inf
1779638966.608	 +100.0	  +4.0	 +2.0000	 -0.0000	      +inf
1779638966.708	 +100.0	  +4.0	 +2.0000	 -0.0000	      +inf
1779638966.808	 +100.0	  +4.0	 +2.0000	 -0.0000	      +inf
1779638966.908	 +100.0	  +4.0	 +2.0000	 -0.0000	      +inf
1779638967.008	 +100.0	  +4.0	 +2.0000	 -0.0000	      +inf
1779638967.108	 +100.0	  +4.0	 +2.0000	 -0.0000	      +inf
1779638967.208	 +100.0	  +4.0	 +2.0000	 -0.0000	      +inf
1779638967.308	 +100.0	  +4.0	 +2.0000	 -0.0000	      +inf
1779638967.408	 +100.0	  +4.0	 +2.0000	 -0.0000	      +inf
1779638967.508	 +100.0	  +4.0	 +2.0000	 -0.0000	      +inf
1779638967.608	 +100.0	  +4.0	 +2.0000	 -0.0000	      +inf
1779638967.708	 +100.0	  +4.0	 +2.0000	 -0.0000	      +inf
1779638967.808	 +100.0	  +4.0	 +2.0000	 -0.0000	      +inf
1779638967.908	 +100.0	  +4.0	 +2.0000	 -0.0000	      +inf
1779638968.008	 +100.0	  +4.0	 +2.0000	 -0.0000	      +inf
1779638968.108	 +100.0	  +4.0	 +2.0000	 -0.0000	      +inf
1779638968.208	 +100.0	  +4.0	 +2.0000	 -0.0000	      +inf
1779638968.308	 +100.0	  +4.0	 +2.0000	 -0.0000	      +inf
1779638968.408	 +100.0	  +4.0	 +2.0000	 -0.0000	      +inf
1779638968.508	 +100.0	  +4.0	 +2.0000	 -0.0000	      +inf
1779638968.608	 +100.0	  +4.0	 +2.0000	 -0.0000	      +inf
1779638968.708	 +100.0	  +4.0	 +2.0000	 -0.0000	      +inf
1779638968.808	 +100.0	  +4.0	 +2.0000	 -0.0000	      +inf
1779638968.908	 +100.0	  +4.0	 +2.0000	 -0.0000	      +inf
1779638969.008	 +100.0	  +4.0	 +2.0000	 -0.0000	      +inf
1779638969.108	 +100.0	  +4.0	 +2.0000	 -0.0000	      +inf
1779638969.208	 +100.0	  +4.0	 +2.0000	 -0.0000	      +inf
1779638969.308	 +100.0	  +4.0	 +2.0000	 -0.0000	      +inf
1779638969.408	 +100.0	  +4.0	 +2.0000	 -0.0000	      +inf
1779638969.508	 +100.0	  +4.0	 +2.0000	 -0.0000	      +inf
1779638969.608	 +100.0	  +4.0	 +2.0000	 -0.0000	      +inf
1779638969.708	 +100.0	  +4.0	 +2.0000	 -0.0000	      +inf
1779638969.808	 +100.0	  +4.0	 +2.0000	 -0.0000	      +inf
1779638969.908	 +100.0	  +4.0	 +2.0000	 -0.0000	      +inf
1779638970.008	 +100.0	  +4.0	 +2.0000	 -0.0000	      +inf
1779638970.108	 +100.0	  +4.0	 +2.0000	 -0.0000	      +inf
1779638970.208	 +100.0	  +4.0	 +2.0000	 -0.0000	      +inf
1779638970.308	 +100.0	  +4.0	 +2.0000	 -0.0000	      +inf
1779638970.408	 +100.0	  +4.0	 +2.0000	 -0.0000	      +inf
1779638970.508	 +100.0	  +4.0	 +2.0000	 -0.0000	      +inf
1779638970.608	 +100.0	  +4.0	 +2.0000	 -0.0000	      +inf
1779638970.708	 +100.0	  +4.0	 +2.0000	 -0.0000	      +inf
1779638970.808	 +100.0	  +4.0	 +2.0000	 -0.0000	      +inf
1779638970.908	 +100.0	  +4.0	 +2.0000	 -0.0000	      +inf
1779638971.008	 +100.0	  +4.0	 +2.0000	 -0.0000	      +inf
1779638971.108	 +100.0	  +4.0	 +2.0000	 -0.0000	      +inf
1779638971.208	 +100.0	  +4.0	 +2.0000	 -0.0000	      +inf
1779638971.308	 +100.0	  +4.0	 +2.0000	 -0.0000	      +inf
1779638971.408	 +100.0	  +4.0	 +2.0000	 -0.0000	      +inf
1779638971.508	 +100.0	  +4.0	 +2.0000	 -0.0000	      +inf
1779638971.608	 +100.0	  +4.0	 +2.0000	 -0.0000	      +inf
1779638971.708	 +100.0	  +4.0	 +2.0000	 -0.0000	      +inf
1779638971.808	 +100.0	  +4.0	 +2.0000	 -0.0000	      +inf
1779638971.908	 +100.0	  +4.0	 +2.0000	 -0.0000	      +inf
1779638972.008	 +100.0	  +4.0	 +2.0000	 -0.0000	      +inf
1779638972.108	 +100.0	  +4.0	 +2.0000	 -0.0000	      +inf
1779638972.208	 +100.0	  +4.0	 +2.0000	 -0.0000	      +inf
1779638972.308	 +100.0	  +4.0	 +2.0000	 -0.0000	      +inf
1779638972.408	 +100.0	  +4.0	 +2.0000	 -0.0000	      +inf
1779638972.508	 +100.0	  +4.0	 +2.0000	 -0.0000	      +inf
1779638972.608	 +100.0	  +4.0	 +2.0000	 -0.0000	      +inf
1779638972.708	 +100.0	  +4.0	 +2.0000	 -0.0000	      +inf
1779638972.808	 +100.0	  +4.0	 +2.0000	 -0.0000	      +inf
1779638972.908	 +100.0	  +4.0	 +2.0000	 -0.0000	      +inf
1779638973.008	 +100.0	  +4.0	 +2.0000	 -0.0000	      +inf
1779638973.108	 +100.0	  +4.0	 +2.0000	 -0.0000	      +inf
1779638973.208	 +100.0	  +4.0	 +2.0000	 -0.0000	      +inf
1779638973.308	 +100.0	  +4.0	 +2.0000	 -0.0000	      +inf
1779638973.408	 +100.0	  +4.0	 +2.0000	 -0.0000	      +inf
1779638973.508	 +100.0	  +4.0	 +2.0000	 -0.0000	      +inf
1779638973.608	 +100.0	  +4.0	 +2.0000	 -0.0000	      +inf
1779638973.708	 +100.0	  +4.0	 +2.0000	 -0.0000	      +inf
1779638973.808	 +100.0	  +4.0	 +2.0000	 -0.0000	      +inf
1779638973.908	 +100.0	  +4.0	 +2.0000	 -0.0000	      +inf
1779638974.008	 +100.0	  +4.0	 +2.0000	 -0.0000	      +inf
1779638974.108	 +100.0	  +4.0	 +2.0000	 -0.0000	      +inf
1779638974.208	 +100.0	  +4.0	 +2.0000	 -0.0000	      +inf
1779638974.308	 +100.0	  +4.0	 +2.0000	 -0.0000	      +inf
1779638974.408	 +100.0	  +4.0	 +2.0000	 -0.0000	      +inf
1779638974.508	 +100.0	  +4.0	 +2.0000	 -0.0000	      +inf
1779638974.608	 +100.0	  +4.0	 +2.0000	 -0.0000	      +inf
1779638974.708	 +100.0	  +4.0	 +2.0000	 -0.0000	      +inf
1779638974.808	 +100.0	  +4.0	 +2.0000	 -0.0000	      +inf
1779638974.908	 +100.0	  +4.0	 +2.0000	 -0.0000	      +inf
1779638975.008	 +100.0	  +4.0	 +2.0000	 -0.0000	      +inf
1779638975.108	 +100.0	  +4.0	 +2.0000	 -0.0000	      +inf
1779638975.208	 +100.0	  +4.0	 +2.0000	 -0.0000	      +inf
1779638975.308	 +100.0	  +4.0	 +2.0000	 -0.0000	      +inf
1779638975.408	 +100.0	  +4.0	 +2.0000	 -0.0000	      +inf
1779638975.508	 +100.0	  +4.0	 +2.0000	 -0.0000	      +inf
1779638975.608	 +100.0	  +4.0	 +2.0000	 -0.0000	      +inf
1779638975.708	 +100.0	  +4.0	 +2.0000	 -0.0000	      +inf
1779638975.808	 +100.0	  +4.0	 +2.0000	 -0.0000	      +inf
1779638975.908	 +100.0	  +4.0	 +2.0000	 -0.0000	      +inf
1779638976.008	 +100.0	  +4.0	 +2.0000	 -0.0000	      +inf
1779638976.108	 +100.0	  +4.0	 +2.0000	 -0.0000	      +inf
1779638976.208	 +100.0	  +4.0	 +2.0000	 -0.0000	      +inf
1779638976.308	 +100.0	  +4.0	 +2.0000	 -0.0000	      +inf
1779638976.408	 +100.0	  +4.0	 +2.0000	 -0.0000	      +inf
1779638976.508	 +100.0	  +4.0	 +2.0000	 -0.0000	      +inf
1779638976.608	 +100.0	  +4.0	 +2.0000	 -0.0000	      +inf
1779638976.708	 +100.0	  +4.0	 +2.0000	 -0.0000	      +inf
1779638976.808	 +100.0	  +4.0	 +2.0000	 -0.0000	      +inf
1779638976.908	 +100.0	  +4.0	 +2.0000	 -0.0000	      +inf
1779638977.008	 +100.0	  +4.0	 +2.0000	 -0.0000	      +inf
1779638977.108	 +100.0	  +4.0	 +2.0000	 -0.0000	      +inf
1779638977.208	 +100.0	  +4.0	 +2.0000	 -0.0000	      +inf
1779638977.308	 +100.0	  +4.0	 +2.0000	 -0.0000	      +inf
1779638977.408	 +100.0	  +4.0	 +2.0000	 -0.0000	      +inf
1779638977.508	 +100.0	  +4.0	 +2.0000	 -0.0000	      +inf
1779638977.608	 +100.0	  +4.0	 +2.0000	 -0.0000	      +inf
1779638977.708	 +100.0	  +4.0	 +2.0000	 -0.0000	      +inf
1779638977.808	 +100.0	  +4.0	 +2.0000	 -0.0000	      +inf
1779638977.908	 +100.0	  +4.0	 +2.0000	 -0.0000	      +inf
1779638978.008	 +100.0	  +4.0	 +2.0000	 -0.0000	      +inf
1779638978.108	 +100.0	  +4.0	 +2.0000	 -0.0000	      +inf
1779638978.208	 +100.0	  +4.0	 +2.0000	 -0.0000	      +inf
1779638978.308	 +100.0	  +4.0	 +2.0000	 -0.0000	      +inf
1779638978.408	 +100.0	  +4.0	 +2.0000	 -0.0000	      +inf
1779638978.508	 +100.0	  +4.0	 +2.0000	 -0.0000	      +inf
1779638978.608	 +100.0	  +4.0	 +2.0000	 -0.0000	      +inf
1779638978.708	 +100.0	  +4.0	 +2.0000	 -0.0000	      +inf
1779638978.808	 +100.0	  +4.0	 +2.0000	 -0.0000	      +inf
1779638978.908	 +100.0	  +4.0	 +2.0000	 -0.0000	      +inf
1779638979.008	 +100.0	  +4.0	 +2.0000	 -0.0000	      +inf
1779638979.108	 +100.0	  +4.0	 +2.0000	 -0.0000	      +inf
1779638979.208	 +100.0	  +4.0	 +2.0000	 -0.0000	      +inf
1779638979.308	 +100.0	  +4.0	 +2.0000	 -0.0000	      +inf
1779638979.408	 +100.0	  +4.0	 +2.0000	 -0.0000	      +inf
1779638979.508	 +100.0	  +4.0	 +2.0000	 -0.0000	      +inf
1779638979.608	 +100.0	  +4.0	 +2.0000	 -0.0000	      +inf
1779638979.708	 +100.0	  +4.0	 +2.0000	 -0.0000	      +inf
1779638979.808	 +100.0	  +4.0	 +2.0000	 -0.0000	      +inf
1779638979.908	 +100.0	  +4.0	 +2.0000	 -0.0000	      +inf
1779638980.008	 +100.0	  +4.0	 +2.0000	 -0.0000	      +inf
1779638980.108	 +100.0	  +4.0	 +2.0000	 -0.0000	      +inf
1779638980.208	 +100.0	  +4.0	 +2.0000	 -0.0000	      +inf
1779638980.308	 +100.0	  +4.0	 +2.0000	 -0.0000	      +inf
1779638980.408	 +100.0	  +4.0	 +2.0000	 -0.0000	      +inf
1779638980.508	 +100.0	  +4.0	 +2.0000	 -0.0000	      +inf
1779638980.608	 +100.0	  +4.0	 +2.0000	 -0.0000	      +inf
1779638980.708	 +100.0	  +4.0	 +2.0000	 -0.0000	      +inf
1779638980.808	 +100.0	  +4.0	 +2.0000	 -0.0000	      +inf
1779638980.908	 +100.0	  +4.0	 +2.0000	 -0.0000	      +inf
1779638981.008	 +100.0	  +4.0	 +2.0000	 -0.0000	      +inf
1779638981.108	 +100.0	  +4.0	 +2.0000	 -0.0000	      +inf
1779638981.208	 +100.0	  +4.0	 +2.0000	 -0.0000	      +inf
1779638981.308	 +100.0	  +4.0	 +2.0000	 -0.0000	      +inf
1779638981.408	 +100.0	  +4.0	 +2.0000	 -0.0000	      +inf
1779638981.508	 +100.0	  +4.0	 +2.0000	 -0.0000	      +inf
1779638981.608	 +100.0	  +4.0	 +2.0000	 -0.0000	      +inf
1779638981.708	 +100.0	  +4.0	 +2.0000	 -0.0000	      +inf
1779638981.808	 +100.0	  +4.0	 +2.0000	 -0.0000	      +inf
1779638981.908	 +100.0	  +4.0	 +2.0000	 -0.0000	      +inf
1779638982.008	 +100.0	  +4.0	 +2.0000	 -0.0000	      +inf
1779638982.108	 +100.0	  +4.0	 +2.0000	 -0.0000	      +inf
1779638982.208	 +100.0	  +4.0	 +2.0000	 -0.0000	      +inf
1779638982.308	 +100.0	  +4.0	 +2.0000	 -0.0000	      +inf
1779638982.408	 +100.0	  +4.0	 +2.0000	 -0.0000	      +inf
1779638982.508	 +100.0	  +4.0	 +2.0000	 -0.0000	      +inf
1779638982.608	 +100.0	  +4.0	 +2.0000	 -0.0000	      +inf
1779638982.708	 +100.0	  +4.0	 +2.0000	 -0.0000	      +inf
1779638982.808	 +100.0	  +4.0	 +2.0000	 -0.0000	      +inf
1779638982.908	 +100.0	  +4.0	 +2.0000	 -0.0000	      +inf
1779638983.008	 +100.0	  +4.0	 +2.0000	 -0.0000	      +inf
1779638983.108	 +100.0	  +4.0	 +2.0000	 -0.0000	      +inf
1779638983.208	 +100.0	  +4.0	 +2.0000	 -0.0000	      +inf
1779638983.308	 +100.0	  +4.0	 +2.0000	 -0.0000	      +inf
1779638983.408	 +100.0	  +4.0	 +2.0000	 -0.0000	      +inf
1779638983.508	 +100.0	  +4.0	 +2.0000	 -0.0000	      +inf
1779638983.608	 +100.0	  +4.0	 +2.0000	 -0.0000	      +inf
1779638983.708	 +100.0	  +4.0	 +2.0000	 -0.0000	      +inf
1779638983.808	 +100.0	  +4.0	 +2.0000	 -0.0000	      +inf
1779638983.908	 +100.0	  +4.0	 +2.0000	 -0.0000	      +inf
1779638984.008	 +100.0	  +4.0	 +2.0000	 -0.0000	      +inf
1779638984.108	 +100.0	  +4.0	 +2.0000	 -0.0000	      +inf
1779638984.208	 +100.0	  +4.0	 +2.0000	 -0.0000	      +inf
1779638984.308	 +100.0	  +4.0	 +2.0000	 -0.0000	      +inf
1779638984.408	 +100.0	  +4.0	 +2.0000	 -0.0000	      +inf
1779638984.508	 +100.0	  +4.0	 +2.0000	 -0.0000	      +inf
1779638984.608	 +100.0	  +4.0	 +2.0000	 -0.0000	      +inf
1779638984.708	 +100.0	  +4.0	 +2.0000	 -0.0000	      +inf
1779638984.808	 +100.0	  +4.0	 +2.0000	 -0.0000	      +inf
1779638984.908	 +100.0	  +4.0	 +2.0000	 -0.0000	      +inf
1779638985.008	 +100.0	  +4.0	 +2.0000	 -0.0000	      +inf
1779638985.108	 +100.0	  +4.0	 +2.0000	 -0.0000	      +inf
1779638985.208	 +100.0	  +4.0	 +2.0000	 -0.0000	      +inf
1779638985.308	 +100.0	  +4.0	 +2.0000	 -0.0000	      +inf
1779638985.408	 +100.0	  +4.0	 +2.0000	 -0.0000	      +inf
1779638985.508	 +100.0	  +4.0	 +2.0000	 -0.0000	      +inf
1779638985.608	 +100.0	  +4.0	 +2.0000	 -0.0000	      +inf
1779638985.708	 +100.0	  +4.0	 +2.0000	 -0.0000	      +inf
1779638985.808	 +100.0	  +4.0	 +2.0000	 -0.0000	      +inf
1779638985.908	 +100.0	  +4.0	 +2.0000	 -0.0000	      +inf
1779638986.008	 +100.0	  +4.0	 +2.0000	 -0.0000	      +inf
1779638986.108	 +100.0	  +4.0	 +2.0000	 -0.0000	      +inf
1779638986.208	 +100.0	  +4.0	 +2.0000	 -0.0000	      +inf
1779638986.308	 +100.0	  +4.0	 +2.0000	 -0.0000	      +inf
1779638986.408	 +100.0	  +4.0	 +2.0000	 -0.0000	      +inf
1779638986.508	 +100.0	  +4.0	 +2.0000	 -0.0000	      +inf
1779638986.608	 +100.0	  +4.0	 +2.0000	 -0.0000	      +inf
1779638986.708	 +100.0	  +4.0	 +2.0000	 -0.0000	      +inf
1779638986.808	 +100.0	  +4.0	 +2.0000	 -0.0000	      +inf
1779638986.908	 +100.0	  +4.0	 +2.0000	 -0.0000	      +inf
1779638987.008	 +100.0	  +4.0	 +2.0000	 -0.0000	      +inf
1779638987.108	 +100.0	  +4.0	 +2.0000	 -0.0000	      +inf
1779638987.208	 +100.0	  +4.0	 +2.0000	 -0.0000	      +inf
1779638987.308	 +100.0	  +4.0	 +2.0000	 -0.0000	      +inf
1779638987.408	 +100.0	  +4.0	 +2.0000	 -0.0000	      +inf
1779638987.508	 +100.0	  +4.0	 +2.0000	 -0.0000	      +inf
1779638987.608	 +100.0	  +4.0	 +2.0000	 -0.0000	      +inf
1779638987.708	 +100.0	  +4.0	 +2.0000	 -0.0000	      +inf
1779638987.808	 +100.0	  +4.0	 +2.0000	 -0.0000	      +inf
1779638987.908	 +100.0	  +4.0	 +2.0000	 -0.0000	      +inf
1779638988.008	 +100.0	  +4.0	 +2.0000	 -0.0000	      +inf
1779638988.108	 +100.0	  +4.0	 +2.0000	 -0.0000	      +inf
1779638988.208	 +100.0	  +4.0	 +2.0000	 -0.0000	      +inf
1779638988.308	 +100.0	  +4.0	 +2.0000	 -0.0000	      +inf
1779638988.408	 +100.0	  +4.0	 +2.0000	 -0.0000	      +inf
1779638988.508	 +100.0	  +4.0	 +2.0000	 -0.0000	      +inf
1779638988.608	 +100.0	  +4.0	 +2.0000	 -0.0000	      +inf
1779638988.708	 +100.0	  +4.0	 +2.0000	 -0.0000	      +inf
1779638988.808	 +100.0	  +4.0	 +2.0000	 -0.0000	      +inf
1779638988.908	 +100.0	  +4.0	 +2.0000	 -0.0000	      +inf
1779638989.008	 +100.0	  +4.0	 +2.0000	 -0.0000	      +inf
1779638989.108	 +100.0	  +4.0	 +2.0000	 -0.0000	      +inf
1779638989.208	 +100.0	  +4.0	 +2.0000	 -0.0000	      +inf
1779638989.308	 +100.0	  +4.0	 +2.0000	 -0.0000	      +inf
1779638989.408	 +100.0	  +4.0	 +2.0000	 -0.0000	      +inf
1779638989.508	 +100.0	  +4.0	 +2.0000	 -0.0000	      +inf
1779638989.608	 +100.0	  +4.0	 +2.0000	 -0.0000	      +inf
1779638989.708	 +100.0	  +4.0	 +2.0000	 -0.0000	      +inf
1779638989.808	 +100.0	  +4.0	 +2.0000	 -0.0000	      +inf
1779638989.908	 +100.0	  +4.0	 +2.0000	 -0.0000	      +inf
1779638990.008	 +100.0	  +4.0	 +2.0000	 -0.0000	      +inf
1779638990.108	 +100.0	  +4.0	 +2.0000	 -0.0000	      +inf
1779638990.208	 +100.0	  +4.0	 +2.0000	 -0.0000	      +inf
1779638990.308	 +100.0	  +4.0	 +2.0000	 -0.0000	      +inf
1779638990.408	 +100.0	  +4.0	 +2.0000	 -0.0000	      +inf
1779638990.508	 +100.0	  +4.0	 +2.0000	 -0.0000	      +inf
1779638990.608	 +100.0	  +4.0	 +2.0000	 -0.0000	      +inf
1779638990.708	 +100.0	  +4.0	 +2.0000	 -0.0000	      +inf
1779638990.808	 +100.0	  +4.0	 +2.0000	 -0.0000	      +inf
1779638990.908	 +100.0	  +4.0	 +2.0000	 -0.0000	      +inf
1779638991.008	 +100.0	  +4.0	 +2.0000	 -0.0000	      +inf
1779638991.108	 +100.0	  +4.0	 +2.0000	 -0.0000	      +inf
1779638991.208	 +100.0	  +4.0	 +2.0000	 -0.0000	      +inf
1779638991.308	 +100.0	  +4.0	 +2.0000	 -0.0000	      +inf
1779638991.409	 +100.0	  +4.0	 +2.0000	 -0.0000	      +inf
1779638991.508	 +100.0	  +4.0	 +2.0000	 -0.0000	      +inf
1779638991.608	 +100.0	  +4.0	 +2.0000	 -0.0000	      +inf
1779638991.708	 +100.0	  +4.0	 +2.0000	 -0.0000	      +inf
1779638991.808	 +100.0	  +4.0	 +2.0000	 -0.0000	      +inf
1779638991.908	 +100.0	  +4.0	 +2.0000	 -0.0000	      +inf
1779638992.008	 +100.0	  +4.0	 +2.0000	 -0.0000	      +inf
1779638992.108	 +100.0	  +4.0	 +2.0000	 -0.0000	      +inf
1779638992.208	 +100.0	  +4.0	 +2.0000	 -0.0000	      +inf
1779638992.308	 +100.0	  +4.0	 +2.0000	 -0.0000	      +inf
1779638992.408	 +100.0	  +4.0	 +2.0000	 -0.0000	      +inf
1779638992.508	 +100.0	  +4.0	 +2.0000	 -0.0000	      +inf
1779638992.608	 +100.0	  +4.0	 +2.0000	 -0.0000	      +inf
1779638992.708	 +100.0	  +4.0	 +2.0000	 -0.0000	      +inf
1779638992.808	 +100.0	  +4.0	 +2.0000	 -0.0000	      +inf
1779638996.566	 +100.0	  +4.0	 +2.0000	 -0.0000	      +inf
1779638996.608	 +100.0	  +4.0	 +2.0000	 -0.0000	      +inf
1779638996.708	 +100.0	  +4.0	 +2.0000	 -0.0000	      +inf
1779638996.808	 +100.0	  +4.0	 +2.0000	 -0.0000	      +inf
1779638996.908	 +100.0	  +4.0	 +2.0000	 -0.0000	      +inf
1779638997.008	 +100.0	  +4.0	 +2.0000	 -0.0000	      +inf
1779638997.108	 +100.0	  +4.0	 +2.0000	 -0.0000	      +inf
1779638997.208	 +100.0	  +4.0	 +2.0000	 -0.0000	      +inf
1779638997.308	 +100.0	  +4.0	 +2.0000	 -0.0000	      +inf
1779638997.408	 +100.0	  +4.0	 +2.0000	 -0.0000	      +inf
1779638997.508	 +100.0	  +4.0	 +2.0000	 -0.0000	      +inf
1779638997.608	 +100.0	  +4.0	 +2.0000	 -0.0000	      +inf
1779638997.708	 +100.0	  +4.0	 +2.0000	 -0.0000	      +inf
1779638997.808	 +100.0	  +4.0	 +2.0000	 -0.0000	      +inf
1779638997.908	 +100.0	  +4.0	 +2.0000	 -0.0000	      +inf
1779638998.008	 +100.0	  +4.0	 +2.0000	 -0.0000	      +inf
1779638998.108	 +100.0	  +4.0	 +2.0000	 -0.0000	      +inf
1779638998.208	 +100.0	  +4.0	 +2.0000	 -0.0000	      +inf
1779638998.308	 +100.0	  +4.0	 +2.0000	 -0.0000	      +inf
1779638998.408	 +100.0	  +4.0	 +2.0000	 -0.0000	      +inf
1779638998.509	 +100.0	  +4.0	 +2.0000	 -0.0000	      +inf
1779638998.608	 +100.0	  +4.0	 +2.0000	 -0.0000	      +inf
1779638998.708	 +100.0	  +4.0	 +2.0000	 -0.0000	      +inf
1779638998.808	 +100.0	  +4.0	 +2.0000	 -0.0000	      +inf
1779638998.908	 +100.0	  +4.0	 +2.0000	 -0.0000	      +inf
1779638999.008	 +100.0	  +4.0	 +2.0000	 -0.0000	      +inf
1779638999.108	 +100.0	  +4.0	 +2.0000	 -0.0000	      +inf
1779638999.208	 +100.0	  +4.0	 +2.0000	 -0.0000	      +inf
1779638999.308	 +100.0	  +4.0	 +2.0000	 -0.0000	      +inf
1779638999.408	 +100.0	  +4.0	 +2.0000	 -0.0000	      +inf
1779638999.508	 +100.0	  +4.0	 +2.0000	 -0.0000	      +inf
1779638999.608	 +100.0	  +4.0	 +2.0000	 -0.0000	      +inf
1779638999.708	 +100.0	  +4.0	 +2.0000	 -0.0000	      +inf
1779638999.808	 +100.0	  +4.0	 +2.0000	 -0.0000	      +inf
1779638999.908	 +100.0	  +4.0	 +2.0000	 -0.0000	      +inf
1779639000.008	 +100.0	  +4.0	 +2.0000	 -0.0000	      +inf
1779639000.108	 +100.0	  +4.0	 +2.0000	 -0.0000	      +inf
1779639000.208	 +100.0	  +4.0	 +2.0000	 -0.0000	      +inf
1779639000.308	 +100.0	  +4.0	 +2.0000	 -0.0000	      +inf
1779639000.408	 +100.0	  +4.0	 +2.0000	 -0.0000	      +inf
1779639000.508	 +100.0	  +4.0	 +2.0000	 -0.0000	      +inf
1779639000.608	 +100.0	  +4.0	 +2.0000	 -0.0000	      +inf
1779639000.708	 +100.0	  +4.0	 +2.0000	 -0.0000	      +inf
1779639000.808	 +100.0	  +4.0	 +2.0000	 -0.0000	      +inf
1779639000.908	 +100.0	  +4.0	 +2.0000	 -0.0000	      +inf
1779639001.008	 +100.0	  +4.0	 +2.0000	 -0.0000	      +inf
1779639001.108	 +100.0	  +4.0	 +2.0000	 -0.0000	      +inf
1779639001.208	 +100.0	  +4.0	 +2.0000	 -0.0000	      +inf
1779639001.308	 +100.0	  +4.0	 +2.0000	 -0.0000	      +inf
1779639001.408	 +100.0	  +4.0	 +2.0000	 -0.0000	      +inf
1779639001.508	 +100.0	  +4.0	 +2.0000	 -0.0000	      +inf
1779639001.608	 +100.0	  +4.0	 +2.0000	 -0.0000	      +inf
1779639001.708	 +100.0	  +4.0	 +2.0000	 -0.0000	      +inf
1779639001.808	 +100.0	  +4.0	 +2.0000	 -0.0000	      +inf
1779639001.908	 +100.0	  +4.0	 +2.0000	 -0.0000	      +inf
1779639002.008	 +100.0	  +4.0	 +2.0000	 -0.0000	      +inf
1779639002.108	 +100.0	  +4.0	 +2.0000	 -0.0000	      +inf
1779639002.208	 +100.0	  +4.0	 +2.0000	 -0.0000	      +inf
1779639002.308	 +100.0	  +4.0	 +2.0000	 -0.0000	      +inf
1779639002.408	 +100.0	  +4.0	 +2.0000	 -0.0000	      +inf
1779639002.508	 +100.0	  +4.0	 +2.0000	 -0.0000	      +inf
1779639002.608	 +100.0	  +4.0	 +2.0000	 -0.0000	      +inf
1779639002.708	 +100.0	  +4.0	 +2.0000	 -0.0000	      +inf
1779639002.808	 +100.0	  +4.0	 +2.0000	 -0.0000	      +inf
1779639002.908	 +100.0	  +4.0	 +2.0000	 -0.0000	      +inf
1779639003.008	 +100.0	  +4.0	 +2.0000	 -0.0000	      +inf
1779639003.108	 +100.0	  +4.0	 +2.0000	 -0.0000	      +inf
1779639003.208	 +100.0	  +4.0	 +2.0000	 -0.0000	      +inf
1779639003.308	 +100.0	  +4.0	 +2.0000	 -0.0000	      +inf
1779639003.408	 +100.0	  +4.0	 +2.0000	 -0.0000	      +inf
1779639003.508	 +100.0	  +4.0	 +2.0000	 -0.0000	      +inf
1779639003.608	 +100.0	  +4.0	 +2.0000	 -0.0000	      +inf
1779639003.708	 +100.0	  +4.0	 +2.0000	 -0.0000	      +inf
1779639003.808	 +100.0	  +4.0	 +2.0000	 -0.0000	      +inf
1779639003.908	 +100.0	  +4.0	 +2.0000	 -0.0000	      +inf
1779639004.008	 +100.0	  +4.0	 +2.0000	 -0.0000	      +inf
1779639004.108	 +100.0	  +4.0	 +2.0000	 -0.0000	      +inf
1779639004.208	 +100.0	  +4.0	 +2.0000	 -0.0000	      +inf
1779639004.308	 +100.0	  +4.0	 +2.0000	 -0.0000	      +inf
1779639004.408	 +100.0	  +4.0	 +2.0000	 -0.0000	      +inf
1779639004.508	 +100.0	  +4.0	 +2.0000	 -0.0000	      +inf
1779639004.608	 +100.0	  +4.0	 +2.0000	 -0.0000	      +inf
1779639004.708	 +100.0	  +4.0	 +2.0000	 -0.0000	      +inf
1779639004.808	 +100.0	  +4.0	 +2.0000	 -0.0000	      +inf
1779639004.908	 +100.0	  +4.0	 +2.0000	 -0.0000	      +inf
1779639005.008	 +100.0	  +4.0	 +2.0000	 -0.0000	      +inf
1779639005.108	 +100.0	  +4.0	 +2.0000	 -0.0000	      +inf
1779639005.208	 +100.0	  +4.0	 +2.0000	 -0.0000	      +inf
1779639005.308	 +100.0	  +4.0	 +2.0000	 -0.0000	      +inf
1779639005.408	 +100.0	  +4.0	 +2.0000	 -0.0000	      +inf
1779639005.508	 +100.0	  +4.0	 +2.0000	 -0.0000	      +inf
1779639005.608	 +100.0	  +4.0	 +2.0000	 -0.0000	      +inf
1779639005.708	 +100.0	  +4.0	 +2.0000	 -0.0000	      +inf
1779639005.808	 +100.0	  +4.0	 +2.0000	 -0.0000	      +inf
1779639005.908	 +100.0	  +4.0	 +2.0000	 -0.0000	      +inf
1779639006.008	 +100.0	  +4.0	 +2.0000	 -0.0000	      +inf
1779639006.108	 +100.0	  +4.0	 +2.0000	 -0.0000	      +inf
1779639006.208	 +100.0	  +4.0	 +2.0000	 -0.0000	      +inf
1779639006.308	 +100.0	  +4.0	 +2.0000	 -0.0000	      +inf
1779639006.408	 +100.0	  +4.0	 +2.0000	 -0.0000	      +inf
1779639006.508	 +100.0	  +4.0	 +2.0000	 -0.0000	      +inf
1779639006.608	 +100.0	  +4.0	 +2.0000	 -0.0000	      +inf
1779639006.708	 +100.0	  +4.0	 +2.0000	 -0.0000	      +inf
1779639006.808	 +100.0	  +4.0	 +2.0000	 -0.0000	      +inf
1779639006.908	 +100.0	  +4.0	 +2.0000	 -0.0000	      +inf
1779639007.008	 +100.0	  +4.0	 +2.0000	 -0.0000	      +inf
1779639007.108	 +100.0	  +4.0	 +2.0000	 -0.0000	      +inf
1779639007.208	 +100.0	  +4.0	 +2.0000	 -0.0000	      +inf
1779639007.308	 +100.0	  +4.0	 +2.0000	 -0.0000	      +inf
1779639007.408	 +100.0	  +4.0	 +2.0000	 -0.0000	      +inf
1779639007.508	 +100.0	  +4.0	 +2.0000	 -0.0000	      +inf
1779639007.608	 +100.0	  +4.0	 +2.0000	 -0.0000	      +inf
1779639007.708	 +100.0	  +4.0	 +2.0000	 -0.0000	      +inf
1779639007.808	 +100.0	  +4.0	 +2.0000	 -0.0000	      +inf
1779639007.908	 +100.0	  +4.0	 +2.0000	 -0.0000	      +inf
1779639008.008	 +100.0	  +4.0	 +2.0000	 -0.0000	      +inf
1779639008.108	 +100.0	  +4.0	 +2.0000	 -0.0000	      +inf
1779639008.208	 +100.0	  +4.0	 +2.0000	 -0.0000	      +inf
1779639008.308	 +100.0	  +4.0	 +2.0000	 -0.0000	      +inf
1779639008.408	 +100.0	  +4.0	 +2.0000	 -0.0000	      +inf
1779639008.508	 +100.0	  +4.0	 +2.0000	 -0.0000	      +inf
1779639008.608	 +100.0	  +4.0	 +2.0000	 -0.0000	      +inf
1779639008.708	 +100.0	  +4.0	 +2.0000	 -0.0000	      +inf
1779639008.808	 +100.0	  +4.0	 +2.0000	 -0.0000	      +inf
1779639008.908	 +100.0	  +4.0	 +2.0000	 -0.0000	      +inf
1779639009.008	 +100.0	  +4.0	 +2.0000	 -0.0000	      +inf
1779639009.108	 +100.0	  +4.0	 +2.0000	 -0.0000	      +inf
1779639009.208	 +100.0	  +4.0	 +2.0000	 -0.0000	      +inf
1779639009.308	 +100.0	  +4.0	 +2.0000	 -0.0000	      +inf
1779639009.408	 +100.0	  +4.0	 +2.0000	 -0.0000	      +inf
1779639009.508	 +100.0	  +4.0	 +2.0000	 -0.0000	      +inf
1779639009.608	 +100.0	  +4.0	 +2.0000	 -0.0000	      +inf
1779639009.708	 +100.0	  +4.0	 +2.0000	 -0.0000	      +inf
1779639009.808	 +100.0	  +4.0	 +2.0000	 -0.0000	      +inf
1779639009.908	 +100.0	  +4.0	 +2.0000	 -0.0000	      +inf
1779639010.008	 +100.0	  +4.0	 +2.0000	 -0.0000	      +inf
1779639010.108	 +100.0	  +4.0	 +2.0000	 -0.0000	      +inf
1779639010.208	 +100.0	  +4.0	 +2.0000	 -0.0000	      +inf
1779639010.308	 +100.0	  +4.0	 +2.0000	 -0.0000	      +inf
1779639010.408	 +100.0	  +4.0	 +2.0000	 -0.0000	      +inf
1779639010.508	 +100.0	  +4.0	 +2.0000	 -0.0000	      +inf
1779639010.608	 +100.0	  +4.0	 +2.0000	 -0.0000	      +inf
1779639010.708	 +100.0	  +4.0	 +2.0000	 -0.0000	      +inf
1779639010.808	 +100.0	  +4.0	 +2.0000	 -0.0000	      +inf
1779639010.908	 +100.0	  +4.0	 +2.0000	 -0.0000	      +inf
1779639011.008	 +100.0	  +4.0	 +2.0000	 -0.0000	      +inf
1779639011.108	 +100.0	  +4.0	 +2.0000	 -0.0000	      +inf
1779639011.208	 +100.0	  +4.0	 +2.0000	 -0.0000	      +inf
1779639011.308	 +100.0	  +4.0	 +2.0000	 -0.0000	      +inf
1779639011.408	 +100.0	  +4.0	 +2.0000	 -0.0000	      +inf
1779639011.508	 +100.0	  +4.0	 +2.0000	 -0.0000	      +inf
1779639011.608	 +100.0	  +4.0	 +2.0000	 -0.0000	      +inf
1779639011.708	 +100.0	  +4.0	 +2.0000	 -0.0000	      +inf
1779639011.808	 +100.0	  +4.0	 +2.0000	 -0.0000	      +inf
1779639011.908	 +100.0	  +4.0	 +2.0000	 -0.0000	      +inf
1779639012.008	 +100.0	  +4.0	 +2.0000	 -0.0000	      +inf
1779639012.108	 +100.0	  +4.0	 +2.0000	 -0.0000	      +inf
1779639012.208	 +100.0	  +4.0	 +2.0000	 -0.0000	      +inf
1779639012.308	 +100.0	  +4.0	 +2.0000	 -0.0000	      +inf
1779639012.408	 +100.0	  +4.0	 +2.0000	 -0.0000	      +inf
1779639012.508	 +100.0	  +4.0	 +2.0000	 -0.0000	      +inf
1779639012.608	 +100.0	  +4.0	 +2.0000	 -0.0000	      +inf
1779639012.708	 +100.0	  +4.0	 +2.0000	 -0.0000	      +inf
1779639012.808	 +100.0	  +4.0	 +2.0000	 -0.0000	      +inf
1779639012.908	 +100.0	  +4.0	 +2.0000	 -0.0000	      +inf
1779639013.008	 +100.0	  +4.0	 +2.0000	 -0.0000	      +inf
1779639013.108	 +100.0	  +4.0	 +2.0000	 -0.0000	      +inf
1779639013.208	 +100.0	  +4.0	 +2.0000	 -0.0000	      +inf
1779639013.308	 +100.0	  +4.0	 +2.0000	 -0.0000	      +inf
1779639013.408	 +100.0	  +4.0	 +2.0000	 -0.0000	      +inf
1779639013.508	 +100.0	  +4.0	 +2.0000	 -0.0000	      +inf
1779639013.608	 +100.0	  +4.0	 +2.0000	 -0.0000	      +inf
1779639013.708	 +100.0	  +4.0	 +2.0000	 -0.0000	      +inf
1779639013.808	 +100.0	  +4.0	 +2.0000	 -0.0000	      +inf
1779639013.908	 +100.0	  +4.0	 +2.0000	 -0.0000	      +inf
1779639014.008	 +100.0	  +4.0	 +2.0000	 -0.0000	      +inf
1779639014.108	 +100.0	  +4.0	 +2.0000	 -0.0000	      +inf
1779639014.208	 +100.0	  +4.0	 +2.0000	 -0.0000	      +inf
1779639014.308	 +100.0	  +4.0	 +2.0000	 -0.0000	      +inf
1779639014.408	 +100.0	  +4.0	 +2.0000	 -0.0000	      +inf
1779639014.508	 +100.0	  +4.0	 +2.0000	 -0.0000	      +inf
1779639014.608	 +100.0	  +4.0	 +2.0000	 -0.0000	      +inf
1779639014.708	 +100.0	  +4.0	 +2.0000	 -0.0000	      +inf
1779639014.808	 +100.0	  +4.0	 +2.0000	 -0.0000	      +inf
1779639014.908	 +100.0	  +4.0	 +2.0000	 -0.0000	      +inf
1779639015.008	 +100.0	  +4.0	 +2.0000	 -0.0000	      +inf
1779639015.108	 +100.0	  +4.0	 +2.0000	 -0.0000	      +inf
1779639015.208	 +100.0	  +4.0	 +2.0000	 -0.0000	      +inf
1779639015.308	 +100.0	  +4.0	 +2.0000	 -0.0000	      +inf
1779639015.409	 +100.0	  +4.0	 +2.0000	 -0.0000	      +inf
1779639015.508	 +100.0	  +4.0	 +2.0000	 -0.0000	      +inf
1779639015.608	 +100.0	  +4.0	 +2.0000	 -0.0000	      +inf
1779639015.708	 +100.0	  +4.0	 +2.0000	 -0.0000	      +inf
1779639015.808	 +100.0	  +4.0	 +2.0000	 -0.0000	      +inf
1779639015.908	 +100.0	  +4.0	 +2.0000	 -0.0000	      +inf
1779639016.008	 +100.0	  +4.0	 +2.0000	 -0.0000	      +inf
1779639016.108	 +100.0	  +4.0	 +2.0000	 -0.0000	      +inf
1779639016.208	 +100.0	  +4.0	 +2.0000	 -0.0000	      +inf
1779639016.308	 +100.0	  +4.0	 +2.0000	 -0.0000	      +inf
1779639016.408	 +100.0	  +4.0	 +2.0000	 -0.0000	      +inf
1779639016.508	 +100.0	  +4.0	 +2.0000	 -0.0000	      +inf
1779639016.608	 +100.0	  +4.0	 +2.0000	 -0.0000	      +inf
1779639016.708	 +100.0	  +4.0	 +2.0000	 -0.0000	      +inf
1779639016.808	 +100.0	  +4.0	 +2.0000	 -0.0000	      +inf
1779639016.908	 +100.0	  +4.0	 +2.0000	 -0.0000	      +inf
1779639017.008	 +100.0	  +4.0	 +2.0000	 -0.0000	      +inf
1779639017.108	 +100.0	  +4.0	 +2.0000	 -0.0000	      +inf
1779639017.208	 +100.0	  +4.0	 +2.0000	 -0.0000	      +inf
1779639017.308	 +100.0	  +4.0	 +2.0000	 -0.0000	      +inf
1779639017.408	 +100.0	  +4.0	 +2.0000	 -0.0000	      +inf
1779639017.508	 +100.0	  +4.0	 +2.0000	 -0.0000	      +inf
1779639017.608	 +100.0	  +4.0	 +2.0000	 -0.0000	      +inf
1779639017.708	 +100.0	  +4.0	 +2.0000	 -0.0000	      +inf
1779639017.808	 +100.0	  +4.0	 +2.0000	 -0.0000	      +inf
1779639017.908	 +100.0	  +4.0	 +2.0000	 -0.0000	      +inf
1779639018.008	 +100.0	  +4.0	 +2.0000	 -0.0000	      +inf
1779639018.108	 +100.0	  +4.0	 +2.0000	 -0.0000	      +inf
1779639018.208	 +100.0	  +4.0	 +2.0000	 -0.0000	      +inf
1779639018.308	 +100.0	  +4.0	 +2.0000	 -0.0000	      +inf
1779639018.408	 +100.0	  +4.0	 +2.0000	 -0.0000	      +inf
1779639018.508	 +100.0	  +4.0	 +2.0000	 -0.0000	      +inf
1779639018.608	 +100.0	  +4.0	 +2.0000	 -0.0000	      +inf
1779639018.708	 +100.0	  +4.0	 +2.0000	 -0.0000	      +inf
1779639018.808	 +100.0	  +4.0	 +2.0000	 -0.0000	      +inf
1779639018.908	 +100.0	  +4.0	 +2.0000	 -0.0000	      +inf
1779639019.008	 +100.0	  +4.0	 +2.0000	 -0.0000	      +inf
1779639019.108	 +100.0	  +4.0	 +2.0000	 -0.0000	      +inf
1779639019.208	 +100.0	  +4.0	 +2.0000	 -0.0000	      +inf
1779639019.308	 +100.0	  +4.0	 +2.0000	 -0.0000	      +inf
1779639019.408	 +100.0	  +4.0	 +2.0000	 -0.0000	      +inf
1779639019.508	 +100.0	  +4.0	 +2.0000	 -0.0000	      +inf
1779639019.608	 +100.0	  +4.0	 +2.0000	 -0.0000	      +inf
1779639019.708	 +100.0	  +4.0	 +2.0000	 -0.0000	      +inf
1779639019.808	 +100.0	  +4.0	 +2.0000	 -0.0000	      +inf
1779639019.908	 +100.0	  +4.0	 +2.0000	 -0.0000	      +inf
1779639020.008	 +100.0	  +4.0	 +2.0000	 -0.0000	      +inf
1779639020.108	 +100.0	  +4.0	 +2.0000	 -0.0000	      +inf
1779639020.208	 +100.0	  +4.0	 +2.0000	 -0.0000	      +inf
1779639020.308	 +100.0	  +4.0	 +2.0000	 -0.0000	      +inf
1779639020.408	 +100.0	  +4.0	 +2.0000	 -0.0000	      +inf
1779639020.508	 +100.0	  +4.0	 +2.0000	 -0.0000	      +inf
1779639020.608	 +100.0	  +4.0	 +2.0000	 -0.0000	      +inf
1779639020.708	 +100.0	  +4.0	 +2.0000	 -0.0000	      +inf
1779639020.808	 +100.0	  +4.0	 +2.0000	 -0.0000	      +inf
1779639020.908	 +100.0	  +4.0	 +2.0000	 -0.0000	      +inf
1779639021.008	 +100.0	  +4.0	 +2.0000	 -0.0000	      +inf
1779639021.108	 +100.0	  +4.0	 +2.0000	 -0.0000	      +inf
1779639021.208	 +100.0	  +4.0	 +2.0000	 -0.0000	      +inf
1779639021.308	 +100.0	  +4.0	 +2.0000	 -0.0000	      +inf
1779639021.408	 +100.0	  +4.0	 +2.0000	 -0.0000	      +inf
1779639021.508	 +100.0	  +4.0	 +2.0000	 -0.0000	      +inf
1779639021.608	 +100.0	  +4.0	 +2.0000	 -0.0000	      +inf
1779639021.708	 +100.0	  +4.0	 +2.0000	 -0.0000	      +inf
1779639021.808	 +100.0	  +4.0	 +2.0000	 -0.0000	      +inf
1779639021.908	 +100.0	  +4.0	 +2.0000	 -0.0000	      +inf
1779639022.008	 +100.0	  +4.0	 +2.0000	 -0.0000	      +inf
1779639022.108	 +100.0	  +4.0	 +2.0000	 -0.0000	      +inf
1779639022.208	 +100.0	  +4.0	 +2.0000	 -0.0000	      +inf
1779639022.308	 +100.0	  +4.0	 +2.0000	 -0.0000	      +inf
1779639022.408	 +100.0	  +4.0	 +2.0000	 -0.0000	      +inf
1779639022.508	 +100.0	  +4.0	 +2.0000	 -0.0000	      +inf
1779639022.608	 +100.0	  +4.0	 +2.0000	 -0.0000	      +inf
1779639022.708	 +100.0	  +4.0	 +2.0000	 -0.0000	      +inf
1779639022.808	 +100.0	  +4.0	 +2.0000	 -0.0000	      +inf
1779639022.908	 +100.0	  +4.0	 +2.0000	 -0.0000	      +inf
1779639023.008	 +100.0	  +4.0	 +2.0000	 -0.0000	      +inf
1779639023.108	 +100.0	  +4.0	 +2.0000	 -0.0000	      +inf
1779639023.208	 +100.0	  +4.0	 +2.0000	 -0.0000	      +inf
1779639023.308	 +100.0	  +4.0	 +2.0000	 -0.0000	      +inf
1779639023.408	 +100.0	  +4.0	 +2.0000	 -0.0000	      +inf
1779639023.508	 +100.0	  +4.0	 +2.0000	 -0.0000	      +inf
1779639023.608	 +100.0	  +4.0	 +2.0000	 -0.0000	      +inf
1779639023.708	 +100.0	  +4.0	 +2.0000	 -0.0000	      +inf
1779639023.808	 +100.0	  +4.0	 +2.0000	 -0.0000	      +inf
1779639023.908	 +100.0	  +4.0	 +2.0000	 -0.0000	      +inf
1779639024.008	 +100.0	  +4.0	 +2.0000	 -0.0000	      +inf
1779639024.108	 +100.0	  +4.0	 +2.0000	 -0.0000	      +inf
1779639024.208	 +100.0	  +4.0	 +2.0000	 -0.0000	      +inf
1779639024.308	 +100.0	  +4.0	 +2.0000	 -0.0000	      +inf
1779639024.408	 +100.0	  +4.0	 +2.0000	 -0.0000	      +inf
1779639024.508	 +100.0	  +4.0	 +2.0000	 -0.0000	      +inf
1779639024.608	 +100.0	  +4.0	 +2.0000	 -0.0000	      +inf
1779639024.708	 +100.0	  +4.0	 +2.0000	 -0.0000	      +inf
1779639024.808	 +100.0	  +4.0	 +2.0000	 -0.0000	      +inf
1779639024.908	 +100.0	  +4.0	 +2.0000	 -0.0000	      +inf
1779639025.008	 +100.0	  +4.0	 +2.0000	 -0.0000	      +inf
1779639025.108	 +100.0	  +4.0	 +2.0000	 -0.0000	      +inf
1779639025.208	 +100.0	  +4.0	 +2.0000	 -0.0000	      +inf
1779639025.308	 +100.0	  +4.0	 +2.0000	 -0.0000	      +inf
1779639025.408	 +100.0	  +4.0	 +2.0000	 -0.0000	      +inf
1779639025.508	 +100.0	  +4.0	 +2.0000	 -0.0000	      +inf
1779639025.608	 +100.0	  +4.0	 +2.0000	 -0.0000	      +inf
1779639025.708	 +100.0	  +4.0	 +2.0000	 -0.0000	      +inf
1779639025.808	 +100.0	  +4.0	 +2.0000	 -0.0000	      +inf
1779639025.908	 +100.0	  +4.0	 +2.0000	 -0.0000	      +inf
1779639026.008	 +100.0	  +4.0	 +2.0000	 -0.0000	      +inf
1779639026.108	 +100.0	  +4.0	 +2.0000	 -0.0000	      +inf
1779639026.208	 +100.0	  +4.0	 +2.0000	 -0.0000	      +inf
1779639026.308	 +100.0	  +4.0	 +2.0000	 -0.0000	      +inf
1779639026.408	 +100.0	  +4.0	 +2.0000	 -0.0000	      +inf
1779639026.508	 +100.0	  +4.0	 +2.0000	 -0.0000	      +inf
1779639026.608	 +100.0	  +4.0	 +2.0000	 -0.0000	      +inf
1779639026.708	 +100.0	  +4.0	 +2.0000	 -0.0000	      +inf
1779639026.808	 +100.0	  +4.0	 +2.0000	 -0.0000	      +inf
1779639026.908	 +100.0	  +4.0	 +2.0000	 -0.0000	      +inf
1779639027.008	 +100.0	  +4.0	 +2.0000	 -0.0000	      +inf
1779639027.108	 +100.0	  +4.0	 +2.0000	 -0.0000	      +inf
1779639027.208	 +100.0	  +4.0	 +2.0000	 -0.0000	      +inf
1779639027.308	 +100.0	  +4.0	 +2.0000	 -0.0000	      +inf
1779639027.408	 +100.0	  +4.0	 +2.0000	 -0.0000	      +inf
1779639027.508	 +100.0	  +4.0	 +2.0000	 -0.0000	      +inf
1779639027.608	 +100.0	  +4.0	 +2.0000	 -0.0000	      +inf
1779639027.708	 +100.0	  +4.0	 +2.0000	 -0.0000	      +inf
1779639027.808	 +100.0	  +4.0	 +2.0000	 -0.0000	      +inf
1779639027.908	 +100.0	  +4.0	 +2.0000	 -0.0000	      +inf
1779639028.008	 +100.0	  +4.0	 +2.0000	 -0.0000	      +inf
1779639028.108	 +100.0	  +4.0	 +2.0000	 -0.0000	      +inf
1779639028.208	 +100.0	  +4.0	 +2.0000	 -0.0000	      +inf
1779639028.308	 +100.0	  +4.0	 +2.0000	 -0.0000	      +inf
1779639028.408	 +100.0	  +4.0	 +2.0000	 -0.0000	      +inf
1779639028.508	 +100.0	  +4.0	 +2.0000	 -0.0000	      +inf
1779639028.608	 +100.0	  +4.0	 +2.0000	 -0.0000	      +inf
1779639028.708	 +100.0	  +4.0	 +2.0000	 -0.0000	      +inf
1779639028.808	 +100.0	  +4.0	 +2.0000	 -0.0000	      +inf
1779639032.133	 +100.0	  +4.0	 +2.0000	 -0.0000	      +inf
1779639032.208	 +100.0	  +4.0	 +2.0000	 -0.0000	      +inf
1779639032.308	 +100.0	  +4.0	 +2.0000	 -0.0000	      +inf
1779639032.408	 +100.0	  +4.0	 +2.0000	 -0.0000	      +inf
1779639032.508	 +100.0	  +4.0	 +2.0000	 -0.0000	      +inf
1779639032.608	 +100.0	  +4.0	 +2.0000	 -0.0000	      +inf
1779639032.708	 +100.0	  +4.0	 +2.0000	 -0.0000	      +inf
1779639032.808	 +100.0	  +4.0	 +2.0000	 -0.0000	      +inf
1779639032.908	 +100.0	  +4.0	 +2.0000	 -0.0000	      +inf
1779639033.008	 +100.0	  +4.0	 +2.0000	 -0.0000	      +inf
1779639033.108	 +100.0	  +4.0	 +2.0000	 -0.0000	      +inf
1779639033.208	 +100.0	  +4.0	 +2.0000	 -0.0000	      +inf
1779639033.308	 +100.0	  +4.0	 +2.0000	 -0.0000	      +inf
1779639033.408	 +100.0	  +4.0	 +2.0000	 -0.0000	      +inf
1779639033.508	 +100.0	  +4.0	 +2.0000	 -0.0000	      +inf
1779639033.608	 +100.0	  +4.0	 +2.0000	 -0.0000	      +inf
1779639033.708	 +100.0	  +4.0	 +2.0000	 -0.0000	      +inf
1779639033.808	 +100.0	  +4.0	 +2.0000	 -0.0000	      +inf
1779639033.908	 +100.0	  +4.0	 +2.0000	 -0.0000	      +inf
1779639034.008	 +100.0	  +4.0	 +2.0000	 -0.0000	      +inf
1779639034.108	 +100.0	  +4.0	 +2.0000	 -0.0000	      +inf
1779639034.208	 +100.0	  +4.0	 +2.0000	 -0.0000	      +inf
1779639034.308	 +100.0	  +4.0	 +2.0000	 -0.0000	      +inf
1779639034.408	 +100.0	  +4.0	 +2.0000	 -0.0000	      +inf
1779639034.508	 +100.0	  +4.0	 +2.0000	 -0.0000	      +inf
1779639034.608	 +100.0	  +4.0	 +2.0000	 -0.0000	      +inf
1779639034.708	 +100.0	  +4.0	 +2.0000	 -0.0000	      +inf
1779639034.808	 +100.0	  +4.0	 +2.0000	 -0.0000	      +inf
1779639034.908	 +100.0	  +4.0	 +2.0000	 -0.0000	      +inf
1779639035.008	 +100.0	  +4.0	 +2.0000	 -0.0000	      +inf
1779639035.108	 +100.0	  +4.0	 +2.0000	 -0.0000	      +inf
1779639035.208	 +100.0	  +4.0	 +2.0000	 -0.0000	      +inf
1779639035.308	 +100.0	  +4.0	 +2.0000	 -0.0000	      +inf
1779639035.408	 +100.0	  +4.0	 +2.0000	 -0.0000	      +inf
1779639035.508	 +100.0	  +4.0	 +2.0000	 -0.0000	      +inf
1779639035.608	 +100.0	  +4.0	 +2.0000	 -0.0000	      +inf
1779639035.708	 +100.0	  +4.0	 +2.0000	 -0.0000	      +inf
1779639035.808	 +100.0	  +4.0	 +2.0000	 -0.0000	      +inf
1779639035.908	 +100.0	  +4.0	 +2.0000	 -0.0000	      +inf
1779639036.008	 +100.0	  +4.0	 +2.0000	 -0.0000	      +inf
1779639036.108	 +100.0	  +4.0	 +2.0000	 -0.0000	      +inf
1779639036.208	 +100.0	  +4.0	 +2.0000	 -0.0000	      +inf
1779639036.308	 +100.0	  +4.0	 +2.0000	 -0.0000	      +inf
1779639036.408	 +100.0	  +4.0	 +2.0000	 -0.0000	      +inf
1779639036.509	 +100.0	  +4.0	 +2.0000	 -0.0000	      +inf
1779639036.608	 +100.0	  +4.0	 +2.0000	 -0.0000	      +inf
1779639036.708	 +100.0	  +4.0	 +2.0000	 -0.0000	      +inf
1779639036.808	 +100.0	  +4.0	 +2.0000	 -0.0000	      +inf
1779639036.908	 +100.0	  +4.0	 +2.0000	 -0.0000	      +inf
1779639037.008	 +100.0	  +4.0	 +2.0000	 -0.0000	      +inf
1779639037.108	 +100.0	  +4.0	 +2.0000	 -0.0000	      +inf
1779639037.208	 +100.0	  +4.0	 +2.0000	 -0.0000	      +inf
1779639037.308	 +100.0	  +4.0	 +2.0000	 -0.0000	      +inf
1779639037.408	 +100.0	  +4.0	 +2.0000	 -0.0000	      +inf
1779639037.508	 +100.0	  +4.0	 +2.0000	 -0.0000	      +inf
1779639037.608	 +100.0	  +4.0	 +2.0000	 -0.0000	      +inf
1779639037.708	 +100.0	  +4.0	 +2.0000	 -0.0000	      +inf
1779639037.808	 +100.0	  +4.0	 +2.0000	 -0.0000	      +inf
1779639037.908	 +100.0	  +4.0	 +2.0000	 -0.0000	      +inf
1779639038.008	 +100.0	  +4.0	 +2.0000	 -0.0000	      +inf
1779639038.108	 +100.0	  +4.0	 +2.0000	 -0.0000	      +inf
1779639038.208	 +100.0	  +4.0	 +2.0000	 -0.0000	      +inf
1779639038.308	 +100.0	  +4.0	 +2.0000	 -0.0000	      +inf
1779639038.408	 +100.0	  +4.0	 +2.0000	 -0.0000	      +inf
1779639038.508	 +100.0	  +4.0	 +2.0000	 -0.0000	      +inf
1779639038.608	 +100.0	  +4.0	 +2.0000	 -0.0000	      +inf
1779639038.708	 +100.0	  +4.0	 +2.0000	 -0.0000	      +inf
1779639038.808	 +100.0	  +4.0	 +2.0000	 -0.0000	      +inf
1779639038.908	 +100.0	  +4.0	 +2.0000	 -0.0000	      +inf
1779639039.008	 +100.0	  +4.0	 +2.0000	 -0.0000	      +inf
1779639039.108	 +100.0	  +4.0	 +2.0000	 -0.0000	      +inf
1779639039.208	 +100.0	  +4.0	 +2.0000	 -0.0000	      +inf
1779639039.308	 +100.0	  +4.0	 +2.0000	 -0.0000	      +inf
1779639039.408	 +100.0	  +4.0	 +2.0000	 -0.0000	      +inf
1779639039.508	 +100.0	  +4.0	 +2.0000	 -0.0000	      +inf
1779639039.608	 +100.0	  +4.0	 +2.0000	 -0.0000	      +inf
1779639039.708	 +100.0	  +4.0	 +2.0000	 -0.0000	      +inf
1779639039.808	 +100.0	  +4.0	 +2.0000	 -0.0000	      +inf
1779639039.908	 +100.0	  +4.0	 +2.0000	 -0.0000	      +inf
1779639040.008	 +100.0	  +4.0	 +2.0000	 -0.0000	      +inf
1779639040.108	 +100.0	  +4.0	 +2.0000	 -0.0000	      +inf
1779639040.208	 +100.0	  +4.0	 +2.0000	 -0.0000	      +inf
1779639040.308	 +100.0	  +4.0	 +2.0000	 -0.0000	      +inf
1779639040.408	 +100.0	  +4.0	 +2.0000	 -0.0000	      +inf
1779639040.508	 +100.0	  +4.0	 +2.0000	 -0.0000	      +inf
1779639040.608	 +100.0	  +4.0	 +2.0000	 -0.0000	      +inf
1779639040.708	 +100.0	  +4.0	 +2.0000	 -0.0000	      +inf
1779639040.808	 +100.0	  +4.0	 +2.0000	 -0.0000	      +inf
1779639040.908	 +100.0	  +4.0	 +2.0000	 -0.0000	      +inf
1779639041.008	 +100.0	  +4.0	 +2.0000	 -0.0000	      +inf
1779639041.108	 +100.0	  +4.0	 +2.0000	 -0.0000	      +inf
1779639041.208	 +100.0	  +4.0	 +2.0000	 -0.0000	      +inf
1779639041.308	 +100.0	  +4.0	 +2.0000	 -0.0000	      +inf
1779639041.408	 +100.0	  +4.0	 +2.0000	 -0.0000	      +inf
1779639041.508	 +100.0	  +4.0	 +2.0000	 -0.0000	      +inf
1779639041.608	 +100.0	  +4.0	 +2.0000	 -0.0000	      +inf
1779639041.708	 +100.0	  +4.0	 +2.0000	 -0.0000	      +inf
1779639041.808	 +100.0	  +4.0	 +2.0000	 -0.0000	      +inf
1779639041.908	 +100.0	  +4.0	 +2.0000	 -0.0000	      +inf
1779639042.008	 +100.0	  +4.0	 +2.0000	 -0.0000	      +inf
1779639042.108	 +100.0	  +4.0	 +2.0000	 -0.0000	      +inf
1779639042.208	 +100.0	  +4.0	 +2.0000	 -0.0000	      +inf
1779639042.308	 +100.0	  +4.0	 +2.0000	 -0.0000	      +inf
1779639042.408	 +100.0	  +4.0	 +2.0000	 -0.0000	      +inf
1779639042.508	 +100.0	  +4.0	 +2.0000	 -0.0000	      +inf
1779639042.608	 +100.0	  +4.0	 +2.0000	 -0.0000	      +inf
1779639042.708	 +100.0	  +4.0	 +2.0000	 -0.0000	      +inf
1779639042.808	 +100.0	  +4.0	 +2.0000	 -0.0000	      +inf
1779639042.908	 +100.0	  +4.0	 +2.0000	 -0.0000	      +inf
1779639043.008	 +100.0	  +4.0	 +2.0000	 -0.0000	      +inf
1779639043.108	 +100.0	  +4.0	 +2.0000	 -0.0000	      +inf
1779639043.208	 +100.0	  +4.0	 +2.0000	 -0.0000	      +inf
1779639043.308	 +100.0	  +4.0	 +2.0000	 -0.0000	      +inf
1779639043.408	 +100.0	  +4.0	 +2.0000	 -0.0000	      +inf
1779639043.508	 +100.0	  +4.0	 +2.0000	 -0.0000	      +inf
1779639043.608	 +100.0	  +4.0	 +2.0000	 -0.0000	      +inf
1779639043.708	 +100.0	  +4.0	 +2.0000	 -0.0000	      +inf
1779639043.808	 +100.0	  +4.0	 +2.0000	 -0.0000	      +inf
1779639043.908	 +100.0	  +4.0	 +2.0000	 -0.0000	      +inf
1779639044.008	 +100.0	  +4.0	 +2.0000	 -0.0000	      +inf
1779639044.108	 +100.0	  +4.0	 +2.0000	 -0.0000	      +inf
1779639044.208	 +100.0	  +4.0	 +2.0000	 -0.0000	      +inf
1779639044.308	 +100.0	  +4.0	 +2.0000	 -0.0000	      +inf
1779639044.408	 +100.0	  +4.0	 +2.0000	 -0.0000	      +inf
1779639044.508	 +100.0	  +4.0	 +2.0000	 -0.0000	      +inf
1779639044.608	 +100.0	  +4.0	 +2.0000	 -0.0000	      +inf
1779639044.708	 +100.0	  +4.0	 +2.0000	 -0.0000	      +inf
1779639044.808	 +100.0	  +4.0	 +2.0000	 -0.0000	      +inf
1779639044.908	 +100.0	  +4.0	 +2.0000	 -0.0000	      +inf
1779639045.008	 +100.0	  +4.0	 +2.0000	 -0.0000	      +inf
1779639045.108	 +100.0	  +4.0	 +2.0000	 -0.0000	      +inf
1779639045.208	 +100.0	  +4.0	 +2.0000	 -0.0000	      +inf
1779639045.308	 +100.0	  +4.0	 +2.0000	 -0.0000	      +inf
1779639045.408	 +100.0	  +4.0	 +2.0000	 -0.0000	      +inf
1779639045.508	 +100.0	  +4.0	 +2.0000	 -0.0000	      +inf
1779639045.608	 +100.0	  +4.0	 +2.0000	 -0.0000	      +inf
1779639045.708	 +100.0	  +4.0	 +2.0000	 -0.0000	      +inf
1779639045.808	 +100.0	  +4.0	 +2.0000	 -0.0000	      +inf
1779639045.908	 +100.0	  +4.0	 +2.0000	 -0.0000	      +inf
1779639046.008	 +100.0	  +4.0	 +2.0000	 -0.0000	      +inf
1779639046.108	 +100.0	  +4.0	 +2.0000	 -0.0000	      +inf
1779639046.208	 +100.0	  +4.0	 +2.0000	 -0.0000	      +inf
1779639046.308	 +100.0	  +4.0	 +2.0000	 -0.0000	      +inf
1779639046.408	 +100.0	  +4.0	 +2.0000	 -0.0000	      +inf
1779639046.508	 +100.0	  +4.0	 +2.0000	 -0.0000	      +inf
1779639046.608	 +100.0	  +4.0	 +2.0000	 -0.0000	      +inf
1779639046.708	 +100.0	  +4.0	 +2.0000	 -0.0000	      +inf
1779639046.808	 +100.0	  +4.0	 +2.0000	 -0.0000	      +inf
1779639046.908	 +100.0	  +4.0	 +2.0000	 -0.0000	      +inf
1779639047.008	 +100.0	  +4.0	 +2.0000	 -0.0000	      +inf
1779639047.108	 +100.0	  +4.0	 +2.0000	 -0.0000	      +inf
1779639047.208	 +100.0	  +4.0	 +2.0000	 -0.0000	      +inf
1779639047.308	 +100.0	  +4.0	 +2.0000	 -0.0000	      +inf
1779639047.408	 +100.0	  +4.0	 +2.0000	 -0.0000	      +inf
1779639047.508	 +100.0	  +4.0	 +2.0000	 -0.0000	      +inf
1779639047.608	 +100.0	  +4.0	 +2.0000	 -0.0000	      +inf
1779639047.708	 +100.0	  +4.0	 +2.0000	 -0.0000	      +inf
1779639047.808	 +100.0	  +4.0	 +2.0000	 -0.0000	      +inf
1779639047.908	 +100.0	  +4.0	 +2.0000	 -0.0000	      +inf
1779639048.008	 +100.0	  +4.0	 +2.0000	 -0.0000	      +inf
1779639048.108	 +100.0	  +4.0	 +2.0000	 -0.0000	      +inf
1779639048.208	 +100.0	  +4.0	 +2.0000	 -0.0000	      +inf
1779639048.308	 +100.0	  +4.0	 +2.0000	 -0.0000	      +inf
1779639048.408	 +100.0	  +4.0	 +2.0000	 -0.0000	      +inf
1779639048.508	 +100.0	  +4.0	 +2.0000	 -0.0000	      +inf
1779639048.608	 +100.0	  +4.0	 +2.0000	 -0.0000	      +inf
1779639048.708	 +100.0	  +4.0	 +2.0000	 -0.0000	      +inf
1779639048.808	 +100.0	  +4.0	 +2.0000	 -0.0000	      +inf
1779639048.908	 +100.0	  +4.0	 +2.0000	 -0.0000	      +inf
1779639049.008	 +100.0	  +4.0	 +2.0000	 -0.0000	      +inf
1779639049.108	 +100.0	  +4.0	 +2.0000	 -0.0000	      +inf
1779639049.208	 +100.0	  +4.0	 +2.0000	 -0.0000	      +inf
1779639049.308	 +100.0	  +4.0	 +2.0000	 -0.0000	      +inf
1779639049.408	 +100.0	  +4.0	 +2.0000	 -0.0000	      +inf
1779639049.508	 +100.0	  +4.0	 +2.0000	 -0.0000	      +inf
1779639049.608	 +100.0	  +4.0	 +2.0000	 -0.0000	      +inf
1779639049.708	 +100.0	  +4.0	 +2.0000	 -0.0000	      +inf
1779639049.808	 +100.0	  +4.0	 +2.0000	 -0.0000	      +inf
1779639049.908	 +100.0	  +4.0	 +2.0000	 -0.0000	      +inf
1779639050.008	 +100.0	  +4.0	 +2.0000	 -0.0000	      +inf
1779639050.108	 +100.0	  +4.0	 +2.0000	 -0.0000	      +inf
1779639050.208	 +100.0	  +4.0	 +2.0000	 -0.0000	      +inf
1779639050.308	 +100.0	  +4.0	 +2.0000	 -0.0000	      +inf
1779639050.408	 +100.0	  +4.0	 +2.0000	 -0.0000	      +inf
1779639050.508	 +100.0	  +4.0	 +2.0000	 -0.0000	      +inf
1779639050.609	 +100.0	  +4.0	 +2.0000	 -0.0000	      +inf
1779639050.708	 +100.0	  +4.0	 +2.0000	 -0.0000	      +inf
1779639050.808	 +100.0	  +4.0	 +2.0000	 -0.0000	      +inf
1779639050.908	 +100.0	  +4.0	 +2.0000	 -0.0000	      +inf
1779639051.008	 +100.0	  +4.0	 +2.0000	 -0.0000	      +inf
1779639051.108	 +100.0	  +4.0	 +2.0000	 -0.0000	      +inf
1779639051.208	 +100.0	  +4.0	 +2.0000	 -0.0000	      +inf
1779639051.308	 +100.0	  +4.0	 +2.0000	 -0.0000	      +inf
1779639051.408	 +100.0	  +4.0	 +2.0000	 -0.0000	      +inf
1779639051.508	 +100.0	  +4.0	 +2.0000	 -0.0000	      +inf
1779639051.608	 +100.0	  +4.0	 +2.0000	 -0.0000	      +inf
1779639051.708	 +100.0	  +4.0	 +2.0000	 -0.0000	      +inf
1779639051.809	 +100.0	  +4.0	 +2.0000	 -0.0000	      +inf
1779639051.908	 +100.0	  +4.0	 +2.0000	 -0.0000	      +inf
1779639052.008	 +100.0	  +4.0	 +2.0000	 -0.0000	      +inf
1779639052.108	 +100.0	  +4.0	 +2.0000	 -0.0000	      +inf
1779639052.208	 +100.0	  +4.0	 +2.0000	 -0.0000	      +inf
1779639052.308	 +100.0	  +4.0	 +2.0000	 -0.0000	      +inf
1779639052.408	 +100.0	  +4.0	 +2.0000	 -0.0000	      +inf
1779639052.508	 +100.0	  +4.0	 +2.0000	 -0.0000	      +inf
1779639052.608	 +100.0	  +4.0	 +2.0000	 -0.0000	      +inf
1779639052.708	 +100.0	  +4.0	 +2.0000	 -0.0000	      +inf
1779639052.808	 +100.0	  +4.0	 +2.0000	 -0.0000	      +inf
1779639052.908	 +100.0	  +4.0	 +2.0000	 -0.0000	      +inf
1779639053.008	 +100.0	  +4.0	 +2.0000	 -0.0000	      +inf
1779639053.108	 +100.0	  +4.0	 +2.0000	 -0.0000	      +inf
1779639053.208	 +100.0	  +4.0	 +2.0000	 -0.0000	      +inf
1779639053.308	 +100.0	  +4.0	 +2.0000	 -0.0000	      +inf
1779639053.408	 +100.0	  +4.0	 +2.0000	 -0.0000	      +inf
1779639053.508	 +100.0	  +4.0	 +2.0000	 -0.0000	      +inf
1779639053.608	 +100.0	  +4.0	 +2.0000	 -0.0000	      +inf
1779639053.708	 +100.0	  +4.0	 +2.0000	 -0.0000	      +inf
1779639053.808	 +100.0	  +4.0	 +2.0000	 -0.0000	      +inf
1779639053.908	 +100.0	  +4.0	 +2.0000	 -0.0000	      +inf
1779639054.008	 +100.0	  +4.0	 +2.0000	 -0.0000	      +inf
1779639054.108	 +100.0	  +4.0	 +2.0000	 -0.0000	      +inf
1779639054.208	 +100.0	  +4.0	 +2.0000	 -0.0000	      +inf
1779639054.308	 +100.0	  +4.0	 +2.0000	 -0.0000	      +inf
1779639054.408	 +100.0	  +4.0	 +2.0000	 -0.0000	      +inf
1779639054.508	 +100.0	  +4.0	 +2.0000	 -0.0000	      +inf
1779639054.608	 +100.0	  +4.0	 +2.0000	 -0.0000	      +inf
1779639054.708	 +100.0	  +4.0	 +2.0000	 -0.0000	      +inf
1779639054.808	 +100.0	  +4.0	 +2.0000	 -0.0000	      +inf
1779639054.908	 +100.0	  +4.0	 +2.0000	 -0.0000	      +inf
1779639055.008	 +100.0	  +4.0	 +2.0000	 -0.0000	      +inf
1779639055.108	 +100.0	  +4.0	 +2.0000	 -0.0000	      +inf
1779639055.208	 +100.0	  +4.0	 +2.0000	 -0.0000	      +inf
1779639055.308	 +100.0	  +4.0	 +2.0000	 -0.0000	      +inf
1779639055.408	 +100.0	  +4.0	 +2.0000	 -0.0000	      +inf
1779639055.508	 +100.0	  +4.0	 +2.0000	 -0.0000	      +inf
1779639055.608	 +100.0	  +4.0	 +2.0000	 -0.0000	      +inf
1779639055.708	 +100.0	  +4.0	 +2.0000	 -0.0000	      +inf
1779639055.808	 +100.0	  +4.0	 +2.0000	 -0.0000	      +inf
1779639055.908	 +100.0	  +4.0	 +2.0000	 -0.0000	      +inf
1779639056.008	 +100.0	  +4.0	 +2.0000	 -0.0000	      +inf
1779639056.108	 +100.0	  +4.0	 +2.0000	 -0.0000	      +inf
1779639056.208	 +100.0	  +4.0	 +2.0000	 -0.0000	      +inf
1779639056.308	 +100.0	  +4.0	 +2.0000	 -0.0000	      +inf
1779639056.408	 +100.0	  +4.0	 +2.0000	 -0.0000	      +inf
1779639056.508	 +100.0	  +4.0	 +2.0000	 -0.0000	      +inf
1779639056.608	 +100.0	  +4.0	 +2.0000	 -0.0000	      +inf
1779639056.708	 +100.0	  +4.0	 +2.0000	 -0.0000	      +inf
1779639056.808	 +100.0	  +4.0	 +2.0000	 -0.0000	      +inf
1779639056.908	 +100.0	  +4.0	 +2.0000	 -0.0000	      +inf
1779639057.008	 +100.0	  +4.0	 +2.0000	 -0.0000	      +inf
1779639057.108	 +100.0	  +4.0	 +2.0000	 -0.0000	      +inf
1779639057.208	 +100.0	  +4.0	 +2.0000	 -0.0000	      +inf
1779639057.308	 +100.0	  +4.0	 +2.0000	 -0.0000	      +inf
1779639057.408	 +100.0	  +4.0	 +2.0000	 -0.0000	      +inf
1779639057.508	 +100.0	  +4.0	 +2.0000	 -0.0000	      +inf
1779639057.608	 +100.0	  +4.0	 +2.0000	 -0.0000	      +inf
1779639057.708	 +100.0	  +4.0	 +2.0000	 -0.0000	      +inf
1779639057.808	 +100.0	  +4.0	 +2.0000	 -0.0000	      +inf
1779639057.908	 +100.0	  +4.0	 +2.0000	 -0.0000	      +inf
1779639058.008	 +100.0	  +4.0	 +2.0000	 -0.0000	      +inf
1779639058.108	 +100.0	  +4.0	 +2.0000	 -0.0000	      +inf
1779639058.208	 +100.0	  +4.0	 +2.0000	 -0.0000	      +inf
1779639058.308	 +100.0	  +4.0	 +2.0000	 -0.0000	      +inf
1779639058.408	 +100.0	  +4.0	 +2.0000	 -0.0000	      +inf
1779639058.508	 +100.0	  +4.0	 +2.0000	 -0.0000	      +inf
1779639058.608	 +100.0	  +4.0	 +2.0000	 -0.0000	      +inf
1779639058.708	 +100.0	  +4.0	 +2.0000	 -0.0000	      +inf
1779639058.808	 +100.0	  +4.0	 +2.0000	 -0.0000	      +inf
1779639058.908	 +100.0	  +4.0	 +2.0000	 -0.0000	      +inf
1779639059.008	 +100.0	  +4.0	 +2.0000	 -0.0000	      +inf
1779639059.108	 +100.0	  +4.0	 +2.0000	 -0.0000	      +inf
1779639059.208	 +100.0	  +4.0	 +2.0000	 -0.0000	      +inf
1779639059.308	 +100.0	  +4.0	 +2.0000	 -0.0000	      +inf
1779639059.408	 +100.0	  +4.0	 +2.0000	 -0.0000	      +inf
1779639059.508	 +100.0	  +4.0	 +2.0000	 -0.0000	      +inf
1779639059.608	 +100.0	  +4.0	 +2.0000	 -0.0000	      +inf
1779639059.708	 +100.0	  +4.0	 +2.0000	 -0.0000	      +inf
1779639059.808	 +100.0	  +4.0	 +2.0000	 -0.0000	      +inf
1779639059.908	 +100.0	  +4.0	 +2.0000	 -0.0000	      +inf
1779639060.008	 +100.0	  +4.0	 +2.0000	 -0.0000	      +inf
1779639060.108	 +100.0	  +4.0	 +2.0000	 -0.0000	      +inf
1779639060.208	 +100.0	  +4.0	 +2.0000	 -0.0000	      +inf
1779639060.308	 +100.0	  +4.0	 +2.0000	 -0.0000	      +inf
1779639060.408	 +100.0	  +4.0	 +2.0000	 -0.0000	      +inf
1779639060.508	 +100.0	  +4.0	 +2.0000	 -0.0000	      +inf
1779639060.608	 +100.0	  +4.0	 +2.0000	 -0.0000	      +inf
1779639060.708	 +100.0	  +4.0	 +2.0000	 -0.0000	      +inf
1779639060.808	 +100.0	  +4.0	 +2.0000	 -0.0000	      +inf
1779639060.908	 +100.0	  +4.0	 +2.0000	 -0.0000	      +inf
1779639061.008	 +100.0	  +4.0	 +2.0000	 -0.0000	      +inf
1779639061.108	 +100.0	  +4.0	 +2.0000	 -0.0000	      +inf
1779639061.208	 +100.0	  +4.0	 +2.0000	 -0.0000	      +inf
1779639061.308	 +100.0	  +4.0	 +2.0000	 -0.0000	      +inf
1779639061.408	 +100.0	  +4.0	 +2.0000	 -0.0000	      +inf
1779639061.508	 +100.0	  +4.0	 +2.0000	 -0.0000	      +inf
1779639061.608	 +100.0	  +4.0	 +2.0000	 -0.0000	      +inf
1779639061.708	 +100.0	  +4.0	 +2.0000	 -0.0000	      +inf
1779639061.808	 +100.0	  +4.0	 +2.0000	 -0.0000	      +inf
1779639061.908	 +100.0	  +4.0	 +2.0000	 -0.0000	      +inf
1779639062.008	 +100.0	  +4.0	 +2.0000	 -0.0000	      +inf
1779639062.108	 +100.0	  +4.0	 +2.0000	 -0.0000	      +inf
1779639062.208	 +100.0	  +4.0	 +2.0000	 -0.0000	      +inf
1779639062.308	 +100.0	  +4.0	 +2.0000	 -0.0000	      +inf
1779639062.408	 +100.0	  +4.0	 +2.0000	 -0.0000	      +inf
1779639062.508	 +100.0	  +4.0	 +2.0000	 -0.0000	      +inf
1779639062.609	 +100.0	  +4.0	 +2.0000	 -0.0000	      +inf
1779639062.708	 +100.0	  +4.0	 +2.0000	 -0.0000	      +inf
1779639062.808	 +100.0	  +4.0	 +2.0000	 -0.0000	      +inf
1779639062.908	 +100.0	  +4.0	 +2.0000	 -0.0000	      +inf
1779639063.008	 +100.0	  +4.0	 +2.0000	 -0.0000	      +inf
1779639063.108	 +100.0	  +4.0	 +2.0000	 -0.0000	      +inf
1779639063.208	 +100.0	  +4.0	 +2.0000	 -0.0000	      +inf
1779639063.308	 +100.0	  +4.0	 +2.0000	 -0.0000	      +inf
1779639063.408	 +100.0	  +4.0	 +2.0000	 -0.0000	      +inf
1779639063.508	 +100.0	  +4.0	 +2.0000	 -0.0000	      +inf
1779639063.608	 +100.0	  +4.0	 +2.0000	 -0.0000	      +inf
1779639063.708	 +100.0	  +4.0	 +2.0000	 -0.0000	      +inf
1779639063.808	 +100.0	  +4.0	 +2.0000	 -0.0000	      +inf
1779639063.908	 +100.0	  +4.0	 +2.0000	 -0.0000	      +inf
1779639064.008	 +100.0	  +4.0	 +2.0000	 -0.0000	      +inf
1779639064.108	 +100.0	  +4.0	 +2.0000	 -0.0000	      +inf
1779639064.208	 +100.0	  +4.0	 +2.0000	 -0.0000	      +inf
1779639064.308	 +100.0	  +4.0	 +2.0000	 -0.0000	      +inf
1779639064.408	 +100.0	  +4.0	 +2.0000	 -0.0000	      +inf
1779639064.508	 +100.0	  +4.0	 +2.0000	 -0.0000	      +inf
1779639068.002	 +100.0	  +4.0	 +2.0000	 -0.0000	      +inf
1779639068.008	 +100.0	  +4.0	 +2.0000	 -0.0000	      +inf
1779639068.108	 +100.0	  +4.0	 +2.0000	 -0.0000	      +inf
1779639068.208	 +100.0	  +4.0	 +2.0000	 -0.0000	      +inf
1779639068.308	 +100.0	  +4.0	 +2.0000	 -0.0000	      +inf
1779639068.408	 +100.0	  +4.0	 +2.0000	 -0.0000	      +inf
1779639068.508	 +100.0	  +4.0	 +2.0000	 -0.0000	      +inf
1779639068.608	 +100.0	  +4.0	 +2.0000	 -0.0000	      +inf
1779639068.708	 +100.0	  +4.0	 +2.0000	 -0.0000	      +inf
1779639068.808	 +100.0	  +4.0	 +2.0000	 -0.0000	      +inf
1779639068.908	 +100.0	  +4.0	 +2.0000	 -0.0000	      +inf
1779639069.008	 +100.0	  +4.0	 +2.0000	 -0.0000	      +inf
1779639069.108	 +100.0	  +4.0	 +2.0000	 -0.0000	      +inf
1779639069.208	 +100.0	  +4.0	 +2.0000	 -0.0000	      +inf
1779639069.308	 +100.0	  +4.0	 +2.0000	 -0.0000	      +inf
1779639069.408	 +100.0	  +4.0	 +2.0000	 -0.0000	      +inf
1779639069.508	 +100.0	  +4.0	 +2.0000	 -0.0000	      +inf
1779639069.608	 +100.0	  +4.0	 +2.0000	 -0.0000	      +inf
1779639069.708	 +100.0	  +4.0	 +2.0000	 -0.0000	      +inf
1779639069.808	 +100.0	  +4.0	 +2.0000	 -0.0000	      +inf
1779639069.908	 +100.0	  +4.0	 +2.0000	 -0.0000	      +inf
1779639070.008	 +100.0	  +4.0	 +2.0000	 -0.0000	      +inf
1779639070.108	 +100.0	  +4.0	 +2.0000	 -0.0000	      +inf
1779639070.208	 +100.0	  +4.0	 +2.0000	 -0.0000	      +inf
1779639070.308	 +100.0	  +4.0	 +2.0000	 -0.0000	      +inf
1779639070.408	 +100.0	  +4.0	 +2.0000	 -0.0000	      +inf
1779639070.508	 +100.0	  +4.0	 +2.0000	 -0.0000	      +inf
1779639070.608	 +100.0	  +4.0	 +2.0000	 -0.0000	      +inf
1779639070.708	 +100.0	  +4.0	 +2.0000	 -0.0000	      +inf
1779639070.808	 +100.0	  +4.0	 +2.0000	 -0.0000	      +inf
1779639070.908	 +100.0	  +4.0	 +2.0000	 -0.0000	      +inf
1779639071.008	 +100.0	  +4.0	 +2.0000	 -0.0000	      +inf
1779639071.108	 +100.0	  +4.0	 +2.0000	 -0.0000	      +inf
1779639071.208	 +100.0	  +4.0	 +2.0000	 -0.0000	      +inf
1779639071.308	 +100.0	  +4.0	 +2.0000	 -0.0000	      +inf
1779639071.408	 +100.0	  +4.0	 +2.0000	 -0.0000	      +inf
1779639071.508	 +100.0	  +4.0	 +2.0000	 -0.0000	      +inf
1779639071.608	 +100.0	  +4.0	 +2.0000	 -0.0000	      +inf
1779639071.708	 +100.0	  +4.0	 +2.0000	 -0.0000	      +inf
1779639071.808	 +100.0	  +4.0	 +2.0000	 -0.0000	      +inf
1779639071.908	 +100.0	  +4.0	 +2.0000	 -0.0000	      +inf
1779639072.008	 +100.0	  +4.0	 +2.0000	 -0.0000	      +inf
1779639072.108	 +100.0	  +4.0	 +2.0000	 -0.0000	      +inf
1779639072.208	 +100.0	  +4.0	 +2.0000	 -0.0000	      +inf
1779639072.308	 +100.0	  +4.0	 +2.0000	 -0.0000	      +inf
1779639072.408	 +100.0	  +4.0	 +2.0000	 -0.0000	      +inf
1779639072.508	 +100.0	  +4.0	 +2.0000	 -0.0000	      +inf
1779639072.608	 +100.0	  +4.0	 +2.0000	 -0.0000	      +inf
1779639072.708	 +100.0	  +4.0	 +2.0000	 -0.0000	      +inf
1779639072.808	 +100.0	  +4.0	 +2.0000	 -0.0000	      +inf
1779639072.908	 +100.0	  +4.0	 +2.0000	 -0.0000	      +inf
1779639073.008	 +100.0	  +4.0	 +2.0000	 -0.0000	      +inf
1779639073.108	 +100.0	  +4.0	 +2.0000	 -0.0000	      +inf
1779639073.208	 +100.0	  +4.0	 +2.0000	 -0.0000	      +inf
1779639073.308	 +100.0	  +4.0	 +2.0000	 -0.0000	      +inf
1779639073.408	 +100.0	  +4.0	 +2.0000	 -0.0000	      +inf
1779639073.508	 +100.0	  +4.0	 +2.0000	 -0.0000	      +inf
1779639073.608	 +100.0	  +4.0	 +2.0000	 -0.0000	      +inf
1779639073.708	 +100.0	  +4.0	 +2.0000	 -0.0000	      +inf
1779639073.808	 +100.0	  +4.0	 +2.0000	 -0.0000	      +inf
1779639073.908	 +100.0	  +4.0	 +2.0000	 -0.0000	      +inf
1779639074.008	 +100.0	  +4.0	 +2.0000	 -0.0000	      +inf
1779639074.108	 +100.0	  +4.0	 +2.0000	 -0.0000	      +inf
1779639074.208	 +100.0	  +4.0	 +2.0000	 -0.0000	      +inf
1779639074.308	 +100.0	  +4.0	 +2.0000	 -0.0000	      +inf
1779639074.408	 +100.0	  +4.0	 +2.0000	 -0.0000	      +inf
1779639074.508	 +100.0	  +4.0	 +2.0000	 -0.0000	      +inf
1779639074.608	 +100.0	  +4.0	 +2.0000	 -0.0000	      +inf
1779639074.708	 +100.0	  +4.0	 +2.0000	 -0.0000	      +inf
1779639074.808	 +100.0	  +4.0	 +2.0000	 -0.0000	      +inf
1779639074.908	 +100.0	  +4.0	 +2.0000	 -0.0000	      +inf
1779639075.008	 +100.0	  +4.0	 +2.0000	 -0.0000	      +inf
1779639075.108	 +100.0	  +4.0	 +2.0000	 -0.0000	      +inf
1779639075.208	 +100.0	  +4.0	 +2.0000	 -0.0000	      +inf
1779639075.308	 +100.0	  +4.0	 +2.0000	 -0.0000	      +inf
1779639075.408	 +100.0	  +4.0	 +2.0000	 -0.0000	      +inf
1779639075.508	 +100.0	  +4.0	 +2.0000	 -0.0000	      +inf
1779639075.608	 +100.0	  +4.0	 +2.0000	 -0.0000	      +inf
1779639075.708	 +100.0	  +4.0	 +2.0000	 -0.0000	      +inf
1779639075.808	 +100.0	  +4.0	 +2.0000	 -0.0000	      +inf
1779639075.908	 +100.0	  +4.0	 +2.0000	 -0.0000	      +inf
1779639076.008	 +100.0	  +4.0	 +2.0000	 -0.0000	      +inf
1779639076.108	 +100.0	  +4.0	 +2.0000	 -0.0000	      +inf
1779639076.208	 +100.0	  +4.0	 +2.0000	 -0.0000	      +inf
1779639076.308	 +100.0	  +4.0	 +2.0000	 -0.0000	      +inf
1779639076.408	 +100.0	  +4.0	 +2.0000	 -0.0000	      +inf
1779639076.508	 +100.0	  +4.0	 +2.0000	 -0.0000	      +inf
1779639076.608	 +100.0	  +4.0	 +2.0000	 -0.0000	      +inf
1779639076.708	 +100.0	  +4.0	 +2.0000	 -0.0000	      +inf
1779639076.808	 +100.0	  +4.0	 +2.0000	 -0.0000	      +inf
1779639076.908	 +100.0	  +4.0	 +2.0000	 -0.0000	      +inf
1779639077.008	 +100.0	  +4.0	 +2.0000	 -0.0000	      +inf
1779639077.108	 +100.0	  +4.0	 +2.0000	 -0.0000	      +inf
1779639077.208	 +100.0	  +4.0	 +2.0000	 -0.0000	      +inf
1779639077.308	 +100.0	  +4.0	 +2.0000	 -0.0000	      +inf
1779639077.408	 +100.0	  +4.0	 +2.0000	 -0.0000	      +inf
1779639077.508	 +100.0	  +4.0	 +2.0000	 -0.0000	      +inf
1779639077.608	 +100.0	  +4.0	 +2.0000	 -0.0000	      +inf
1779639077.708	 +100.0	  +4.0	 +2.0000	 -0.0000	      +inf
1779639077.808	 +100.0	  +4.0	 +2.0000	 -0.0000	      +inf
1779639077.908	 +100.0	  +4.0	 +2.0000	 -0.0000	      +inf
1779639078.008	 +100.0	  +4.0	 +2.0000	 -0.0000	      +inf
1779639078.108	 +100.0	  +4.0	 +2.0000	 -0.0000	      +inf
1779639078.208	 +100.0	  +4.0	 +2.0000	 -0.0000	      +inf
1779639078.308	 +100.0	  +4.0	 +2.0000	 -0.0000	      +inf
1779639078.408	 +100.0	  +4.0	 +2.0000	 -0.0000	      +inf
1779639078.508	 +100.0	  +4.0	 +2.0000	 -0.0000	      +inf
1779639078.608	 +100.0	  +4.0	 +2.0000	 -0.0000	      +inf
1779639078.708	 +100.0	  +4.0	 +2.0000	 -0.0000	      +inf
1779639078.808	 +100.0	  +4.0	 +2.0000	 -0.0000	      +inf
1779639078.908	 +100.0	  +4.0	 +2.0000	 -0.0000	      +inf
1779639079.008	 +100.0	  +4.0	 +2.0000	 -0.0000	      +inf
1779639079.108	 +100.0	  +4.0	 +2.0000	 -0.0000	      +inf
1779639079.208	 +100.0	  +4.0	 +2.0000	 -0.0000	      +inf
1779639079.308	 +100.0	  +4.0	 +2.0000	 -0.0000	      +inf
1779639079.408	 +100.0	  +4.0	 +2.0000	 -0.0000	      +inf
1779639079.508	 +100.0	  +4.0	 +2.0000	 -0.0000	      +inf
1779639079.608	 +100.0	  +4.0	 +2.0000	 -0.0000	      +inf
1779639079.708	 +100.0	  +4.0	 +2.0000	 -0.0000	      +inf
1779639079.808	 +100.0	  +4.0	 +2.0000	 -0.0000	      +inf
1779639079.908	 +100.0	  +4.0	 +2.0000	 -0.0000	      +inf
1779639080.008	 +100.0	  +4.0	 +2.0000	 -0.0000	      +inf
1779639080.108	 +100.0	  +4.0	 +2.0000	 -0.0000	      +inf
1779639080.208	 +100.0	  +4.0	 +2.0000	 -0.0000	      +inf
1779639080.308	 +100.0	  +4.0	 +2.0000	 -0.0000	      +inf
1779639080.408	 +100.0	  +4.0	 +2.0000	 -0.0000	      +inf
1779639080.508	 +100.0	  +4.0	 +2.0000	 -0.0000	      +inf
1779639080.608	 +100.0	  +4.0	 +2.0000	 -0.0000	      +inf
1779639080.708	 +100.0	  +4.0	 +2.0000	 -0.0000	      +inf
1779639080.808	 +100.0	  +4.0	 +2.0000	 -0.0000	      +inf
1779639080.908	 +100.0	  +4.0	 +2.0000	 -0.0000	      +inf
1779639081.008	 +100.0	  +4.0	 +2.0000	 -0.0000	      +inf
1779639081.108	 +100.0	  +4.0	 +2.0000	 -0.0000	      +inf
1779639081.208	 +100.0	  +4.0	 +2.0000	 -0.0000	      +inf
1779639081.308	 +100.0	  +4.0	 +2.0000	 -0.0000	      +inf
1779639081.408	 +100.0	  +4.0	 +2.0000	 -0.0000	      +inf
1779639081.508	 +100.0	  +4.0	 +2.0000	 -0.0000	      +inf
1779639081.608	 +100.0	  +4.0	 +2.0000	 -0.0000	      +inf
1779639081.708	 +100.0	  +4.0	 +2.0000	 -0.0000	      +inf
1779639081.808	 +100.0	  +4.0	 +2.0000	 -0.0000	      +inf
1779639081.908	 +100.0	  +4.0	 +2.0000	 -0.0000	      +inf
1779639082.009	 +100.0	  +4.0	 +2.0000	 -0.0000	      +inf
1779639082.108	 +100.0	  +4.0	 +2.0000	 -0.0000	      +inf
1779639082.208	 +100.0	  +4.0	 +2.0000	 -0.0000	      +inf
1779639082.308	 +100.0	  +4.0	 +2.0000	 -0.0000	      +inf
1779639082.408	 +100.0	  +4.0	 +2.0000	 -0.0000	      +inf
1779639082.508	 +100.0	  +4.0	 +2.0000	 -0.0000	      +inf
1779639082.608	 +100.0	  +4.0	 +2.0000	 -0.0000	      +inf
1779639082.708	 +100.0	  +4.0	 +2.0000	 -0.0000	      +inf
1779639082.808	 +100.0	  +4.0	 +2.0000	 -0.0000	      +inf
1779639082.908	 +100.0	  +4.0	 +2.0000	 -0.0000	      +inf
1779639083.008	 +100.0	  +4.0	 +2.0000	 -0.0000	      +inf
1779639083.108	 +100.0	  +4.0	 +2.0000	 -0.0000	      +inf
1779639083.208	 +100.0	  +4.0	 +2.0000	 -0.0000	      +inf
1779639083.308	 +100.0	  +4.0	 +2.0000	 -0.0000	      +inf
1779639083.408	 +100.0	  +4.0	 +2.0000	 -0.0000	      +inf
1779639083.508	 +100.0	  +4.0	 +2.0000	 -0.0000	      +inf
1779639083.608	 +100.0	  +4.0	 +2.0000	 -0.0000	      +inf
1779639083.708	 +100.0	  +4.0	 +2.0000	 -0.0000	      +inf
1779639083.808	 +100.0	  +4.0	 +2.0000	 -0.0000	      +inf
1779639083.908	 +100.0	  +4.0	 +2.0000	 -0.0000	      +inf
1779639084.008	 +100.0	  +4.0	 +2.0000	 -0.0000	      +inf
1779639084.108	 +100.0	  +4.0	 +2.0000	 -0.0000	      +inf
1779639084.208	 +100.0	  +4.0	 +2.0000	 -0.0000	      +inf
1779639084.308	 +100.0	  +4.0	 +2.0000	 -0.0000	      +inf
1779639084.408	 +100.0	  +4.0	 +2.0000	 -0.0000	      +inf
1779639084.508	 +100.0	  +4.0	 +2.0000	 -0.0000	      +inf
1779639084.608	 +100.0	  +4.0	 +2.0000	 -0.0000	      +inf
1779639084.708	 +100.0	  +4.0	 +2.0000	 -0.0000	      +inf
1779639084.808	 +100.0	  +4.0	 +2.0000	 -0.0000	      +inf
1779639084.908	 +100.0	  +4.0	 +2.0000	 -0.0000	      +inf
1779639085.008	 +100.0	  +4.0	 +2.0000	 -0.0000	      +inf
1779639085.108	 +100.0	  +4.0	 +2.0000	 -0.0000	      +inf
1779639085.208	 +100.0	  +4.0	 +2.0000	 -0.0000	      +inf
1779639085.308	 +100.0	  +4.0	 +2.0000	 -0.0000	      +inf
1779639085.408	 +100.0	  +4.0	 +2.0000	 -0.0000	      +inf
1779639085.509	 +100.0	  +4.0	 +2.0000	 -0.0000	      +inf
1779639085.608	 +100.0	  +4.0	 +2.0000	 -0.0000	      +inf
1779639085.708	 +100.0	  +4.0	 +2.0000	 -0.0000	      +inf
1779639085.808	 +100.0	  +4.0	 +2.0000	 -0.0000	      +inf
1779639085.908	 +100.0	  +4.0	 +2.0000	 -0.0000	      +inf
1779639086.008	 +100.0	  +4.0	 +2.0000	 -0.0000	      +inf
1779639086.108	 +100.0	  +4.0	 +2.0000	 -0.0000	      +inf
1779639086.208	 +100.0	  +4.0	 +2.0000	 -0.0000	      +inf
1779639086.308	 +100.0	  +4.0	 +2.0000	 -0.0000	      +inf
1779639086.408	 +100.0	  +4.0	 +2.0000	 -0.0000	      +inf
1779639086.508	 +100.0	  +4.0	 +2.0000	 -0.0000	      +inf
1779639086.608	 +100.0	  +4.0	 +2.0000	 -0.0000	      +inf
1779639086.708	 +100.0	  +4.0	 +2.0000	 -0.0000	      +inf
1779639086.808	 +100.0	  +4.0	 +2.0000	 -0.0000	      +inf
1779639086.908	 +100.0	  +4.0	 +2.0000	 -0.0000	      +inf
1779639087.008	 +100.0	  +4.0	 +2.0000	 -0.0000	      +inf
1779639087.108	 +100.0	  +4.0	 +2.0000	 -0.0000	      +inf
1779639087.208	 +100.0	  +4.0	 +2.0000	 -0.0000	      +inf
1779639087.308	 +100.0	  +4.0	 +2.0000	 -0.0000	      +inf
1779639087.408	 +100.0	  +4.0	 +2.0000	 -0.0000	      +inf
1779639087.508	 +100.0	  +4.0	 +2.0000	 -0.0000	      +inf
1779639087.608	 +100.0	  +4.0	 +2.0000	 -0.0000	      +inf
1779639087.708	 +100.0	  +4.0	 +2.0000	 -0.0000	      +inf
1779639087.808	 +100.0	  +4.0	 +2.0000	 -0.0000	      +inf
1779639087.908	 +100.0	  +4.0	 +2.0000	 -0.0000	      +inf
1779639088.008	 +100.0	  +4.0	 +2.0000	 -0.0000	      +inf
1779639088.108	 +100.0	  +4.0	 +2.0000	 -0.0000	      +inf
1779639088.208	 +100.0	  +4.0	 +2.0000	 -0.0000	      +inf
1779639088.308	 +100.0	  +4.0	 +2.0000	 -0.0000	      +inf
1779639088.408	 +100.0	  +4.0	 +2.0000	 -0.0000	      +inf
1779639088.508	 +100.0	  +4.0	 +2.0000	 -0.0000	      +inf
1779639088.608	 +100.0	  +4.0	 +2.0000	 -0.0000	      +inf
1779639088.708	 +100.0	  +4.0	 +2.0000	 -0.0000	      +inf
1779639088.808	 +100.0	  +4.0	 +2.0000	 -0.0000	      +inf
1779639088.908	 +100.0	  +4.0	 +2.0000	 -0.0000	      +inf
1779639089.008	 +100.0	  +4.0	 +2.0000	 -0.0000	      +inf
1779639089.108	 +100.0	  +4.0	 +2.0000	 -0.0000	      +inf
1779639089.208	 +100.0	  +4.0	 +2.0000	 -0.0000	      +inf
1779639089.308	 +100.0	  +4.0	 +2.0000	 -0.0000	      +inf
1779639089.408	 +100.0	  +4.0	 +2.0000	 -0.0000	      +inf
1779639089.508	 +100.0	  +4.0	 +2.0000	 -0.0000	      +inf
1779639089.608	 +100.0	  +4.0	 +2.0000	 -0.0000	      +inf
1779639089.708	 +100.0	  +4.0	 +2.0000	 -0.0000	      +inf
1779639089.808	 +100.0	  +4.0	 +2.0000	 -0.0000	      +inf
1779639089.908	 +100.0	  +4.0	 +2.0000	 -0.0000	      +inf
1779639090.008	 +100.0	  +4.0	 +2.0000	 -0.0000	      +inf
1779639090.108	 +100.0	  +4.0	 +2.0000	 -0.0000	      +inf
1779639090.208	 +100.0	  +4.0	 +2.0000	 -0.0000	      +inf
1779639090.308	 +100.0	  +4.0	 +2.0000	 -0.0000	      +inf
1779639090.408	 +100.0	  +4.0	 +2.0000	 -0.0000	      +inf
1779639090.508	 +100.0	  +4.0	 +2.0000	 -0.0000	      +inf
1779639090.608	 +100.0	  +4.0	 +2.0000	 -0.0000	      +inf
1779639090.708	 +100.0	  +4.0	 +2.0000	 -0.0000	      +inf
1779639090.808	 +100.0	  +4.0	 +2.0000	 -0.0000	      +inf
1779639090.908	 +100.0	  +4.0	 +2.0000	 -0.0000	      +inf
1779639091.008	 +100.0	  +4.0	 +2.0000	 -0.0000	      +inf
1779639091.108	 +100.0	  +4.0	 +2.0000	 -0.0000	      +inf
1779639091.208	 +100.0	  +4.0	 +2.0000	 -0.0000	      +inf
1779639091.308	 +100.0	  +4.0	 +2.0000	 -0.0000	      +inf
1779639091.408	 +100.0	  +4.0	 +2.0000	 -0.0000	      +inf
1779639091.508	 +100.0	  +4.0	 +2.0000	 -0.0000	      +inf
1779639091.608	 +100.0	  +4.0	 +2.0000	 -0.0000	      +inf
1779639091.708	 +100.0	  +4.0	 +2.0000	 -0.0000	      +inf
1779639091.808	 +100.0	  +4.0	 +2.0000	 -0.0000	      +inf
1779639091.908	 +100.0	  +4.0	 +2.0000	 -0.0000	      +inf
1779639092.008	 +100.0	  +4.0	 +2.0000	 -0.0000	      +inf
1779639092.108	 +100.0	  +4.0	 +2.0000	 -0.0000	      +inf
1779639092.208	 +100.0	  +4.0	 +2.0000	 -0.0000	      +inf
1779639092.308	 +100.0	  +4.0	 +2.0000	 -0.0000	      +inf
1779639092.408	 +100.0	  +4.0	 +2.0000	 -0.0000	      +inf
1779639092.508	 +100.0	  +4.0	 +2.0000	 -0.0000	      +inf
1779639092.608	 +100.0	  +4.0	 +2.0000	 -0.0000	      +inf
1779639092.708	 +100.0	  +4.0	 +2.0000	 -0.0000	      +inf
1779639092.808	 +100.0	  +4.0	 +2.0000	 -0.0000	      +inf
1779639092.908	 +100.0	  +4.0	 +2.0000	 -0.0000	      +inf
1779639093.008	 +100.0	  +4.0	 +2.0000	 -0.0000	      +inf
1779639093.108	 +100.0	  +4.0	 +2.0000	 -0.0000	      +inf
1779639093.208	 +100.0	  +4.0	 +2.0000	 -0.0000	      +inf
1779639093.308	 +100.0	  +4.0	 +2.0000	 -0.0000	      +inf
1779639093.408	 +100.0	  +4.0	 +2.0000	 -0.0000	      +inf
1779639093.508	 +100.0	  +4.0	 +2.0000	 -0.0000	      +inf
1779639093.608	 +100.0	  +4.0	 +2.0000	 -0.0000	      +inf
1779639093.708	 +100.0	  +4.0	 +2.0000	 -0.0000	      +inf
1779639093.808	 +100.0	  +4.0	 +2.0000	 -0.0000	      +inf
1779639093.908	 +100.0	  +4.0	 +2.0000	 -0.0000	      +inf
1779639094.008	 +100.0	  +4.0	 +2.0000	 -0.0000	      +inf
1779639094.108	 +100.0	  +4.0	 +2.0000	 -0.0000	      +inf
1779639094.208	 +100.0	  +4.0	 +2.0000	 -0.0000	      +inf
1779639094.308	 +100.0	  +4.0	 +2.0000	 -0.0000	      +inf
1779639094.408	 +100.0	  +4.0	 +2.0000	 -0.0000	      +inf
1779639094.508	 +100.0	  +4.0	 +2.0000	 -0.0000	      +inf
1779639094.608	 +100.0	  +4.0	 +2.0000	 -0.0000	      +inf
1779639094.708	 +100.0	  +4.0	 +2.0000	 -0.0000	      +inf
1779639094.808	 +100.0	  +4.0	 +2.0000	 -0.0000	      +inf
1779639094.908	 +100.0	  +4.0	 +2.0000	 -0.0000	      +inf
1779639095.008	 +100.0	  +4.0	 +2.0000	 -0.0000	      +inf
1779639095.108	 +100.0	  +4.0	 +2.0000	 -0.0000	      +inf
1779639095.208	 +100.0	  +4.0	 +2.0000	 -0.0000	      +inf
1779639095.308	 +100.0	  +4.0	 +2.0000	 -0.0000	      +inf
1779639095.408	 +100.0	  +4.0	 +2.0000	 -0.0000	      +inf
1779639095.508	 +100.0	  +4.0	 +2.0000	 -0.0000	      +inf
1779639095.608	 +100.0	  +4.0	 +2.0000	 -0.0000	      +inf
1779639095.708	 +100.0	  +4.0	 +2.0000	 -0.0000	      +inf
1779639095.808	 +100.0	  +4.0	 +2.0000	 -0.0000	      +inf
1779639095.908	 +100.0	  +4.0	 +2.0000	 -0.0000	      +inf
1779639096.008	 +100.0	  +4.0	 +2.0000	 -0.0000	      +inf
1779639096.108	 +100.0	  +4.0	 +2.0000	 -0.0000	      +inf
1779639096.208	 +100.0	  +4.0	 +2.0000	 -0.0000	      +inf
1779639096.308	 +100.0	  +4.0	 +2.0000	 -0.0000	      +inf
1779639096.408	 +100.0	  +4.0	 +2.0000	 -0.0000	      +inf
1779639096.508	 +100.0	  +4.0	 +2.0000	 -0.0000	      +inf
1779639096.608	 +100.0	  +4.0	 +2.0000	 -0.0000	      +inf
1779639096.708	 +100.0	  +4.0	 +2.0000	 -0.0000	      +inf
1779639096.808	 +100.0	  +4.0	 +2.0000	 -0.0000	      +inf
1779639096.908	 +100.0	  +4.0	 +2.0000	 -0.0000	      +inf
1779639097.008	 +100.0	  +4.0	 +2.0000	 -0.0000	      +inf
1779639097.108	 +100.0	  +4.0	 +2.0000	 -0.0000	      +inf
1779639097.208	 +100.0	  +4.0	 +2.0000	 -0.0000	      +inf
1779639097.308	 +100.0	  +4.0	 +2.0000	 -0.0000	      +inf
1779639097.408	 +100.0	  +4.0	 +2.0000	 -0.0000	      +inf
1779639097.508	 +100.0	  +4.0	 +2.0000	 -0.0000	      +inf
1779639097.608	 +100.0	  +4.0	 +2.0000	 -0.0000	      +inf
1779639097.708	 +100.0	  +4.0	 +2.0000	 -0.0000	      +inf
1779639097.808	 +100.0	  +4.0	 +2.0000	 -0.0000	      +inf
1779639097.908	 +100.0	  +4.0	 +2.0000	 -0.0000	      +inf
1779639098.008	 +100.0	  +4.0	 +2.0000	 -0.0000	      +inf
1779639098.108	 +100.0	  +4.0	 +2.0000	 -0.0000	      +inf
1779639098.208	 +100.0	  +4.0	 +2.0000	 -0.0000	      +inf
1779639098.308	 +100.0	  +4.0	 +2.0000	 -0.0000	      +inf
1779639098.408	 +100.0	  +4.0	 +2.0000	 -0.0000	      +inf
1779639098.508	 +100.0	  +4.0	 +2.0000	 -0.0000	      +inf
1779639098.608	 +100.0	  +4.0	 +2.0000	 -0.0000	      +inf
1779639098.708	 +100.0	  +4.0	 +2.0000	 -0.0000	      +inf
1779639098.808	 +100.0	  +4.0	 +2.0000	 -0.0000	      +inf
1779639098.908	 +100.0	  +4.0	 +2.0000	 -0.0000	      +inf
1779639099.008	 +100.0	  +4.0	 +2.0000	 -0.0000	      +inf
1779639099.108	 +100.0	  +4.0	 +2.0000	 -0.0000	      +inf
1779639099.208	 +100.0	  +4.0	 +2.0000	 -0.0000	      +inf
1779639099.308	 +100.0	  +4.0	 +2.0000	 -0.0000	      +inf
1779639099.408	 +100.0	  +4.0	 +2.0000	 -0.0000	      +inf
1779639099.508	 +100.0	  +4.0	 +2.0000	 -0.0000	      +inf
1779639099.608	 +100.0	  +4.0	 +2.0000	 -0.0000	      +inf
1779639099.708	 +100.0	  +4.0	 +2.0000	 -0.0000	      +inf
1779639099.808	 +100.0	  +4.0	 +2.0000	 -0.0000	      +inf
1779639099.908	 +100.0	  +4.0	 +2.0000	 -0.0000	      +inf
1779639100.008	 +100.0	  +4.0	 +2.0000	 -0.0000	      +inf
1779639100.108	 +100.0	  +4.0	 +2.0000	 -0.0000	      +inf
1779639103.787	 +100.0	  +4.0	 +2.0000	 -0.0000	      +inf
1779639103.808	 +100.0	  +4.0	 +2.0000	 -0.0000	      +inf
1779639103.908	 +100.0	  +4.0	 +2.0000	 -0.0000	      +inf
1779639104.008	 +100.0	  +4.0	 +2.0000	 -0.0000	      +inf
1779639104.108	 +100.0	  +4.0	 +2.0000	 -0.0000	      +inf
1779639104.208	 +100.0	  +4.0	 +2.0000	 -0.0000	      +inf
1779639104.308	 +100.0	  +4.0	 +2.0000	 -0.0000	      +inf
1779639104.408	 +100.0	  +4.0	 +2.0000	 -0.0000	      +inf
1779639104.508	 +100.0	  +4.0	 +2.0000	 -0.0000	      +inf
1779639104.608	 +100.0	  +4.0	 +2.0000	 -0.0000	      +inf
1779639104.708	 +100.0	  +4.0	 +2.0000	 -0.0000	      +inf
1779639104.808	 +100.0	  +4.0	 +2.0000	 -0.0000	      +inf
1779639104.908	 +100.0	  +4.0	 +2.0000	 -0.0000	      +inf
1779639105.008	 +100.0	  +4.0	 +2.0000	 -0.0000	      +inf
1779639105.108	 +100.0	  +4.0	 +2.0000	 -0.0000	      +inf
1779639105.208	 +100.0	  +4.0	 +2.0000	 -0.0000	      +inf
1779639105.308	 +100.0	  +4.0	 +2.0000	 -0.0000	      +inf
1779639105.408	 +100.0	  +4.0	 +2.0000	 -0.0000	      +inf
1779639105.508	 +100.0	  +4.0	 +2.0000	 -0.0000	      +inf
1779639105.608	 +100.0	  +4.0	 +2.0000	 -0.0000	      +inf
1779639105.708	 +100.0	  +4.0	 +2.0000	 -0.0000	      +inf
1779639105.808	 +100.0	  +4.0	 +2.0000	 -0.0000	      +inf
1779639105.908	 +100.0	  +4.0	 +2.0000	 -0.0000	      +inf
1779639106.008	 +100.0	  +4.0	 +2.0000	 -0.0000	      +inf
1779639106.108	 +100.0	  +4.0	 +2.0000	 -0.0000	      +inf
1779639106.208	 +100.0	  +4.0	 +2.0000	 -0.0000	      +inf
1779639106.308	 +100.0	  +4.0	 +2.0000	 -0.0000	      +inf
1779639106.408	 +100.0	  +4.0	 +2.0000	 -0.0000	      +inf
1779639106.508	 +100.0	  +4.0	 +2.0000	 -0.0000	      +inf
1779639106.608	 +100.0	  +4.0	 +2.0000	 -0.0000	      +inf
1779639106.708	 +100.0	  +4.0	 +2.0000	 -0.0000	      +inf
1779639106.808	 +100.0	  +4.0	 +2.0000	 -0.0000	      +inf
1779639106.908	 +100.0	  +4.0	 +2.0000	 -0.0000	      +inf
1779639107.008	 +100.0	  +4.0	 +2.0000	 -0.0000	      +inf
1779639107.108	 +100.0	  +4.0	 +2.0000	 -0.0000	      +inf
1779639107.208	 +100.0	  +4.0	 +2.0000	 -0.0000	      +inf
1779639107.308	 +100.0	  +4.0	 +2.0000	 -0.0000	      +inf
1779639107.408	 +100.0	  +4.0	 +2.0000	 -0.0000	      +inf
1779639107.508	 +100.0	  +4.0	 +2.0000	 -0.0000	      +inf
1779639107.608	 +100.0	  +4.0	 +2.0000	 -0.0000	      +inf
1779639107.708	 +100.0	  +4.0	 +2.0000	 -0.0000	      +inf
1779639107.808	 +100.0	  +4.0	 +2.0000	 -0.0000	      +inf
1779639107.908	 +100.0	  +4.0	 +2.0000	 -0.0000	      +inf
1779639108.008	 +100.0	  +4.0	 +2.0000	 -0.0000	      +inf
1779639108.108	 +100.0	  +4.0	 +2.0000	 -0.0000	      +inf
1779639108.208	 +100.0	  +4.0	 +2.0000	 -0.0000	      +inf
1779639108.308	 +100.0	  +4.0	 +2.0000	 -0.0000	      +inf
1779639108.408	 +100.0	  +4.0	 +2.0000	 -0.0000	      +inf
1779639108.508	 +100.0	  +4.0	 +2.0000	 -0.0000	      +inf
1779639108.608	 +100.0	  +4.0	 +2.0000	 -0.0000	      +inf
1779639108.708	 +100.0	  +4.0	 +2.0000	 -0.0000	      +inf
1779639108.808	 +100.0	  +4.0	 +2.0000	 -0.0000	      +inf
1779639108.908	 +100.0	  +4.0	 +2.0000	 -0.0000	      +inf
1779639109.008	 +100.0	  +4.0	 +2.0000	 -0.0000	      +inf
1779639109.108	 +100.0	  +4.0	 +2.0000	 -0.0000	      +inf
1779639109.208	 +100.0	  +4.0	 +2.0000	 -0.0000	      +inf
1779639109.308	 +100.0	  +4.0	 +2.0000	 -0.0000	      +inf
1779639109.408	 +100.0	  +4.0	 +2.0000	 -0.0000	      +inf
1779639109.508	 +100.0	  +4.0	 +2.0000	 -0.0000	      +inf
1779639109.608	 +100.0	  +4.0	 +2.0000	 -0.0000	      +inf
1779639109.708	 +100.0	  +4.0	 +2.0000	 -0.0000	      +inf
1779639109.808	 +100.0	  +4.0	 +2.0000	 -0.0000	      +inf
1779639109.908	 +100.0	  +4.0	 +2.0000	 -0.0000	      +inf
1779639110.008	 +100.0	  +4.0	 +2.0000	 -0.0000	      +inf
1779639110.108	 +100.0	  +4.0	 +2.0000	 -0.0000	      +inf
1779639110.208	 +100.0	  +4.0	 +2.0000	 -0.0000	      +inf
1779639110.308	 +100.0	  +4.0	 +2.0000	 -0.0000	      +inf
1779639110.408	 +100.0	  +4.0	 +2.0000	 -0.0000	      +inf
1779639110.508	 +100.0	  +4.0	 +2.0000	 -0.0000	      +inf
1779639110.608	 +100.0	  +4.0	 +2.0000	 -0.0000	      +inf
1779639110.708	 +100.0	  +4.0	 +2.0000	 -0.0000	      +inf
1779639110.808	 +100.0	  +4.0	 +2.0000	 -0.0000	      +inf
1779639110.908	 +100.0	  +4.0	 +2.0000	 -0.0000	      +inf
1779639111.008	 +100.0	  +4.0	 +2.0000	 -0.0000	      +inf
1779639111.108	 +100.0	  +4.0	 +2.0000	 -0.0000	      +inf
1779639111.208	 +100.0	  +4.0	 +2.0000	 -0.0000	      +inf
1779639111.308	 +100.0	  +4.0	 +2.0000	 -0.0000	      +inf
1779639111.408	 +100.0	  +4.0	 +2.0000	 -0.0000	      +inf
1779639111.508	 +100.0	  +4.0	 +2.0000	 -0.0000	      +inf
1779639111.608	 +100.0	  +4.0	 +2.0000	 -0.0000	      +inf
1779639111.708	 +100.0	  +4.0	 +2.0000	 -0.0000	      +inf
1779639111.808	 +100.0	  +4.0	 +2.0000	 -0.0000	      +inf
1779639111.908	 +100.0	  +4.0	 +2.0000	 -0.0000	      +inf
1779639112.008	 +100.0	  +4.0	 +2.0000	 -0.0000	      +inf
1779639112.108	 +100.0	  +4.0	 +2.0000	 -0.0000	      +inf
1779639112.208	 +100.0	  +4.0	 +2.0000	 -0.0000	      +inf
1779639112.308	 +100.0	  +4.0	 +2.0000	 -0.0000	      +inf
1779639112.408	 +100.0	  +4.0	 +2.0000	 -0.0000	      +inf
1779639112.508	 +100.0	  +4.0	 +2.0000	 -0.0000	      +inf
1779639112.608	 +100.0	  +4.0	 +2.0000	 -0.0000	      +inf
1779639112.708	 +100.0	  +4.0	 +2.0000	 -0.0000	      +inf
1779639112.808	 +100.0	  +4.0	 +2.0000	 -0.0000	      +inf
1779639112.908	 +100.0	  +4.0	 +2.0000	 -0.0000	      +inf
1779639113.008	 +100.0	  +4.0	 +2.0000	 -0.0000	      +inf
1779639113.108	 +100.0	  +4.0	 +2.0000	 -0.0000	      +inf
1779639113.208	 +100.0	  +4.0	 +2.0000	 -0.0000	      +inf
1779639113.308	 +100.0	  +4.0	 +2.0000	 -0.0000	      +inf
1779639113.408	 +100.0	  +4.0	 +2.0000	 -0.0000	      +inf
1779639113.508	 +100.0	  +4.0	 +2.0000	 -0.0000	      +inf
1779639113.608	 +100.0	  +4.0	 +2.0000	 -0.0000	      +inf
1779639113.708	 +100.0	  +4.0	 +2.0000	 -0.0000	      +inf
1779639113.808	 +100.0	  +4.0	 +2.0000	 -0.0000	      +inf
1779639113.908	 +100.0	  +4.0	 +2.0000	 -0.0000	      +inf
1779639114.008	 +100.0	  +4.0	 +2.0000	 -0.0000	      +inf
1779639114.108	 +100.0	  +4.0	 +2.0000	 -0.0000	      +inf
1779639114.208	 +100.0	  +4.0	 +2.0000	 -0.0000	      +inf
1779639114.308	 +100.0	  +4.0	 +2.0000	 -0.0000	      +inf
1779639114.408	 +100.0	  +4.0	 +2.0000	 -0.0000	      +inf
1779639114.508	 +100.0	  +4.0	 +2.0000	 -0.0000	      +inf
1779639114.608	 +100.0	  +4.0	 +2.0000	 -0.0000	      +inf
1779639114.708	 +100.0	  +4.0	 +2.0000	 -0.0000	      +inf
1779639114.808	 +100.0	  +4.0	 +2.0000	 -0.0000	      +inf
1779639114.908	 +100.0	  +4.0	 +2.0000	 -0.0000	      +inf
1779639115.008	 +100.0	  +4.0	 +2.0000	 -0.0000	      +inf
1779639115.108	 +100.0	  +4.0	 +2.0000	 -0.0000	      +inf
1779639115.208	 +100.0	  +4.0	 +2.0000	 -0.0000	      +inf
1779639115.308	 +100.0	  +4.0	 +2.0000	 -0.0000	      +inf
1779639115.408	 +100.0	  +4.0	 +2.0000	 -0.0000	      +inf
1779639115.508	 +100.0	  +4.0	 +2.0000	 -0.0000	      +inf
1779639115.608	 +100.0	  +4.0	 +2.0000	 -0.0000	      +inf
1779639115.708	 +100.0	  +4.0	 +2.0000	 -0.0000	      +inf
1779639115.808	 +100.0	  +4.0	 +2.0000	 -0.0000	      +inf
1779639115.908	 +100.0	  +4.0	 +2.0000	 -0.0000	      +inf
1779639116.008	 +100.0	  +4.0	 +2.0000	 -0.0000	      +inf
1779639116.108	 +100.0	  +4.0	 +2.0000	 -0.0000	      +inf
1779639116.208	 +100.0	  +4.0	 +2.0000	 -0.0000	      +inf
1779639116.308	 +100.0	  +4.0	 +2.0000	 -0.0000	      +inf
1779639116.408	 +100.0	  +4.0	 +2.0000	 -0.0000	      +inf
1779639116.508	 +100.0	  +4.0	 +2.0000	 -0.0000	      +inf
1779639116.608	 +100.0	  +4.0	 +2.0000	 -0.0000	      +inf
1779639116.708	 +100.0	  +4.0	 +2.0000	 -0.0000	      +inf
1779639116.808	 +100.0	  +4.0	 +2.0000	 -0.0000	      +inf
1779639116.908	 +100.0	  +4.0	 +2.0000	 -0.0000	      +inf
1779639117.008	 +100.0	  +4.0	 +2.0000	 -0.0000	      +inf
1779639117.108	 +100.0	  +4.0	 +2.0000	 -0.0000	      +inf
1779639117.208	 +100.0	  +4.0	 +2.0000	 -0.0000	      +inf
1779639117.308	 +100.0	  +4.0	 +2.0000	 -0.0000	      +inf
1779639117.408	 +100.0	  +4.0	 +2.0000	 -0.0000	      +inf
1779639117.508	 +100.0	  +4.0	 +2.0000	 -0.0000	      +inf
1779639117.608	 +100.0	  +4.0	 +2.0000	 -0.0000	      +inf
1779639117.708	 +100.0	  +4.0	 +2.0000	 -0.0000	      +inf
1779639117.808	 +100.0	  +4.0	 +2.0000	 -0.0000	      +inf
1779639117.908	 +100.0	  +4.0	 +2.0000	 -0.0000	      +inf
1779639118.008	 +100.0	  +4.0	 +2.0000	 -0.0000	      +inf
1779639118.108	 +100.0	  +4.0	 +2.0000	 -0.0000	      +inf
1779639118.208	 +100.0	  +4.0	 +2.0000	 -0.0000	      +inf
1779639118.308	 +100.0	  +4.0	 +2.0000	 -0.0000	      +inf
1779639118.408	 +100.0	  +4.0	 +2.0000	 -0.0000	      +inf
1779639118.508	 +100.0	  +4.0	 +2.0000	 -0.0000	      +inf
1779639118.608	 +100.0	  +4.0	 +2.0000	 -0.0000	      +inf
1779639118.708	 +100.0	  +4.0	 +2.0000	 -0.0000	      +inf
1779639118.808	 +100.0	  +4.0	 +2.0000	 -0.0000	      +inf
1779639118.908	 +100.0	  +4.0	 +2.0000	 -0.0000	      +inf
1779639119.008	 +100.0	  +4.0	 +2.0000	 -0.0000	      +inf
1779639119.108	 +100.0	  +4.0	 +2.0000	 -0.0000	      +inf
1779639119.208	 +100.0	  +4.0	 +2.0000	 -0.0000	      +inf
1779639119.308	 +100.0	  +4.0	 +2.0000	 -0.0000	      +inf
1779639119.408	 +100.0	  +4.0	 +2.0000	 -0.0000	      +inf
1779639119.508	 +100.0	  +4.0	 +2.0000	 -0.0000	      +inf
1779639119.608	 +100.0	  +4.0	 +2.0000	 -0.0000	      +inf
1779639119.708	 +100.0	  +4.0	 +2.0000	 -0.0000	      +inf
1779639119.808	 +100.0	  +4.0	 +2.0000	 -0.0000	      +inf
1779639119.908	 +100.0	  +4.0	 +2.0000	 -0.0000	      +inf
1779639120.008	 +100.0	  +4.0	 +2.0000	 -0.0000	      +inf
1779639120.108	 +100.0	  +4.0	 +2.0000	 -0.0000	      +inf
1779639120.208	 +100.0	  +4.0	 +2.0000	 -0.0000	      +inf
1779639120.308	 +100.0	  +4.0	 +2.0000	 -0.0000	      +inf
1779639120.408	 +100.0	  +4.0	 +2.0000	 -0.0000	      +inf
1779639120.508	 +100.0	  +4.0	 +2.0000	 -0.0000	      +inf
1779639120.608	 +100.0	  +4.0	 +2.0000	 -0.0000	      +inf
1779639120.708	 +100.0	  +4.0	 +2.0000	 -0.0000	      +inf
1779639120.808	 +100.0	  +4.0	 +2.0000	 -0.0000	      +inf
1779639120.908	 +100.0	  +4.0	 +2.0000	 -0.0000	      +inf
1779639121.008	 +100.0	  +4.0	 +2.0000	 -0.0000	      +inf
1779639121.108	 +100.0	  +4.0	 +2.0000	 -0.0000	      +inf
1779639121.208	 +100.0	  +4.0	 +2.0000	 -0.0000	      +inf
1779639121.308	 +100.0	  +4.0	 +2.0000	 -0.0000	      +inf
1779639121.408	 +100.0	  +4.0	 +2.0000	 -0.0000	      +inf
1779639121.508	 +100.0	  +4.0	 +2.0000	 -0.0000	      +inf
1779639121.608	 +100.0	  +4.0	 +2.0000	 -0.0000	      +inf
1779639121.708	 +100.0	  +4.0	 +2.0000	 -0.0000	      +inf
1779639121.808	 +100.0	  +4.0	 +2.0000	 -0.0000	      +inf
1779639121.908	 +100.0	  +4.0	 +2.0000	 -0.0000	      +inf
1779639122.008	 +100.0	  +4.0	 +2.0000	 -0.0000	      +inf
1779639122.108	 +100.0	  +4.0	 +2.0000	 -0.0000	      +inf
1779639122.208	 +100.0	  +4.0	 +2.0000	 -0.0000	      +inf
1779639122.308	 +100.0	  +4.0	 +2.0000	 -0.0000	      +inf
1779639122.408	 +100.0	  +4.0	 +2.0000	 -0.0000	      +inf
1779639122.508	 +100.0	  +4.0	 +2.0000	 -0.0000	      +inf
1779639122.608	 +100.0	  +4.0	 +2.0000	 -0.0000	      +inf
1779639122.708	 +100.0	  +4.0	 +2.0000	 -0.0000	      +inf
1779639122.808	 +100.0	  +4.0	 +2.0000	 -0.0000	      +inf
1779639122.908	 +100.0	  +4.0	 +2.0000	 -0.0000	      +inf
1779639123.008	 +100.0	  +4.0	 +2.0000	 -0.0000	      +inf
1779639123.108	 +100.0	  +4.0	 +2.0000	 -0.0000	      +inf
1779639123.208	 +100.0	  +4.0	 +2.0000	 -0.0000	      +inf
1779639123.308	 +100.0	  +4.0	 +2.0000	 -0.0000	      +inf
1779639123.408	 +100.0	  +4.0	 +2.0000	 -0.0000	      +inf
1779639123.508	 +100.0	  +4.0	 +2.0000	 -0.0000	      +inf
1779639123.608	 +100.0	  +4.0	 +2.0000	 -0.0000	      +inf
1779639123.708	 +100.0	  +4.0	 +2.0000	 -0.0000	      +inf
1779639123.808	 +100.0	  +4.0	 +2.0000	 -0.0000	      +inf
1779639123.908	 +100.0	  +4.0	 +2.0000	 -0.0000	      +inf
1779639124.008	 +100.0	  +4.0	 +2.0000	 -0.0000	      +inf
1779639124.108	 +100.0	  +4.0	 +2.0000	 -0.0000	      +inf
1779639124.208	 +100.0	  +4.0	 +2.0000	 -0.0000	      +inf
1779639124.308	 +100.0	  +4.0	 +2.0000	 -0.0000	      +inf
1779639124.408	 +100.0	  +4.0	 +2.0000	 -0.0000	      +inf
1779639124.508	 +100.0	  +4.0	 +2.0000	 -0.0000	      +inf
1779639124.608	 +100.0	  +4.0	 +2.0000	 -0.0000	      +inf
1779639124.708	 +100.0	  +4.0	 +2.0000	 -0.0000	      +inf
1779639124.808	 +100.0	  +4.0	 +2.0000	 -0.0000	      +inf
1779639124.908	 +100.0	  +4.0	 +2.0000	 -0.0000	      +inf
1779639125.008	 +100.0	  +4.0	 +2.0000	 -0.0000	      +inf
1779639125.108	 +100.0	  +4.0	 +2.0000	 -0.0000	      +inf
1779639125.209	 +100.0	  +4.0	 +2.0000	 -0.0000	      +inf
1779639125.308	 +100.0	  +4.0	 +2.0000	 -0.0000	      +inf
1779639125.408	 +100.0	  +4.0	 +2.0000	 -0.0000	      +inf
1779639125.508	 +100.0	  +4.0	 +2.0000	 -0.0000	      +inf
1779639125.608	 +100.0	  +4.0	 +2.0000	 -0.0000	      +inf
1779639125.708	 +100.0	  +4.0	 +2.0000	 -0.0000	      +inf
1779639125.808	 +100.0	  +4.0	 +2.0000	 -0.0000	      +inf
1779639125.908	 +100.0	  +4.0	 +2.0000	 -0.0000	      +inf
1779639126.008	 +100.0	  +4.0	 +2.0000	 -0.0000	      +inf
1779639126.108	 +100.0	  +4.0	 +2.0000	 -0.0000	      +inf
1779639126.208	 +100.0	  +4.0	 +2.0000	 -0.0000	      +inf
1779639126.308	 +100.0	  +4.0	 +2.0000	 -0.0000	      +inf
1779639126.408	 +100.0	  +4.0	 +2.0000	 -0.0000	      +inf
1779639126.508	 +100.0	  +4.0	 +2.0000	 -0.0000	      +inf
1779639126.608	 +100.0	  +4.0	 +2.0000	 -0.0000	      +inf
1779639126.708	 +100.0	  +4.0	 +2.0000	 -0.0000	      +inf
1779639126.808	 +100.0	  +4.0	 +2.0000	 -0.0000	      +inf
1779639126.908	 +100.0	  +4.0	 +2.0000	 -0.0000	      +inf
1779639127.008	 +100.0	  +4.0	 +2.0000	 -0.0000	      +inf
1779639127.108	 +100.0	  +4.0	 +2.0000	 -0.0000	      +inf
1779639127.208	 +100.0	  +4.0	 +2.0000	 -0.0000	      +inf
1779639127.308	 +100.0	  +4.0	 +2.0000	 -0.0000	      +inf
1779639127.408	 +100.0	  +4.0	 +2.0000	 -0.0000	      +inf
1779639127.508	 +100.0	  +4.0	 +2.0000	 -0.0000	      +inf
1779639127.608	 +100.0	  +4.0	 +2.0000	 -0.0000	      +inf
1779639127.708	 +100.0	  +4.0	 +2.0000	 -0.0000	      +inf
1779639127.808	 +100.0	  +4.0	 +2.0000	 -0.0000	      +inf
1779639127.908	 +100.0	  +4.0	 +2.0000	 -0.0000	      +inf
1779639128.008	 +100.0	  +4.0	 +2.0000	 -0.0000	      +inf
1779639128.108	 +100.0	  +4.0	 +2.0000	 -0.0000	      +inf
1779639128.208	 +100.0	  +4.0	 +2.0000	 -0.0000	      +inf
1779639128.308	 +100.0	  +4.0	 +2.0000	 -0.0000	      +inf
1779639128.408	 +100.0	  +4.0	 +2.0000	 -0.0000	      +inf
1779639128.508	 +100.0	  +4.0	 +2.0000	 -0.0000	      +inf
1779639128.608	 +100.0	  +4.0	 +2.0000	 -0.0000	      +inf
1779639128.708	 +100.0	  +4.0	 +2.0000	 -0.0000	      +inf
1779639128.808	 +100.0	  +4.0	 +2.0000	 -0.0000	      +inf
1779639128.908	 +100.0	  +4.0	 +2.0000	 -0.0000	      +inf
1779639129.008	 +100.0	  +4.0	 +2.0000	 -0.0000	      +inf
1779639129.108	 +100.0	  +4.0	 +2.0000	 -0.0000	      +inf
1779639129.208	 +100.0	  +4.0	 +2.0000	 -0.0000	      +inf
1779639129.308	 +100.0	  +4.0	 +2.0000	 -0.0000	      +inf
