# time	cmd_angle	cmd_speed	odom_v	odom_w	R_odom	imu_yaw_rate	R_imu	imu_ax	imu_ay
1779640079.447	 +100.0	 +10.0	 +5.0000	 -0.0000	      +inf	 +0.0027	 +1830.284	 +0.0321	 -3.2575
1779640079.547	 +100.0	 +10.0	 +5.0000	 -0.0000	      +inf	 +0.0036	 +1396.921	 +0.0163	 -3.2579
1779640079.648	 +100.0	 +10.0	 +5.0000	 -0.0000	      +inf	 -0.0038	 -1301.798	 +0.0224	 -3.2181
1779640079.748	 +100.0	 +10.0	 +5.0000	 -0.0000	      +inf	 +0.0031	 +1637.438	 +0.0304	 -3.2663
1779640079.848	 +100.0	 +10.0	 +5.0000	 -0.0000	      +inf	 +0.0042	 +1195.244	 +0.0156	 -3.2505
1779640079.948	 +100.0	 +10.0	 +5.0000	 -0.0000	      +inf	 +0.0042	 +1198.881	 +0.0182	 -3.2617
1779640080.048	 +100.0	 +10.0	 +5.0000	 -0.0000	      +inf	 +0.0033	 +1536.698	 +0.0185	 -3.2544
1779640080.148	 +100.0	 +10.0	 +5.0000	 -0.0000	      +inf	 -0.0032	 -1577.663	 +0.0193	 -3.2216
1779640080.247	 +100.0	 +10.0	 +5.0000	 -0.0000	      +inf	 -0.0141	  -355.228	 +0.0142	 -3.1552
1779640080.348	 +100.0	 +10.0	 +5.0000	 -0.0000	      +inf	 -0.0022	 -2251.770	 +0.0097	 -3.2055
1779640080.448	 +100.0	 +10.0	 +5.0000	 -0.0000	      +inf	 -0.0052	  -961.332	 -0.0026	 -3.1795
1779640080.547	 +100.0	 +10.0	 +5.0000	 -0.0000	      +inf	 -0.0039	 -1278.402	 +0.0059	 -3.2037
1779640080.647	 +100.0	 +10.0	 +5.0000	 -0.0000	      +inf	 +0.0025	 +1967.115	 +0.0177	 -3.2347
1779640080.748	 +100.0	 +10.0	 +5.0000	 -0.0000	      +inf	 +0.0029	 +1735.039	 +0.0262	 -3.2468
1779640080.848	 +100.0	 +10.0	 +5.0000	 -0.0000	      +inf	 +0.0022	 +2293.616	 +0.0210	 -3.2540
1779640080.947	 +100.0	 +10.0	 +5.0000	 -0.0000	      +inf	 -0.0056	  -897.917	 +0.0347	 -3.2069
1779640081.048	 +100.0	 +10.0	 +5.0000	 -0.0000	      +inf	 +0.0024	 +2085.526	 +0.0316	 -3.2595
1779640081.148	 +100.0	 +10.0	 +5.0000	 -0.0000	      +inf	 +0.0026	 +1921.414	 +0.0206	 -3.2517
1779640081.248	 +100.0	 +10.0	 +5.0000	 -0.0000	      +inf	 +0.0026	 +1916.466	 +0.0325	 -3.2581
1779640081.347	 +100.0	 +10.0	 +5.0000	 -0.0000	      +inf	 -0.0028	 -1810.845	 +0.0332	 -3.2348
1779640081.447	 +100.0	 +10.0	 +5.0000	 -0.0000	      +inf	 -0.0035	 -1430.419	 +0.0221	 -3.2349
1779640081.547	 +100.0	 +10.0	 +5.0000	 -0.0000	      +inf	 -0.0031	 -1597.174	 +0.0257	 -3.2188
1779640081.648	 +100.0	 +10.0	 +5.0000	 -0.0000	      +inf	 +0.0026	 +1931.860	 +0.0226	 -3.2693
1779640081.748	 +100.0	 +10.0	 +5.0000	 -0.0000	      +inf	 -0.0044	 -1143.099	 +0.0339	 -3.2329
1779640081.848	 +100.0	 +10.0	 +5.0000	 -0.0000	      +inf	 +0.0030	 +1662.476	 +0.0304	 -3.2579
1779640081.948	 +100.0	 +10.0	 +5.0000	 -0.0000	      +inf	 -0.0042	 -1184.903	 +0.0195	 -3.2168
1779640082.048	 +100.0	 +10.0	 +5.0000	 -0.0000	      +inf	 +0.0033	 +1531.942	 +0.0345	 -3.2615
1779640082.148	 +100.0	 +10.0	 +5.0000	 -0.0000	      +inf	 +0.0029	 +1732.874	 +0.0192	 -3.2596
1779640082.248	 +100.0	 +10.0	 +5.0000	 -0.0000	      +inf	 +0.0042	 +1177.411	 +0.0219	 -3.2644
1779640082.348	 +100.0	 +10.0	 +5.0000	 -0.0000	      +inf	 -0.0033	 -1535.419	 +0.0239	 -3.2164
1779640082.448	 +100.0	 +10.0	 +5.0000	 -0.0000	      +inf	 -0.0041	 -1233.153	 +0.0264	 -3.2202
1779640082.548	 +100.0	 +10.0	 +5.0000	 -0.0000	      +inf	 -0.0043	 -1155.277	 +0.0237	 -3.2202
1779640082.648	 +100.0	 +10.0	 +5.0000	 -0.0000	      +inf	 -0.0026	 -1929.939	 +0.0166	 -3.2286
1779640082.748	 +100.0	 +10.0	 +5.0000	 -0.0000	      +inf	 -0.0043	 -1152.480	 +0.0344	 -3.2321
1779640082.848	 +100.0	 +10.0	 +5.0000	 -0.0000	      +inf	 +0.0027	 +1883.902	 +0.0292	 -3.2509
1779640082.948	 +100.0	 +10.0	 +5.0000	 -0.0000	      +inf	 -0.0042	 -1192.119	 +0.0311	 -3.2216
1779640083.048	 +100.0	 +10.0	 +5.0000	 -0.0000	      +inf	 +0.0032	 +1581.879	 +0.0325	 -3.2555
1779640083.148	 +100.0	 +10.0	 +5.0000	 -0.0000	      +inf	 +0.0024	 +2089.957	 +0.0305	 -3.2561
1779640083.247	 +100.0	 +10.0	 +5.0000	 -0.0000	      +inf	 +0.0033	 +1518.986	 +0.0260	 -3.2542
1779640083.348	 +100.0	 +10.0	 +5.0000	 -0.0000	      +inf	 +0.0041	 +1222.362	 +0.0181	 -3.2580
1779640083.448	 +100.0	 +10.0	 +5.0000	 -0.0000	      +inf	 +0.0033	 +1493.767	 +0.0196	 -3.2655
1779640083.547	 +100.0	 +10.0	 +5.0000	 -0.0000	      +inf	 +0.0030	 +1688.780	 +0.0280	 -3.2581
1779640083.647	 +100.0	 +10.0	 +5.0000	 -0.0000	      +inf	 -0.0039	 -1289.288	 +0.0204	 -3.2168
1779640083.748	 +100.0	 +10.0	 +5.0000	 -0.0000	      +inf	 +0.0029	 +1719.105	 +0.0310	 -3.2545
1779640083.848	 +100.0	 +10.0	 +5.0000	 -0.0000	      +inf	 +0.0031	 +1638.366	 +0.0265	 -3.2624
1779640083.948	 +100.0	 +10.0	 +5.0000	 -0.0000	      +inf	 -0.0029	 -1738.169	 +0.0324	 -3.2191
1779640084.048	 +100.0	 +10.0	 +5.0000	 -0.0000	      +inf	 +0.0024	 +2096.684	 +0.0183	 -3.2665
1779640084.148	 +100.0	 +10.0	 +5.0000	 -0.0000	      +inf	 +0.0008	      +inf	 +0.0229	 -3.2399
1779640084.248	 +100.0	 +10.0	 +5.0000	 -0.0000	      +inf	 +0.0056	  +898.788	 +0.0445	 -3.2881
1779640084.347	 +100.0	 +10.0	 +5.0000	 -0.0000	      +inf	 +0.0036	 +1396.345	 +0.0853	 -3.2708
1779640084.448	 +100.0	 +10.0	 +5.0000	 -0.0000	      +inf	 -0.0017	 -2967.587	 +0.0858	 -3.2514
1779640084.547	 +100.0	 +10.0	 +5.0000	 -0.0000	      +inf	 -0.0017	 -2903.766	 +0.0763	 -3.2586
1779640084.648	 +100.0	 +10.0	 +5.0000	 -0.0000	      +inf	 -0.0029	 -1721.137	 +0.0411	 -3.2473
1779640084.748	 +100.0	 +10.0	 +5.0000	 -0.0000	      +inf	 -0.0039	 -1290.800	 +0.0133	 -3.2434
1779640084.848	 +100.0	 +10.0	 +5.0000	 -0.0000	      +inf	 -0.0047	 -1066.330	 +0.0035	 -3.2491
1779640084.948	 +100.0	 +10.0	 +5.0000	 -0.0000	      +inf	 +0.0040	 +1237.742	 -0.0222	 -3.2850
1779640085.048	 +100.0	 +10.0	 +5.0000	 -0.0000	      +inf	 -0.0038	 -1299.288	 -0.0142	 -3.2512
1779640085.147	 +100.0	 +10.0	 +5.0000	 -0.0000	      +inf	 -0.0037	 -1336.034	 -0.0101	 -3.2417
1779640085.247	 +100.0	 +10.0	 +5.0000	 -0.0000	      +inf	 -0.0028	 -1807.531	 +0.0015	 -3.2468
1779640085.347	 +100.0	 +10.0	 +5.0000	 -0.0000	      +inf	 -0.0042	 -1194.396	 +0.0074	 -3.2288
1779640085.447	 +100.0	 +10.0	 +5.0000	 -0.0000	      +inf	 +0.0025	 +1966.076	 +0.0179	 -3.2566
1779640085.547	 +100.0	 +10.0	 +5.0000	 -0.0000	      +inf	 -0.0043	 -1165.950	 +0.0320	 -3.2324
1779640085.648	 +100.0	 +10.0	 +5.0000	 -0.0000	      +inf	 +0.0024	 +2122.322	 +0.0171	 -3.2547
1779640085.748	 +100.0	 +10.0	 +5.0000	 -0.0000	      +inf	 -0.0032	 -1570.690	 +0.0349	 -3.2314
1779640085.848	 +100.0	 +10.0	 +5.0000	 -0.0000	      +inf	 -0.0027	 -1837.164	 +0.0257	 -3.2317
1779640085.948	 +100.0	 +10.0	 +5.0000	 -0.0000	      +inf	 +0.0039	 +1268.326	 +0.0226	 -3.2580
1779640086.047	 +100.0	 +10.0	 +5.0000	 -0.0000	      +inf	 -0.0043	 -1150.181	 +0.0242	 -3.2317
1779640086.147	 +100.0	 +10.0	 +5.0000	 -0.0000	      +inf	 -0.0042	 -1201.924	 +0.0191	 -3.2171
1779640086.248	 +100.0	 +10.0	 +5.0000	 -0.0000	      +inf	 +0.0036	 +1379.562	 +0.0326	 -3.2544
1779640086.347	 +100.0	 +10.0	 +5.0000	 -0.0000	      +inf	 -0.0026	 -1914.968	 +0.0248	 -3.2341
1779640086.448	 +100.0	 +10.0	 +5.0000	 -0.0000	      +inf	 +0.0038	 +1331.044	 +0.0322	 -3.2520
1779640086.547	 +100.0	 +10.0	 +5.0000	 -0.0000	      +inf	 +0.0042	 +1180.704	 +0.0266	 -3.2656
1779640086.647	 +100.0	 +10.0	 +5.0000	 -0.0000	      +inf	 +0.0032	 +1569.726	 +0.0278	 -3.2555
1779640086.748	 +100.0	 +10.0	 +5.0000	 -0.0000	      +inf	 -0.0038	 -1321.276	 +0.0221	 -3.2183
1779640086.848	 +100.0	 +10.0	 +5.0000	 -0.0000	      +inf	 -0.0026	 -1951.345	 +0.0209	 -3.2320
1779640086.947	 +100.0	 +10.0	 +5.0000	 -0.0000	      +inf	 +0.0024	 +2085.737	 +0.0329	 -3.2643
1779640087.047	 +100.0	 +10.0	 +5.0000	 -0.0000	      +inf	 +0.0039	 +1283.893	 +0.0258	 -3.2541
1779640087.147	 +100.0	 +10.0	 +5.0000	 -0.0000	      +inf	 +0.0031	 +1632.615	 +0.0170	 -3.2592
1779640087.248	 +100.0	 +10.0	 +5.0000	 -0.0000	      +inf	 -0.0040	 -1241.494	 +0.0207	 -3.2305
1779640087.347	 +100.0	 +10.0	 +5.0000	 -0.0000	      +inf	 -0.0038	 -1329.906	 +0.0151	 -3.2291
1779640087.447	 +100.0	 +10.0	 +5.0000	 -0.0000	      +inf	 +0.0042	 +1179.249	 +0.0268	 -3.2572
1779640087.547	 +100.0	 +10.0	 +5.0000	 -0.0000	      +inf	 +0.0029	 +1748.729	 +0.0170	 -3.2690
1779640087.647	 +100.0	 +10.0	 +5.0000	 -0.0000	      +inf	 -0.0032	 -1573.994	 +0.0321	 -3.2328
1779640087.748	 +100.0	 +10.0	 +5.0000	 -0.0000	      +inf	 -0.0037	 -1342.243	 +0.0312	 -3.2187
1779640087.848	 +100.0	 +10.0	 +5.0000	 -0.0000	      +inf	 +0.0028	 +1793.512	 +0.0178	 -3.2543
1779640087.948	 +100.0	 +10.0	 +5.0000	 -0.0000	      +inf	 -0.0035	 -1424.405	 +0.0207	 -3.2205
1779640088.047	 +100.0	 +10.0	 +5.0000	 -0.0000	      +inf	 -0.0041	 -1219.189	 +0.0237	 -3.2248
1779640088.147	 +100.0	 +10.0	 +5.0000	 -0.0000	      +inf	 +0.0039	 +1282.858	 +0.0344	 -3.2599
1779640088.247	 +100.0	 +10.0	 +5.0000	 -0.0000	      +inf	 +0.0031	 +1621.001	 +0.0298	 -3.2625
1779640088.347	 +100.0	 +10.0	 +5.0000	 -0.0000	      +inf	 +0.0031	 +1614.360	 +0.0287	 -3.2589
1779640088.448	 +100.0	 +10.0	 +5.0000	 -0.0000	      +inf	 +0.0031	 +1629.988	 +0.0170	 -3.2541
1779640088.547	 +100.0	 +10.0	 +5.0000	 -0.0000	      +inf	 +0.0027	 +1882.114	 +0.0247	 -3.2627
1779640088.648	 +100.0	 +10.0	 +5.0000	 -0.0000	      +inf	 -0.0036	 -1403.287	 +0.0298	 -3.2336
1779640088.748	 +100.0	 +10.0	 +5.0000	 -0.0000	      +inf	 -0.0029	 -1698.135	 +0.0158	 -3.2174
1779640088.848	 +100.0	 +10.0	 +5.0000	 -0.0000	      +inf	 -0.0037	 -1368.882	 +0.0285	 -3.2253
1779640088.948	 +100.0	 +10.0	 +5.0000	 -0.0000	      +inf	 +0.0038	 +1321.102	 +0.0309	 -3.2511
1779640089.048	 +100.0	 +10.0	 +5.0000	 -0.0000	      +inf	 +0.0025	 +1971.679	 +0.0219	 -3.2580
1779640089.148	 +100.0	 +10.0	 +5.0000	 -0.0000	      +inf	 -0.0029	 -1726.163	 +0.0201	 -3.2272
1779640089.248	 +100.0	 +10.0	 +5.0000	 -0.0000	      +inf	 +0.0030	 +1678.451	 +0.0171	 -3.2688
1779640089.348	 +100.0	 +10.0	 +5.0000	 -0.0000	      +inf	 -0.0028	 -1778.100	 +0.0268	 -3.2241
1779640089.448	 +100.0	 +10.0	 +5.0000	 -0.0000	      +inf	 +0.0032	 +1571.616	 +0.0256	 -3.2619
1779640089.547	 +100.0	 +10.0	 +5.0000	 -0.0000	      +inf	 -0.0041	 -1215.993	 +0.0341	 -3.2196
1779640089.647	 +100.0	 +10.0	 +5.0000	 -0.0000	      +inf	 -0.0036	 -1393.356	 +0.0231	 -3.2319
1779640089.747	 +100.0	 +10.0	 +5.0000	 -0.0000	      +inf	 +0.0041	 +1207.652	 +0.0296	 -3.2643
1779640089.848	 +100.0	 +10.0	 +5.0000	 -0.0000	      +inf	 -0.0028	 -1760.630	 +0.0172	 -3.2320
1779640089.948	 +100.0	 +10.0	 +5.0000	 -0.0000	      +inf	 +0.0025	 +1989.919	 +0.0227	 -3.2551
1779640090.047	 +100.0	 +10.0	 +5.0000	 -0.0000	      +inf	 -0.0026	 -1948.424	 +0.0292	 -3.2267
1779640090.148	 +100.0	 +10.0	 +5.0000	 -0.0000	      +inf	 +0.0041	 +1209.997	 +0.0337	 -3.2689
1779640090.248	 +100.0	 +10.0	 +5.0000	 -0.0000	      +inf	 -0.0031	 -1597.141	 +0.0250	 -3.2234
1779640090.347	 +100.0	 +10.0	 +5.0000	 -0.0000	      +inf	 +0.0040	 +1259.736	 +0.0179	 -3.2515
1779640090.448	 +100.0	 +10.0	 +5.0000	 -0.0000	      +inf	 -0.0039	 -1286.726	 +0.0344	 -3.2293
1779640090.547	 +100.0	 +10.0	 +5.0000	 -0.0000	      +inf	 -0.0026	 -1954.757	 +0.0272	 -3.2305
1779640090.648	 +100.0	 +10.0	 +5.0000	 -0.0000	      +inf	 -0.0043	 -1151.263	 +0.0205	 -3.2344
1779640090.748	 +100.0	 +10.0	 +5.0000	 -0.0000	      +inf	 -0.0025	 -1979.056	 +0.0176	 -3.2194
1779640090.848	 +100.0	 +10.0	 +5.0000	 -0.0000	      +inf	 +0.0031	 +1602.334	 +0.0232	 -3.2699
1779640090.948	 +100.0	 +10.0	 +5.0000	 -0.0000	      +inf	 -0.0044	 -1136.175	 +0.0154	 -3.2257
1779640091.048	 +100.0	 +10.0	 +5.0000	 -0.0000	      +inf	 +0.0042	 +1182.104	 +0.0308	 -3.2646
1779640091.147	 +100.0	 +10.0	 +5.0000	 -0.0000	      +inf	 +0.0032	 +1551.448	 +0.0298	 -3.2662
1779640091.247	 +100.0	 +10.0	 +5.0000	 -0.0000	      +inf	 +0.0037	 +1368.984	 +0.0242	 -3.2535
1779640091.348	 +100.0	 +10.0	 +5.0000	 -0.0000	      +inf	 -0.0035	 -1443.575	 +0.0326	 -3.2220
1779640091.447	 +100.0	 +10.0	 +5.0000	 -0.0000	      +inf	 -0.0037	 -1352.922	 +0.0212	 -3.2194
1779640091.547	 +100.0	 +10.0	 +5.0000	 -0.0000	      +inf	 -0.0036	 -1404.532	 +0.0296	 -3.2233
1779640091.648	 +100.0	 +10.0	 +5.0000	 -0.0000	      +inf	 +0.0038	 +1321.532	 +0.0339	 -3.2593
1779640091.748	 +100.0	 +10.0	 +5.0000	 -0.0000	      +inf	 -0.0045	 -1115.614	 +0.0249	 -3.2330
1779640091.848	 +100.0	 +10.0	 +5.0000	 -0.0000	      +inf	 +0.0031	 +1628.890	 +0.0174	 -3.2501
1779640091.948	 +100.0	 +10.0	 +5.0000	 -0.0000	      +inf	 -0.0039	 -1298.694	 +0.0330	 -3.2240
1779640092.047	 +100.0	 +10.0	 +5.0000	 -0.0000	      +inf	 +0.0028	 +1787.605	 +0.0168	 -3.2515
1779640092.147	 +100.0	 +10.0	 +5.0000	 -0.0000	      +inf	 -0.0034	 -1463.316	 +0.0244	 -3.2166
1779640092.247	 +100.0	 +10.0	 +5.0000	 -0.0000	      +inf	 -0.0040	 -1243.068	 +0.0196	 -3.2231
1779640092.348	 +100.0	 +10.0	 +5.0000	 -0.0000	      +inf	 -0.0032	 -1548.394	 +0.0185	 -3.2350
1779640092.448	 +100.0	 +10.0	 +5.0000	 -0.0000	      +inf	 -0.0029	 -1738.777	 +0.0305	 -3.2342
1779640092.547	 +100.0	 +10.0	 +5.0000	 -0.0000	      +inf	 +0.0027	 +1861.751	 +0.0265	 -3.2618
1779640092.648	 +100.0	 +10.0	 +5.0000	 -0.0000	      +inf	 +0.0037	 +1356.693	 +0.0224	 -3.2649
1779640092.747	 +100.0	 +10.0	 +5.0000	 -0.0000	      +inf	 +0.0027	 +1852.517	 +0.0314	 -3.2522
1779640092.847	 +100.0	 +10.0	 +5.0000	 -0.0000	      +inf	 -0.0044	 -1124.689	 +0.0345	 -3.2310
1779640092.948	 +100.0	 +10.0	 +5.0000	 -0.0000	      +inf	 -0.0036	 -1386.056	 +0.0327	 -3.2286
1779640093.048	 +100.0	 +10.0	 +5.0000	 -0.0000	      +inf	 +0.0040	 +1255.137	 +0.0295	 -3.2649
1779640093.148	 +100.0	 +10.0	 +5.0000	 -0.0000	      +inf	 +0.0078	  +640.293	 +0.0278	 -3.2756
1779640093.248	 +100.0	 +10.0	 +5.0000	 -0.0000	      +inf	 +0.0048	 +1048.980	 +0.0531	 -3.2752
1779640093.348	 +100.0	 +10.0	 +5.0000	 -0.0000	      +inf	 +0.0044	 +1134.947	 +0.0821	 -3.2863
1779640093.448	 +100.0	 +10.0	 +5.0000	 -0.0000	      +inf	 -0.0026	 -1898.462	 +0.0888	 -3.2428
1779640093.547	 +100.0	 +10.0	 +5.0000	 -0.0000	      +inf	 -0.0034	 -1480.336	 +0.0737	 -3.2463
1779640093.647	 +100.0	 +10.0	 +5.0000	 -0.0000	      +inf	 -0.0029	 -1696.221	 +0.0442	 -3.2541
1779640093.748	 +100.0	 +10.0	 +5.0000	 -0.0000	      +inf	 -0.0030	 -1685.067	 +0.0228	 -3.2557
1779640093.847	 +100.0	 +10.0	 +5.0000	 -0.0000	      +inf	 -0.0028	 -1756.239	 -0.0170	 -3.2604
1779640093.948	 +100.0	 +10.0	 +5.0000	 -0.0000	      +inf	 +0.0036	 +1393.948	 -0.0169	 -3.2957
1779640094.048	 +100.0	 +10.0	 +5.0000	 -0.0000	      +inf	 -0.0022	 -2255.993	 -0.0289	 -3.2508
1779640094.147	 +100.0	 +10.0	 +5.0000	 -0.0000	      +inf	 -0.0037	 -1339.270	 -0.0066	 -3.2518
1779640094.248	 +100.0	 +10.0	 +5.0000	 -0.0000	      +inf	 +0.0029	 +1741.911	 +0.0090	 -3.2856
1779640094.348	 +100.0	 +10.0	 +5.0000	 -0.0000	      +inf	 +0.0035	 +1431.703	 +0.0201	 -3.2757
1779640094.447	 +100.0	 +10.0	 +5.0000	 -0.0000	      +inf	 +0.0032	 +1586.551	 +0.0142	 -3.2590
1779640094.548	 +100.0	 +10.0	 +5.0000	 -0.0000	      +inf	 +0.0025	 +1999.722	 +0.0155	 -3.2609
1779640094.647	 +100.0	 +10.0	 +5.0000	 -0.0000	      +inf	 -0.0032	 -1572.429	 +0.0269	 -3.2293
1779640094.748	 +100.0	 +10.0	 +5.0000	 -0.0000	      +inf	 +0.0035	 +1430.111	 +0.0168	 -3.2531
1779640094.848	 +100.0	 +10.0	 +5.0000	 -0.0000	      +inf	 -0.0028	 -1815.797	 +0.0218	 -3.2297
1779640094.948	 +100.0	 +10.0	 +5.0000	 -0.0000	      +inf	 -0.0031	 -1629.511	 +0.0210	 -3.2154
1779640095.048	 +100.0	 +10.0	 +5.0000	 -0.0000	      +inf	 -0.0041	 -1223.074	 +0.0298	 -3.2248
1779640095.147	 +100.0	 +10.0	 +5.0000	 -0.0000	      +inf	 -0.0043	 -1171.710	 +0.0329	 -3.2207
1779640095.247	 +100.0	 +10.0	 +5.0000	 -0.0000	      +inf	 -0.0036	 -1404.611	 +0.0269	 -3.2338
1779640095.348	 +100.0	 +10.0	 +5.0000	 -0.0000	      +inf	 +0.0023	 +2150.300	 +0.0301	 -3.2614
1779640095.448	 +100.0	 +10.0	 +5.0000	 -0.0000	      +inf	 -0.0030	 -1677.617	 +0.0276	 -3.2304
1779640095.547	 +100.0	 +10.0	 +5.0000	 -0.0000	      +inf	 +0.0029	 +1727.920	 +0.0173	 -3.2640
1779640095.648	 +100.0	 +10.0	 +5.0000	 -0.0000	      +inf	 +0.0042	 +1193.392	 +0.0216	 -3.2514
1779640095.748	 +100.0	 +10.0	 +5.0000	 -0.0000	      +inf	 -0.0045	 -1121.424	 +0.0177	 -3.2340
1779640095.848	 +100.0	 +10.0	 +5.0000	 -0.0000	      +inf	 -0.0030	 -1655.082	 +0.0191	 -3.2201
1779640095.948	 +100.0	 +10.0	 +5.0000	 -0.0000	      +inf	 -0.0045	 -1114.931	 +0.0189	 -3.2334
1779640096.048	 +100.0	 +10.0	 +5.0000	 -0.0000	      +inf	 +0.0029	 +1698.289	 +0.0228	 -3.2659
1779640096.148	 +100.0	 +10.0	 +5.0000	 -0.0000	      +inf	 +0.0025	 +1995.728	 +0.0206	 -3.2621
1779640096.247	 +100.0	 +10.0	 +5.0000	 -0.0000	      +inf	 -0.0034	 -1450.339	 +0.0284	 -3.2184
1779640096.347	 +100.0	 +10.0	 +5.0000	 -0.0000	      +inf	 -0.0041	 -1232.044	 +0.0154	 -3.2288
1779640096.448	 +100.0	 +10.0	 +5.0000	 -0.0000	      +inf	 +0.0024	 +2095.965	 +0.0215	 -3.2569
1779640096.547	 +100.0	 +10.0	 +5.0000	 -0.0000	      +inf	 +0.0040	 +1257.812	 +0.0340	 -3.2556
1779640096.647	 +100.0	 +10.0	 +5.0000	 -0.0000	      +inf	 +0.0041	 +1233.160	 +0.0343	 -3.2509
1779640096.748	 +100.0	 +10.0	 +5.0000	 -0.0000	      +inf	 -0.0035	 -1430.388	 +0.0271	 -3.2329
1779640096.848	 +100.0	 +10.0	 +5.0000	 -0.0000	      +inf	 -0.0032	 -1582.650	 +0.0278	 -3.2348
1779640096.948	 +100.0	 +10.0	 +5.0000	 -0.0000	      +inf	 +0.0023	 +2152.690	 +0.0276	 -3.2577
1779640097.048	 +100.0	 +10.0	 +5.0000	 -0.0000	      +inf	 +0.0029	 +1707.207	 +0.0305	 -3.2618
1779640097.148	 +100.0	 +10.0	 +5.0000	 -0.0000	      +inf	 -0.0039	 -1285.359	 +0.0162	 -3.2278
1779640097.248	 +100.0	 +10.0	 +5.0000	 -0.0000	      +inf	 -0.0038	 -1312.707	 +0.0249	 -3.2206
1779640097.347	 +100.0	 +10.0	 +5.0000	 -0.0000	      +inf	 -0.0042	 -1179.369	 +0.0309	 -3.2209
1779640097.448	 +100.0	 +10.0	 +5.0000	 -0.0000	      +inf	 +0.0040	 +1249.455	 +0.0288	 -3.2601
1779640097.547	 +100.0	 +10.0	 +5.0000	 -0.0000	      +inf	 +0.0025	 +1990.806	 +0.0220	 -3.2634
1779640097.647	 +100.0	 +10.0	 +5.0000	 -0.0000	      +inf	 +0.0027	 +1828.380	 +0.0302	 -3.2683
1779640097.748	 +100.0	 +10.0	 +5.0000	 -0.0000	      +inf	 +0.0027	 +1842.602	 +0.0338	 -3.2608
1779640097.848	 +100.0	 +10.0	 +5.0000	 -0.0000	      +inf	 -0.0042	 -1189.306	 +0.0172	 -3.2236
1779640097.947	 +100.0	 +10.0	 +5.0000	 -0.0000	      +inf	 +0.0042	 +1202.124	 +0.0313	 -3.2524
1779640098.048	 +100.0	 +10.0	 +5.0000	 -0.0000	      +inf	 -0.0039	 -1292.602	 +0.0163	 -3.2237
1779640098.147	 +100.0	 +10.0	 +5.0000	 -0.0000	      +inf	 -0.0040	 -1254.562	 +0.0233	 -3.2272
1779640098.247	 +100.0	 +10.0	 +5.0000	 -0.0000	      +inf	 -0.0044	 -1125.161	 +0.0278	 -3.2282
1779640098.348	 +100.0	 +10.0	 +5.0000	 -0.0000	      +inf	 +0.0029	 +1703.417	 +0.0315	 -3.2506
1779640098.447	 +100.0	 +10.0	 +5.0000	 -0.0000	      +inf	 -0.0041	 -1217.093	 +0.0262	 -3.2201
1779640098.547	 +100.0	 +10.0	 +5.0000	 -0.0000	      +inf	 -0.0030	 -1690.024	 +0.0259	 -3.2191
1779640098.647	 +100.0	 +10.0	 +5.0000	 -0.0000	      +inf	 +0.0031	 +1620.726	 +0.0324	 -3.2544
1779640098.748	 +100.0	 +10.0	 +5.0000	 -0.0000	      +inf	 -0.0033	 -1510.045	 +0.0210	 -3.2293
1779640098.848	 +100.0	 +10.0	 +5.0000	 -0.0000	      +inf	 -0.0026	 -1890.200	 +0.0305	 -3.2329
1779640098.948	 +100.0	 +10.0	 +5.0000	 -0.0000	      +inf	 -0.0026	 -1908.949	 +0.0197	 -3.2313
1779640099.048	 +100.0	 +10.0	 +5.0000	 -0.0000	      +inf	 +0.0035	 +1422.799	 +0.0284	 -3.2664
1779640099.147	 +100.0	 +10.0	 +5.0000	 -0.0000	      +inf	 -0.0036	 -1386.325	 +0.0247	 -3.2332
1779640099.248	 +100.0	 +10.0	 +5.0000	 -0.0000	      +inf	 -0.0028	 -1770.643	 +0.0263	 -3.2299
1779640099.348	 +100.0	 +10.0	 +5.0000	 -0.0000	      +inf	 -0.0034	 -1483.668	 +0.0289	 -3.2203
1779640099.447	 +100.0	 +10.0	 +5.0000	 -0.0000	      +inf	 -0.0029	 -1707.897	 +0.0225	 -3.2330
1779640099.547	 +100.0	 +10.0	 +5.0000	 -0.0000	      +inf	 -0.0042	 -1187.663	 +0.0343	 -3.2201
1779640099.647	 +100.0	 +10.0	 +5.0000	 -0.0000	      +inf	 +0.0034	 +1467.267	 +0.0322	 -3.2656
1779640099.748	 +100.0	 +10.0	 +5.0000	 -0.0000	      +inf	 -0.0038	 -1321.865	 +0.0294	 -3.2271
1779640099.848	 +100.0	 +10.0	 +5.0000	 -0.0000	      +inf	 +0.0034	 +1470.504	 +0.0263	 -3.2678
1779640099.948	 +100.0	 +10.0	 +5.0000	 -0.0000	      +inf	 -0.0044	 -1126.706	 +0.0187	 -3.2295
1779640100.047	 +100.0	 +10.0	 +5.0000	 -0.0000	      +inf	 -0.0040	 -1251.751	 +0.0282	 -3.2189
1779640100.147	 +100.0	 +10.0	 +5.0000	 -0.0000	      +inf	 -0.0037	 -1351.631	 +0.0338	 -3.2226
1779640100.247	 +100.0	 +10.0	 +5.0000	 -0.0000	      +inf	 -0.0036	 -1407.713	 +0.0338	 -3.2200
1779640100.347	 +100.0	 +10.0	 +5.0000	 -0.0000	      +inf	 -0.0044	 -1144.710	 +0.0231	 -3.2184
1779640100.447	 +100.0	 +10.0	 +5.0000	 -0.0000	      +inf	 -0.0030	 -1693.360	 +0.0279	 -3.2344
1779640100.547	 +100.0	 +10.0	 +5.0000	 -0.0000	      +inf	 +0.0039	 +1293.822	 +0.0256	 -3.2521
1779640100.647	 +100.0	 +10.0	 +5.0000	 -0.0000	      +inf	 +0.0035	 +1430.130	 +0.0329	 -3.2528
1779640100.748	 +100.0	 +10.0	 +5.0000	 -0.0000	      +inf	 +0.0037	 +1354.033	 +0.0185	 -3.2540
1779640100.848	 +100.0	 +10.0	 +5.0000	 -0.0000	      +inf	 +0.0035	 +1447.716	 +0.0250	 -3.2662
1779640100.948	 +100.0	 +10.0	 +5.0000	 -0.0000	      +inf	 +0.0042	 +1199.214	 +0.0267	 -3.2596
1779640101.048	 +100.0	 +10.0	 +5.0000	 -0.0000	      +inf	 +0.0033	 +1505.561	 +0.0218	 -3.2600
1779640101.148	 +100.0	 +10.0	 +5.0000	 -0.0000	      +inf	 -0.0031	 -1590.575	 +0.0161	 -3.2163
1779640101.248	 +100.0	 +10.0	 +5.0000	 -0.0000	      +inf	 -0.0044	 -1130.692	 +0.0224	 -3.2262
1779640101.348	 +100.0	 +10.0	 +5.0000	 -0.0000	      +inf	 -0.0028	 -1787.458	 +0.0242	 -3.2249
1779640101.447	 +100.0	 +10.0	 +5.0000	 -0.0000	      +inf	 +0.0031	 +1634.960	 +0.0190	 -3.2650
1779640101.548	 +100.0	 +10.0	 +5.0000	 -0.0000	      +inf	 +0.0032	 +1578.226	 +0.0272	 -3.2609
1779640101.648	 +100.0	 +10.0	 +5.0000	 -0.0000	      +inf	 -0.0037	 -1358.520	 +0.0345	 -3.2226
1779640101.748	 +100.0	 +10.0	 +5.0000	 -0.0000	      +inf	 +0.0029	 +1736.822	 +0.0215	 -3.2554
1779640101.847	 +100.0	 +10.0	 +5.0000	 -0.0000	      +inf	 +0.0031	 +1618.912	 +0.0319	 -3.2675
1779640101.948	 +100.0	 +10.0	 +5.0000	 -0.0000	      +inf	 +0.0028	 +1769.305	 +0.0205	 -3.2566
1779640102.048	 +100.0	 +10.0	 +5.0000	 -0.0000	      +inf	 +0.0026	 +1935.984	 +0.0298	 -3.2700
1779640102.148	 +100.0	 +10.0	 +5.0000	 -0.0000	      +inf	 +0.0046	 +1082.405	 +0.0196	 -3.2686
1779640102.248	 +100.0	 +10.0	 +5.0000	 -0.0000	      +inf	 +0.0033	 +1515.364	 +0.0586	 -3.2692
1779640102.347	 +100.0	 +10.0	 +5.0000	 -0.0000	      +inf	 +0.0028	 +1813.324	 +0.0714	 -3.2781
1779640102.447	 +100.0	 +10.0	 +5.0000	 -0.0000	      +inf	 +0.0030	 +1671.500	 +0.0729	 -3.2684
1779640102.547	 +100.0	 +10.0	 +5.0000	 -0.0000	      +inf	 +0.0024	 +2068.041	 +0.0622	 -3.2886
1779640102.648	 +100.0	 +10.0	 +5.0000	 -0.0000	      +inf	 -0.0024	 -2060.718	 +0.0578	 -3.2456
1779640102.748	 +100.0	 +10.0	 +5.0000	 -0.0000	      +inf	 -0.0020	 -2517.348	 +0.0286	 -3.2526
1779640102.848	 +100.0	 +10.0	 +5.0000	 -0.0000	      +inf	 -0.0051	  -973.098	 -0.0113	 -3.2438
1779640102.948	 +100.0	 +10.0	 +5.0000	 -0.0000	      +inf	 +0.0046	 +1084.713	 -0.0209	 -3.2916
1779640103.048	 +100.0	 +10.0	 +5.0000	 -0.0000	      +inf	 -0.0020	 -2556.638	 -0.0249	 -3.2619
1779640103.147	 +100.0	 +10.0	 +5.0000	 -0.0000	      +inf	 -0.0034	 -1478.033	 -0.0180	 -3.2510
1779640103.247	 +100.0	 +10.0	 +5.0000	 -0.0000	      +inf	 +0.0043	 +1171.501	 -0.0016	 -3.2712
1779640103.347	 +100.0	 +10.0	 +5.0000	 -0.0000	      +inf	 -0.0029	 -1703.422	 +0.0170	 -3.2259
1779640103.447	 +100.0	 +10.0	 +5.0000	 -0.0000	      +inf	 +0.0027	 +1822.802	 +0.0113	 -3.2690
1779640103.547	 +100.0	 +10.0	 +5.0000	 -0.0000	      +inf	 -0.0040	 -1249.845	 +0.0147	 -3.2189
1779640103.648	 +100.0	 +10.0	 +5.0000	 -0.0000	      +inf	 +0.0029	 +1747.342	 +0.0358	 -3.2630
1779640103.748	 +100.0	 +10.0	 +5.0000	 -0.0000	      +inf	 -0.0043	 -1158.512	 +0.0227	 -3.2174
1779640103.848	 +100.0	 +10.0	 +5.0000	 -0.0000	      +inf	 -0.0033	 -1502.843	 +0.0271	 -3.2325
1779640103.948	 +100.0	 +10.0	 +5.0000	 -0.0000	      +inf	 -0.0038	 -1318.614	 +0.0313	 -3.2171
1779640104.048	 +100.0	 +10.0	 +5.0000	 -0.0000	      +inf	 +0.0037	 +1354.691	 +0.0189	 -3.2681
1779640104.147	 +100.0	 +10.0	 +5.0000	 -0.0000	      +inf	 -0.0025	 -1982.230	 +0.0335	 -3.2286
1779640104.248	 +100.0	 +10.0	 +5.0000	 -0.0000	      +inf	 +0.0035	 +1428.728	 +0.0235	 -3.2515
1779640104.348	 +100.0	 +10.0	 +5.0000	 -0.0000	      +inf	 -0.0027	 -1844.914	 +0.0196	 -3.2186
1779640104.447	 +100.0	 +10.0	 +5.0000	 -0.0000	      +inf	 -0.0040	 -1241.892	 +0.0204	 -3.2201
1779640104.547	 +100.0	 +10.0	 +5.0000	 -0.0000	      +inf	 -0.0038	 -1321.255	 +0.0299	 -3.2299
1779640104.647	 +100.0	 +10.0	 +5.0000	 -0.0000	      +inf	 +0.0035	 +1426.211	 +0.0281	 -3.2606
1779640104.748	 +100.0	 +10.0	 +5.0000	 -0.0000	      +inf	 -0.0036	 -1387.053	 +0.0172	 -3.2174
1779640104.848	 +100.0	 +10.0	 +5.0000	 -0.0000	      +inf	 +0.0025	 +1964.274	 +0.0263	 -3.2563
1779640104.948	 +100.0	 +10.0	 +5.0000	 -0.0000	      +inf	 -0.0037	 -1366.351	 +0.0294	 -3.2176
1779640105.048	 +100.0	 +10.0	 +5.0000	 -0.0000	      +inf	 +0.0040	 +1244.070	 +0.0233	 -3.2643
1779640105.148	 +100.0	 +10.0	 +5.0000	 -0.0000	      +inf	 -0.0041	 -1228.343	 +0.0243	 -3.2323
1779640105.248	 +100.0	 +10.0	 +5.0000	 -0.0000	      +inf	 -0.0044	 -1141.954	 +0.0209	 -3.2298
1779640105.347	 +100.0	 +10.0	 +5.0000	 -0.0000	      +inf	 -0.0037	 -1361.865	 +0.0291	 -3.2204
1779640105.448	 +100.0	 +10.0	 +5.0000	 -0.0000	      +inf	 +0.0026	 +1945.309	 +0.0244	 -3.2546
1779640105.548	 +100.0	 +10.0	 +5.0000	 -0.0000	      +inf	 +0.0043	 +1176.179	 +0.0155	 -3.2668
1779640105.648	 +100.0	 +10.0	 +5.0000	 -0.0000	      +inf	 -0.0044	 -1135.873	 +0.0238	 -3.2185
1779640105.748	 +100.0	 +10.0	 +5.0000	 -0.0000	      +inf	 +0.0023	 +2157.932	 +0.0333	 -3.2609
1779640105.848	 +100.0	 +10.0	 +5.0000	 -0.0000	      +inf	 +0.0041	 +1215.477	 +0.0164	 -3.2529
1779640105.947	 +100.0	 +10.0	 +5.0000	 -0.0000	      +inf	 -0.0036	 -1378.158	 +0.0233	 -3.2285
1779640106.047	 +100.0	 +10.0	 +5.0000	 -0.0000	      +inf	 +0.0041	 +1221.246	 +0.0309	 -3.2660
1779640106.148	 +100.0	 +10.0	 +5.0000	 -0.0000	      +inf	 -0.0044	 -1147.284	 +0.0293	 -3.2270
1779640106.247	 +100.0	 +10.0	 +5.0000	 -0.0000	      +inf	 +0.0036	 +1384.930	 +0.0245	 -3.2614
1779640106.347	 +100.0	 +10.0	 +5.0000	 -0.0000	      +inf	 -0.0036	 -1385.381	 +0.0280	 -3.2362
1779640106.447	 +100.0	 +10.0	 +5.0000	 -0.0000	      +inf	 -0.0044	 -1136.551	 +0.0201	 -3.2251
1779640106.547	 +100.0	 +10.0	 +5.0000	 -0.0000	      +inf	 +0.0029	 +1694.936	 +0.0308	 -3.2656
1779640106.648	 +100.0	 +10.0	 +5.0000	 -0.0000	      +inf	 -0.0033	 -1520.415	 +0.0303	 -3.2246
1779640106.748	 +100.0	 +10.0	 +5.0000	 -0.0000	      +inf	 +0.0033	 +1500.309	 +0.0176	 -3.2518
1779640106.848	 +100.0	 +10.0	 +5.0000	 -0.0000	      +inf	 -0.0032	 -1557.843	 +0.0294	 -3.2190
1779640106.948	 +100.0	 +10.0	 +5.0000	 -0.0000	      +inf	 +0.0040	 +1238.070	 +0.0186	 -3.2508
1779640107.048	 +100.0	 +10.0	 +5.0000	 -0.0000	      +inf	 +0.0025	 +1964.529	 +0.0168	 -3.2530
1779640107.148	 +100.0	 +10.0	 +5.0000	 -0.0000	      +inf	 -0.0038	 -1309.710	 +0.0232	 -3.2306
1779640107.248	 +100.0	 +10.0	 +5.0000	 -0.0000	      +inf	 +0.0040	 +1260.755	 +0.0224	 -3.2551
1779640107.348	 +100.0	 +10.0	 +5.0000	 -0.0000	      +inf	 -0.0034	 -1482.732	 +0.0327	 -3.2341
1779640107.448	 +100.0	 +10.0	 +5.0000	 -0.0000	      +inf	 +0.0032	 +1541.869	 +0.0195	 -3.2581
1779640107.547	 +100.0	 +10.0	 +5.0000	 -0.0000	      +inf	 -0.0036	 -1399.615	 +0.0192	 -3.2254
1779640107.648	 +100.0	 +10.0	 +5.0000	 -0.0000	      +inf	 -0.0034	 -1462.437	 +0.0336	 -3.2208
1779640107.748	 +100.0	 +10.0	 +5.0000	 -0.0000	      +inf	 -0.0032	 -1567.638	 +0.0247	 -3.2242
1779640107.848	 +100.0	 +10.0	 +5.0000	 -0.0000	      +inf	 +0.0031	 +1625.656	 +0.0174	 -3.2590
1779640107.948	 +100.0	 +10.0	 +5.0000	 -0.0000	      +inf	 +0.0029	 +1723.435	 +0.0287	 -3.2689
1779640108.048	 +100.0	 +10.0	 +5.0000	 -0.0000	      +inf	 -0.0027	 -1855.486	 +0.0223	 -3.2300
1779640108.148	 +100.0	 +10.0	 +5.0000	 -0.0000	      +inf	 +0.0037	 +1367.399	 +0.0209	 -3.2570
1779640108.247	 +100.0	 +10.0	 +5.0000	 -0.0000	      +inf	 -0.0035	 -1426.759	 +0.0185	 -3.2232
1779640108.347	 +100.0	 +10.0	 +5.0000	 -0.0000	      +inf	 +0.0040	 +1262.136	 +0.0225	 -3.2587
1779640108.447	 +100.0	 +10.0	 +5.0000	 -0.0000	      +inf	 -0.0035	 -1433.831	 +0.0205	 -3.2336
1779640112.149	 +100.0	 +10.0	 +5.0000	 -0.0000	      +inf	 +0.0040	 +1265.749	 +0.0165	 -3.2684
1779640112.247	 +100.0	 +10.0	 +5.0000	 -0.0000	      +inf	 -0.0042	 -1199.278	 +0.0307	 -3.2162
1779640112.348	 +100.0	 +10.0	 +5.0000	 -0.0000	      +inf	 -0.0029	 -1744.069	 +0.0238	 -3.2323
1779640112.448	 +100.0	 +10.0	 +5.0000	 -0.0000	      +inf	 +0.0031	 +1600.889	 +0.0216	 -3.2688
1779640112.548	 +100.0	 +10.0	 +5.0000	 -0.0000	      +inf	 -0.0037	 -1353.350	 +0.0248	 -3.2212
1779640112.648	 +100.0	 +10.0	 +5.0000	 -0.0000	      +inf	 +0.0036	 +1398.159	 +0.0176	 -3.2664
1779640112.748	 +100.0	 +10.0	 +5.0000	 -0.0000	      +inf	 -0.0028	 -1775.497	 +0.0162	 -3.2243
1779640112.848	 +100.0	 +10.0	 +5.0000	 -0.0000	      +inf	 +0.0030	 +1689.353	 +0.0216	 -3.2550
1779640112.948	 +100.0	 +10.0	 +5.0000	 -0.0000	      +inf	 -0.0045	 -1122.283	 +0.0162	 -3.2336
1779640113.047	 +100.0	 +10.0	 +5.0000	 -0.0000	      +inf	 -0.0037	 -1351.584	 +0.0287	 -3.2341
1779640113.148	 +100.0	 +10.0	 +5.0000	 -0.0000	      +inf	 -0.0037	 -1369.342	 +0.0201	 -3.2315
1779640113.247	 +100.0	 +10.0	 +5.0000	 -0.0000	      +inf	 +0.0040	 +1251.075	 +0.0301	 -3.2525
1779640113.348	 +100.0	 +10.0	 +5.0000	 -0.0000	      +inf	 -0.0034	 -1474.214	 +0.0243	 -3.2354
1779640113.448	 +100.0	 +10.0	 +5.0000	 -0.0000	      +inf	 +0.0033	 +1518.795	 +0.0338	 -3.2681
1779640113.548	 +100.0	 +10.0	 +5.0000	 -0.0000	      +inf	 -0.0030	 -1681.479	 +0.0230	 -3.2259
1779640113.648	 +100.0	 +10.0	 +5.0000	 -0.0000	      +inf	 -0.0038	 -1310.469	 +0.0164	 -3.2311
1779640113.748	 +100.0	 +10.0	 +5.0000	 -0.0000	      +inf	 -0.0028	 -1789.608	 +0.0161	 -3.2320
1779640113.848	 +100.0	 +10.0	 +5.0000	 -0.0000	      +inf	 -0.0033	 -1526.159	 +0.0253	 -3.2304
1779640113.947	 +100.0	 +10.0	 +5.0000	 -0.0000	      +inf	 -0.0034	 -1479.214	 +0.0174	 -3.2297
1779640114.047	 +100.0	 +10.0	 +5.0000	 -0.0000	      +inf	 -0.0026	 -1946.532	 +0.0165	 -3.2167
1779640114.148	 +100.0	 +10.0	 +5.0000	 -0.0000	      +inf	 -0.0032	 -1571.400	 +0.0291	 -3.2206
1779640114.247	 +100.0	 +10.0	 +5.0000	 -0.0000	      +inf	 -0.0034	 -1456.771	 +0.0221	 -3.2217
1779640114.348	 +100.0	 +10.0	 +5.0000	 -0.0000	      +inf	 +0.0042	 +1196.680	 +0.0206	 -3.2561
1779640114.448	 +100.0	 +10.0	 +5.0000	 -0.0000	      +inf	 -0.0027	 -1856.014	 +0.0344	 -3.2318
1779640114.548	 +100.0	 +10.0	 +5.0000	 -0.0000	      +inf	 -0.0032	 -1572.648	 +0.0197	 -3.2200
1779640114.648	 +100.0	 +10.0	 +5.0000	 -0.0000	      +inf	 +0.0025	 +2024.427	 +0.0252	 -3.2688
1779640114.748	 +100.0	 +10.0	 +5.0000	 -0.0000	      +inf	 +0.0036	 +1400.914	 +0.0301	 -3.2739
1779640114.848	 +100.0	 +10.0	 +5.0000	 -0.0000	      +inf	 +0.0035	 +1426.403	 +0.0587	 -3.2677
1779640114.948	 +100.0	 +10.0	 +5.0000	 -0.0000	      +inf	 -0.0029	 -1740.803	 +0.0719	 -3.2558
1779640115.048	 +100.0	 +10.0	 +5.0000	 -0.0000	      +inf	 -0.0026	 -1921.368	 +0.0757	 -3.2594
1779640115.147	 +100.0	 +10.0	 +5.0000	 -0.0000	      +inf	 -0.0026	 -1947.226	 +0.0810	 -3.2553
1779640115.248	 +100.0	 +10.0	 +5.0000	 -0.0000	      +inf	 +0.0037	 +1338.840	 +0.0581	 -3.2737
1779640115.347	 +100.0	 +10.0	 +5.0000	 -0.0000	      +inf	 -0.0016	 -3166.710	 +0.0181	 -3.2626
1779640115.448	 +100.0	 +10.0	 +5.0000	 -0.0000	      +inf	 -0.0038	 -1329.114	 +0.0060	 -3.2442
1779640115.548	 +100.0	 +10.0	 +5.0000	 -0.0000	      +inf	 -0.0031	 -1604.048	 -0.0276	 -3.2676
1779640115.648	 +100.0	 +10.0	 +5.0000	 -0.0000	      +inf	 -0.0037	 -1349.151	 -0.0217	 -3.2658
1779640115.748	 +100.0	 +10.0	 +5.0000	 -0.0000	      +inf	 -0.0030	 -1660.711	 -0.0178	 -3.2446
1779640115.848	 +100.0	 +10.0	 +5.0000	 -0.0000	      +inf	 -0.0025	 -2026.493	 +0.0054	 -3.2358
1779640115.947	 +100.0	 +10.0	 +5.0000	 -0.0000	      +inf	 +0.0042	 +1197.084	 +0.0063	 -3.2713
1779640116.048	 +100.0	 +10.0	 +5.0000	 -0.0000	      +inf	 +0.0039	 +1291.870	 +0.0115	 -3.2618
1779640116.148	 +100.0	 +10.0	 +5.0000	 -0.0000	      +inf	 +0.0030	 +1688.945	 +0.0198	 -3.2620
1779640116.247	 +100.0	 +10.0	 +5.0000	 -0.0000	      +inf	 +0.0026	 +1897.846	 +0.0177	 -3.2688
1779640116.348	 +100.0	 +10.0	 +5.0000	 -0.0000	      +inf	 -0.0041	 -1228.298	 +0.0296	 -3.2231
1779640116.448	 +100.0	 +10.0	 +5.0000	 -0.0000	      +inf	 -0.0036	 -1404.168	 +0.0312	 -3.2244
1779640116.548	 +100.0	 +10.0	 +5.0000	 -0.0000	      +inf	 +0.0037	 +1364.032	 +0.0277	 -3.2504
1779640116.648	 +100.0	 +10.0	 +5.0000	 -0.0000	      +inf	 -0.0035	 -1427.635	 +0.0339	 -3.2189
1779640116.748	 +100.0	 +10.0	 +5.0000	 -0.0000	      +inf	 +0.0027	 +1858.516	 +0.0254	 -3.2552
1779640116.848	 +100.0	 +10.0	 +5.0000	 -0.0000	      +inf	 +0.0027	 +1882.203	 +0.0238	 -3.2615
1779640116.948	 +100.0	 +10.0	 +5.0000	 -0.0000	      +inf	 -0.0028	 -1758.837	 +0.0225	 -3.2334
1779640117.048	 +100.0	 +10.0	 +5.0000	 -0.0000	      +inf	 +0.0043	 +1162.136	 +0.0263	 -3.2592
1779640117.148	 +100.0	 +10.0	 +5.0000	 -0.0000	      +inf	 +0.0043	 +1163.357	 +0.0291	 -3.2633
1779640117.247	 +100.0	 +10.0	 +5.0000	 -0.0000	      +inf	 -0.0026	 -1892.192	 +0.0184	 -3.2326
1779640117.347	 +100.0	 +10.0	 +5.0000	 -0.0000	      +inf	 -0.0032	 -1549.673	 +0.0339	 -3.2220
1779640117.448	 +100.0	 +10.0	 +5.0000	 -0.0000	      +inf	 +0.0027	 +1875.176	 +0.0230	 -3.2541
1779640117.548	 +100.0	 +10.0	 +5.0000	 -0.0000	      +inf	 +0.0034	 +1454.528	 +0.0312	 -3.2697
1779640117.648	 +100.0	 +10.0	 +5.0000	 -0.0000	      +inf	 +0.0038	 +1308.278	 +0.0158	 -3.2680
1779640117.748	 +100.0	 +10.0	 +5.0000	 -0.0000	      +inf	 -0.0044	 -1133.325	 +0.0178	 -3.2309
1779640117.848	 +100.0	 +10.0	 +5.0000	 -0.0000	      +inf	 +0.0039	 +1290.923	 +0.0262	 -3.2530
1779640117.948	 +100.0	 +10.0	 +5.0000	 -0.0000	      +inf	 -0.0040	 -1254.955	 +0.0329	 -3.2167
1779640118.048	 +100.0	 +10.0	 +5.0000	 -0.0000	      +inf	 +0.0042	 +1189.989	 +0.0208	 -3.2557
1779640118.148	 +100.0	 +10.0	 +5.0000	 -0.0000	      +inf	 -0.0035	 -1418.482	 +0.0262	 -3.2181
1779640118.248	 +100.0	 +10.0	 +5.0000	 -0.0000	      +inf	 -0.0044	 -1126.803	 +0.0203	 -3.2163
1779640118.348	 +100.0	 +10.0	 +5.0000	 -0.0000	      +inf	 +0.0036	 +1373.004	 +0.0167	 -3.2586
1779640118.448	 +100.0	 +10.0	 +5.0000	 -0.0000	      +inf	 +0.0025	 +2016.820	 +0.0258	 -3.2595
1779640118.548	 +100.0	 +10.0	 +5.0000	 -0.0000	      +inf	 -0.0043	 -1165.248	 +0.0174	 -3.2249
1779640118.648	 +100.0	 +10.0	 +5.0000	 -0.0000	      +inf	 +0.0033	 +1507.619	 +0.0291	 -3.2676
1779640118.748	 +100.0	 +10.0	 +5.0000	 -0.0000	      +inf	 -0.0027	 -1841.574	 +0.0266	 -3.2235
1779640118.848	 +100.0	 +10.0	 +5.0000	 -0.0000	      +inf	 +0.0028	 +1763.330	 +0.0279	 -3.2505
1779640118.948	 +100.0	 +10.0	 +5.0000	 -0.0000	      +inf	 +0.0030	 +1677.601	 +0.0303	 -3.2609
1779640119.047	 +100.0	 +10.0	 +5.0000	 -0.0000	      +inf	 +0.0036	 +1391.516	 +0.0305	 -3.2616
1779640119.148	 +100.0	 +10.0	 +5.0000	 -0.0000	      +inf	 -0.0031	 -1613.322	 +0.0331	 -3.2209
1779640119.247	 +100.0	 +10.0	 +5.0000	 -0.0000	      +inf	 +0.0036	 +1379.206	 +0.0332	 -3.2673
1779640119.348	 +100.0	 +10.0	 +5.0000	 -0.0000	      +inf	 +0.0026	 +1945.891	 +0.0206	 -3.2600
1779640119.448	 +100.0	 +10.0	 +5.0000	 -0.0000	      +inf	 -0.0041	 -1229.127	 +0.0280	 -3.2250
1779640119.548	 +100.0	 +10.0	 +5.0000	 -0.0000	      +inf	 +0.0025	 +2022.532	 +0.0192	 -3.2558
1779640119.648	 +100.0	 +10.0	 +5.0000	 -0.0000	      +inf	 -0.0037	 -1350.200	 +0.0300	 -3.2261
1779640119.748	 +100.0	 +10.0	 +5.0000	 -0.0000	      +inf	 +0.0042	 +1203.794	 +0.0275	 -3.2645
1779640119.848	 +100.0	 +10.0	 +5.0000	 -0.0000	      +inf	 -0.0026	 -1934.929	 +0.0328	 -3.2281
1779640119.947	 +100.0	 +10.0	 +5.0000	 -0.0000	      +inf	 +0.0027	 +1866.198	 +0.0222	 -3.2675
1779640120.047	 +100.0	 +10.0	 +5.0000	 -0.0000	      +inf	 -0.0029	 -1740.250	 +0.0189	 -3.2337
1779640120.148	 +100.0	 +10.0	 +5.0000	 -0.0000	      +inf	 -0.0033	 -1536.777	 +0.0159	 -3.2224
1779640120.248	 +100.0	 +10.0	 +5.0000	 -0.0000	      +inf	 +0.0036	 +1397.710	 +0.0159	 -3.2678
1779640120.348	 +100.0	 +10.0	 +5.0000	 -0.0000	      +inf	 +0.0042	 +1180.165	 +0.0165	 -3.2528
1779640120.448	 +100.0	 +10.0	 +5.0000	 -0.0000	      +inf	 -0.0039	 -1286.945	 +0.0304	 -3.2291
1779640120.548	 +100.0	 +10.0	 +5.0000	 -0.0000	      +inf	 +0.0026	 +1914.161	 +0.0302	 -3.2671
1779640120.648	 +100.0	 +10.0	 +5.0000	 -0.0000	      +inf	 -0.0029	 -1701.101	 +0.0230	 -3.2231
1779640120.748	 +100.0	 +10.0	 +5.0000	 -0.0000	      +inf	 +0.0029	 +1747.177	 +0.0228	 -3.2549
1779640120.848	 +100.0	 +10.0	 +5.0000	 -0.0000	      +inf	 +0.0024	 +2096.923	 +0.0267	 -3.2658
1779640120.948	 +100.0	 +10.0	 +5.0000	 -0.0000	      +inf	 -0.0027	 -1833.803	 +0.0308	 -3.2191
1779640121.048	 +100.0	 +10.0	 +5.0000	 -0.0000	      +inf	 +0.0026	 +1925.685	 +0.0265	 -3.2540
1779640121.148	 +100.0	 +10.0	 +5.0000	 -0.0000	      +inf	 -0.0028	 -1794.402	 +0.0193	 -3.2203
1779640121.247	 +100.0	 +10.0	 +5.0000	 -0.0000	      +inf	 -0.0038	 -1326.161	 +0.0253	 -3.2353
1779640121.347	 +100.0	 +10.0	 +5.0000	 -0.0000	      +inf	 -0.0031	 -1617.939	 +0.0166	 -3.2314
1779640121.448	 +100.0	 +10.0	 +5.0000	 -0.0000	      +inf	 +0.0041	 +1219.911	 +0.0186	 -3.2695
1779640121.548	 +100.0	 +10.0	 +5.0000	 -0.0000	      +inf	 -0.0041	 -1232.429	 +0.0240	 -3.2309
1779640121.648	 +100.0	 +10.0	 +5.0000	 -0.0000	      +inf	 +0.0039	 +1285.059	 +0.0163	 -3.2510
1779640121.748	 +100.0	 +10.0	 +5.0000	 -0.0000	      +inf	 -0.0037	 -1350.938	 +0.0317	 -3.2205
1779640121.847	 +100.0	 +10.0	 +5.0000	 -0.0000	      +inf	 +0.0027	 +1871.974	 +0.0155	 -3.2546
1779640121.948	 +100.0	 +10.0	 +5.0000	 -0.0000	      +inf	 -0.0039	 -1270.030	 +0.0270	 -3.2284
1779640122.047	 +100.0	 +10.0	 +5.0000	 -0.0000	      +inf	 -0.0037	 -1334.036	 +0.0217	 -3.2181
1779640122.148	 +100.0	 +10.0	 +5.0000	 -0.0000	      +inf	 -0.0028	 -1797.907	 +0.0181	 -3.2220
1779640122.247	 +100.0	 +10.0	 +5.0000	 -0.0000	      +inf	 -0.0028	 -1760.247	 +0.0188	 -3.2331
1779640122.348	 +100.0	 +10.0	 +5.0000	 -0.0000	      +inf	 -0.0041	 -1217.009	 +0.0214	 -3.2317
1779640122.447	 +100.0	 +10.0	 +5.0000	 -0.0000	      +inf	 +0.0023	 +2155.962	 +0.0333	 -3.2504
1779640122.548	 +100.0	 +10.0	 +5.0000	 -0.0000	      +inf	 +0.0040	 +1244.980	 +0.0196	 -3.2565
1779640122.648	 +100.0	 +10.0	 +5.0000	 -0.0000	      +inf	 -0.0043	 -1169.543	 +0.0240	 -3.2191
1779640122.747	 +100.0	 +10.0	 +5.0000	 -0.0000	      +inf	 +0.0027	 +1868.030	 +0.0244	 -3.2520
1779640122.847	 +100.0	 +10.0	 +5.0000	 -0.0000	      +inf	 -0.0042	 -1189.228	 +0.0326	 -3.2296
1779640122.948	 +100.0	 +10.0	 +5.0000	 -0.0000	      +inf	 +0.0036	 +1391.264	 +0.0307	 -3.2576
1779640123.047	 +100.0	 +10.0	 +5.0000	 -0.0000	      +inf	 +0.0025	 +2032.794	 +0.0203	 -3.2540
1779640123.147	 +100.0	 +10.0	 +5.0000	 -0.0000	      +inf	 +0.0039	 +1274.273	 +0.0211	 -3.2611
1779640123.248	 +100.0	 +10.0	 +5.0000	 -0.0000	      +inf	 -0.0035	 -1413.692	 +0.0345	 -3.2248
1779640123.348	 +100.0	 +10.0	 +5.0000	 -0.0000	      +inf	 +0.0031	 +1635.760	 +0.0339	 -3.2589
1779640123.447	 +100.0	 +10.0	 +5.0000	 -0.0000	      +inf	 -0.0030	 -1651.787	 +0.0180	 -3.2263
1779640123.547	 +100.0	 +10.0	 +5.0000	 -0.0000	      +inf	 +0.0035	 +1421.676	 +0.0258	 -3.2627
1779640123.648	 +100.0	 +10.0	 +5.0000	 -0.0000	      +inf	 +0.0025	 +2006.568	 +0.0156	 -3.2675
1779640123.748	 +100.0	 +10.0	 +5.0000	 -0.0000	      +inf	 +0.0049	 +1024.168	 +0.0308	 -3.2628
1779640123.847	 +100.0	 +10.0	 +5.0000	 -0.0000	      +inf	 -0.0012	 -4249.359	 +0.0679	 -3.2485
1779640123.948	 +100.0	 +10.0	 +5.0000	 -0.0000	      +inf	 -0.0021	 -2424.422	 +0.0714	 -3.2386
1779640124.048	 +100.0	 +10.0	 +5.0000	 -0.0000	      +inf	 -0.0027	 -1886.759	 +0.0739	 -3.2551
1779640124.148	 +100.0	 +10.0	 +5.0000	 -0.0000	      +inf	 +0.0031	 +1619.575	 +0.0751	 -3.2856
1779640124.247	 +100.0	 +10.0	 +5.0000	 -0.0000	      +inf	 -0.0036	 -1375.201	 +0.0438	 -3.2530
1779640124.348	 +100.0	 +10.0	 +5.0000	 -0.0000	      +inf	 -0.0025	 -1989.851	 +0.0257	 -3.2480
1779640124.448	 +100.0	 +10.0	 +5.0000	 -0.0000	      +inf	 -0.0052	  -965.182	 -0.0042	 -3.2462
1779640124.548	 +100.0	 +10.0	 +5.0000	 -0.0000	      +inf	 +0.0039	 +1279.251	 -0.0154	 -3.3030
1779640124.648	 +100.0	 +10.0	 +5.0000	 -0.0000	      +inf	 -0.0037	 -1343.584	 -0.0305	 -3.2703
1779640124.748	 +100.0	 +10.0	 +5.0000	 -0.0000	      +inf	 +0.0046	 +1088.933	 -0.0070	 -3.2822
1779640124.848	 +100.0	 +10.0	 +5.0000	 -0.0000	      +inf	 -0.0031	 -1604.447	 -0.0130	 -3.2411
1779640124.947	 +100.0	 +10.0	 +5.0000	 -0.0000	      +inf	 +0.0029	 +1735.912	 +0.0116	 -3.2707
1779640125.048	 +100.0	 +10.0	 +5.0000	 -0.0000	      +inf	 -0.0039	 -1276.555	 +0.0077	 -3.2265
1779640125.148	 +100.0	 +10.0	 +5.0000	 -0.0000	      +inf	 -0.0027	 -1838.516	 +0.0291	 -3.2274
1779640125.247	 +100.0	 +10.0	 +5.0000	 -0.0000	      +inf	 +0.0042	 +1202.898	 +0.0344	 -3.2562
1779640125.348	 +100.0	 +10.0	 +5.0000	 -0.0000	      +inf	 +0.0032	 +1544.822	 +0.0293	 -3.2494
1779640125.448	 +100.0	 +10.0	 +5.0000	 -0.0000	      +inf	 +0.0023	 +2179.352	 +0.0263	 -3.2513
1779640125.548	 +100.0	 +10.0	 +5.0000	 -0.0000	      +inf	 +0.0034	 +1452.465	 +0.0202	 -3.2657
1779640125.648	 +100.0	 +10.0	 +5.0000	 -0.0000	      +inf	 -0.0038	 -1309.836	 +0.0208	 -3.2274
1779640125.748	 +100.0	 +10.0	 +5.0000	 -0.0000	      +inf	 +0.0032	 +1570.878	 +0.0285	 -3.2598
1779640125.848	 +100.0	 +10.0	 +5.0000	 -0.0000	      +inf	 -0.0026	 -1887.216	 +0.0312	 -3.2321
1779640125.948	 +100.0	 +10.0	 +5.0000	 -0.0000	      +inf	 -0.0038	 -1299.928	 +0.0148	 -3.2348
1779640126.048	 +100.0	 +10.0	 +5.0000	 -0.0000	      +inf	 -0.0037	 -1354.278	 +0.0167	 -3.2260
1779640126.147	 +100.0	 +10.0	 +5.0000	 -0.0000	      +inf	 +0.0029	 +1734.785	 +0.0293	 -3.2611
1779640126.248	 +100.0	 +10.0	 +5.0000	 -0.0000	      +inf	 -0.0040	 -1239.733	 +0.0265	 -3.2317
1779640126.348	 +100.0	 +10.0	 +5.0000	 -0.0000	      +inf	 -0.0040	 -1256.256	 +0.0295	 -3.2196
1779640126.448	 +100.0	 +10.0	 +5.0000	 -0.0000	      +inf	 +0.0027	 +1835.676	 +0.0268	 -3.2663
1779640126.548	 +100.0	 +10.0	 +5.0000	 -0.0000	      +inf	 -0.0028	 -1775.961	 +0.0148	 -3.2344
1779640126.647	 +100.0	 +10.0	 +5.0000	 -0.0000	      +inf	 -0.0042	 -1191.212	 +0.0306	 -3.2241
1779640126.748	 +100.0	 +10.0	 +5.0000	 -0.0000	      +inf	 -0.0028	 -1798.286	 +0.0282	 -3.2226
1779640126.848	 +100.0	 +10.0	 +5.0000	 -0.0000	      +inf	 -0.0042	 -1204.697	 +0.0341	 -3.2333
1779640126.948	 +100.0	 +10.0	 +5.0000	 -0.0000	      +inf	 +0.0032	 +1572.977	 +0.0342	 -3.2558
1779640127.048	 +100.0	 +10.0	 +5.0000	 -0.0000	      +inf	 +0.0039	 +1286.239	 +0.0182	 -3.2604
1779640127.148	 +100.0	 +10.0	 +5.0000	 -0.0000	      +inf	 +0.0040	 +1256.497	 +0.0333	 -3.2699
1779640127.247	 +100.0	 +10.0	 +5.0000	 -0.0000	      +inf	 +0.0042	 +1183.021	 +0.0311	 -3.2634
1779640127.347	 +100.0	 +10.0	 +5.0000	 -0.0000	      +inf	 -0.0040	 -1265.523	 +0.0225	 -3.2265
1779640127.448	 +100.0	 +10.0	 +5.0000	 -0.0000	      +inf	 +0.0024	 +2109.368	 +0.0194	 -3.2531
1779640127.548	 +100.0	 +10.0	 +5.0000	 -0.0000	      +inf	 -0.0026	 -1902.260	 +0.0294	 -3.2234
1779640127.647	 +100.0	 +10.0	 +5.0000	 -0.0000	      +inf	 +0.0032	 +1556.955	 +0.0219	 -3.2603
1779640127.748	 +100.0	 +10.0	 +5.0000	 -0.0000	      +inf	 -0.0037	 -1347.067	 +0.0205	 -3.2170
1779640127.848	 +100.0	 +10.0	 +5.0000	 -0.0000	      +inf	 +0.0025	 +2016.444	 +0.0158	 -3.2650
1779640127.948	 +100.0	 +10.0	 +5.0000	 -0.0000	      +inf	 -0.0031	 -1599.189	 +0.0283	 -3.2347
1779640128.048	 +100.0	 +10.0	 +5.0000	 -0.0000	      +inf	 -0.0028	 -1770.665	 +0.0193	 -3.2167
1779640128.148	 +100.0	 +10.0	 +5.0000	 -0.0000	      +inf	 +0.0034	 +1459.778	 +0.0332	 -3.2575
1779640128.248	 +100.0	 +10.0	 +5.0000	 -0.0000	      +inf	 +0.0039	 +1271.007	 +0.0329	 -3.2569
1779640128.347	 +100.0	 +10.0	 +5.0000	 -0.0000	      +inf	 -0.0029	 -1750.969	 +0.0168	 -3.2283
1779640128.447	 +100.0	 +10.0	 +5.0000	 -0.0000	      +inf	 +0.0042	 +1198.945	 +0.0267	 -3.2635
1779640128.548	 +100.0	 +10.0	 +5.0000	 -0.0000	      +inf	 -0.0029	 -1715.093	 +0.0310	 -3.2229
1779640128.648	 +100.0	 +10.0	 +5.0000	 -0.0000	      +inf	 -0.0032	 -1552.351	 +0.0206	 -3.2212
1779640128.748	 +100.0	 +10.0	 +5.0000	 -0.0000	      +inf	 -0.0034	 -1457.419	 +0.0346	 -3.2249
1779640128.848	 +100.0	 +10.0	 +5.0000	 -0.0000	      +inf	 -0.0031	 -1632.613	 +0.0237	 -3.2173
1779640128.947	 +100.0	 +10.0	 +5.0000	 -0.0000	      +inf	 +0.0039	 +1283.214	 +0.0230	 -3.2511
1779640129.048	 +100.0	 +10.0	 +5.0000	 -0.0000	      +inf	 -0.0034	 -1489.510	 +0.0337	 -3.2344
1779640129.148	 +100.0	 +10.0	 +5.0000	 -0.0000	      +inf	 +0.0040	 +1256.763	 +0.0172	 -3.2577
1779640129.247	 +100.0	 +10.0	 +5.0000	 -0.0000	      +inf	 +0.0027	 +1871.600	 +0.0226	 -3.2600
1779640129.348	 +100.0	 +10.0	 +5.0000	 -0.0000	      +inf	 +0.0030	 +1685.980	 +0.0226	 -3.2694
1779640129.448	 +100.0	 +10.0	 +5.0000	 -0.0000	      +inf	 +0.0031	 +1615.628	 +0.0257	 -3.2645
1779640129.547	 +100.0	 +10.0	 +5.0000	 -0.0000	      +inf	 -0.0028	 -1778.189	 +0.0199	 -3.2213
1779640129.648	 +100.0	 +10.0	 +5.0000	 -0.0000	      +inf	 -0.0040	 -1241.458	 +0.0344	 -3.2256
1779640129.748	 +100.0	 +10.0	 +5.0000	 -0.0000	      +inf	 +0.0039	 +1296.701	 +0.0315	 -3.2676
1779640129.848	 +100.0	 +10.0	 +5.0000	 -0.0000	      +inf	 +0.0034	 +1491.851	 +0.0150	 -3.2520
1779640129.948	 +100.0	 +10.0	 +5.0000	 -0.0000	      +inf	 +0.0024	 +2092.932	 +0.0195	 -3.2559
1779640130.047	 +100.0	 +10.0	 +5.0000	 -0.0000	      +inf	 +0.0028	 +1756.134	 +0.0281	 -3.2641
1779640130.148	 +100.0	 +10.0	 +5.0000	 -0.0000	      +inf	 -0.0032	 -1563.846	 +0.0155	 -3.2305
1779640130.247	 +100.0	 +10.0	 +5.0000	 -0.0000	      +inf	 +0.0029	 +1701.735	 +0.0287	 -3.2581
1779640130.347	 +100.0	 +10.0	 +5.0000	 -0.0000	      +inf	 +0.0035	 +1415.261	 +0.0182	 -3.2651
1779640130.448	 +100.0	 +10.0	 +5.0000	 -0.0000	      +inf	 +0.0024	 +2068.508	 +0.0305	 -3.2511
1779640130.548	 +100.0	 +10.0	 +5.0000	 -0.0000	      +inf	 -0.0038	 -1304.523	 +0.0241	 -3.2297
1779640130.648	 +100.0	 +10.0	 +5.0000	 -0.0000	      +inf	 -0.0030	 -1656.260	 +0.0224	 -3.2333
1779640130.748	 +100.0	 +10.0	 +5.0000	 -0.0000	      +inf	 -0.0041	 -1229.435	 +0.0260	 -3.2336
1779640130.848	 +100.0	 +10.0	 +5.0000	 -0.0000	      +inf	 +0.0026	 +1924.037	 +0.0259	 -3.2685
1779640130.947	 +100.0	 +10.0	 +5.0000	 -0.0000	      +inf	 +0.0039	 +1298.112	 +0.0276	 -3.2651
1779640131.047	 +100.0	 +10.0	 +5.0000	 -0.0000	      +inf	 +0.0042	 +1189.023	 +0.0285	 -3.2653
1779640131.147	 +100.0	 +10.0	 +5.0000	 -0.0000	      +inf	 -0.0040	 -1260.774	 +0.0249	 -3.2265
1779640131.247	 +100.0	 +10.0	 +5.0000	 -0.0000	      +inf	 +0.0040	 +1249.134	 +0.0190	 -3.2554
1779640131.348	 +100.0	 +10.0	 +5.0000	 -0.0000	      +inf	 -0.0035	 -1431.646	 +0.0148	 -3.2199
1779640131.448	 +100.0	 +10.0	 +5.0000	 -0.0000	      +inf	 +0.0036	 +1398.907	 +0.0263	 -3.2636
1779640131.548	 +100.0	 +10.0	 +5.0000	 -0.0000	      +inf	 -0.0031	 -1600.938	 +0.0224	 -3.2315
1779640131.648	 +100.0	 +10.0	 +5.0000	 -0.0000	      +inf	 +0.0025	 +1974.621	 +0.0332	 -3.2583
1779640131.748	 +100.0	 +10.0	 +5.0000	 -0.0000	      +inf	 +0.0027	 +1874.582	 +0.0347	 -3.2571
1779640131.847	 +100.0	 +10.0	 +5.0000	 -0.0000	      +inf	 -0.0036	 -1389.589	 +0.0174	 -3.2294
1779640131.947	 +100.0	 +10.0	 +5.0000	 -0.0000	      +inf	 -0.0037	 -1359.622	 +0.0265	 -3.2198
1779640132.047	 +100.0	 +10.0	 +5.0000	 -0.0000	      +inf	 -0.0040	 -1260.014	 +0.0266	 -3.2195
1779640132.148	 +100.0	 +10.0	 +5.0000	 -0.0000	      +inf	 +0.0032	 +1549.679	 +0.0273	 -3.2552
1779640132.247	 +100.0	 +10.0	 +5.0000	 -0.0000	      +inf	 -0.0038	 -1303.123	 +0.0199	 -3.2218
1779640132.347	 +100.0	 +10.0	 +5.0000	 -0.0000	      +inf	 -0.0026	 -1936.219	 +0.0189	 -3.2203
1779640132.448	 +100.0	 +10.0	 +5.0000	 -0.0000	      +inf	 +0.0036	 +1405.431	 +0.0172	 -3.2591
1779640132.548	 +100.0	 +10.0	 +5.0000	 -0.0000	      +inf	 +0.0033	 +1533.501	 +0.0310	 -3.2508
1779640132.648	 +100.0	 +10.0	 +5.0000	 -0.0000	      +inf	 -0.0032	 -1547.448	 +0.0223	 -3.2208
1779640132.748	 +100.0	 +10.0	 +5.0000	 -0.0000	      +inf	 +0.0045	 +1099.558	 +0.0324	 -3.2757
1779640132.848	 +100.0	 +10.0	 +5.0000	 -0.0000	      +inf	 +0.0040	 +1234.607	 +0.0516	 -3.2797
1779640132.948	 +100.0	 +10.0	 +5.0000	 -0.0000	      +inf	 +0.0035	 +1440.981	 +0.0811	 -3.2752
1779640133.047	 +100.0	 +10.0	 +5.0000	 -0.0000	      +inf	 -0.0033	 -1495.802	 +0.0856	 -3.2549
1779640133.148	 +100.0	 +10.0	 +5.0000	 -0.0000	      +inf	 -0.0028	 -1797.164	 +0.0766	 -3.2499
1779640133.248	 +100.0	 +10.0	 +5.0000	 -0.0000	      +inf	 -0.0029	 -1712.191	 +0.0548	 -3.2431
1779640133.348	 +100.0	 +10.0	 +5.0000	 -0.0000	      +inf	 -0.0024	 -2076.033	 +0.0206	 -3.2558
1779640133.448	 +100.0	 +10.0	 +5.0000	 -0.0000	      +inf	 -0.0036	 -1387.061	 -0.0023	 -3.2603
1779640133.548	 +100.0	 +10.0	 +5.0000	 -0.0000	      +inf	 +0.0039	 +1272.685	 -0.0257	 -3.2941
1779640133.648	 +100.0	 +10.0	 +5.0000	 -0.0000	      +inf	 -0.0030	 -1685.631	 -0.0208	 -3.2630
1779640133.748	 +100.0	 +10.0	 +5.0000	 -0.0000	      +inf	 -0.0021	 -2353.468	 -0.0145	 -3.2598
1779640133.848	 +100.0	 +10.0	 +5.0000	 -0.0000	      +inf	 -0.0041	 -1208.915	 +0.0023	 -3.2515
1779640133.947	 +100.0	 +10.0	 +5.0000	 -0.0000	      +inf	 +0.0042	 +1188.184	 +0.0182	 -3.2632
1779640134.048	 +100.0	 +10.0	 +5.0000	 -0.0000	      +inf	 -0.0029	 -1750.267	 +0.0235	 -3.2390
1779640134.148	 +100.0	 +10.0	 +5.0000	 -0.0000	      +inf	 +0.0032	 +1557.694	 +0.0196	 -3.2545
1779640134.247	 +100.0	 +10.0	 +5.0000	 -0.0000	      +inf	 +0.0040	 +1238.437	 +0.0158	 -3.2636
1779640134.348	 +100.0	 +10.0	 +5.0000	 -0.0000	      +inf	 -0.0038	 -1302.270	 +0.0317	 -3.2209
1779640134.448	 +100.0	 +10.0	 +5.0000	 -0.0000	      +inf	 +0.0025	 +2007.734	 +0.0277	 -3.2510
1779640134.547	 +100.0	 +10.0	 +5.0000	 -0.0000	      +inf	 -0.0035	 -1411.620	 +0.0208	 -3.2254
1779640134.648	 +100.0	 +10.0	 +5.0000	 -0.0000	      +inf	 -0.0032	 -1571.276	 +0.0262	 -3.2325
1779640134.748	 +100.0	 +10.0	 +5.0000	 -0.0000	      +inf	 +0.0029	 +1753.221	 +0.0180	 -3.2507
1779640134.848	 +100.0	 +10.0	 +5.0000	 -0.0000	      +inf	 -0.0039	 -1282.611	 +0.0233	 -3.2165
1779640134.947	 +100.0	 +10.0	 +5.0000	 -0.0000	      +inf	 -0.0026	 -1933.999	 +0.0203	 -3.2248
1779640135.048	 +100.0	 +10.0	 +5.0000	 -0.0000	      +inf	 +0.0035	 +1422.047	 +0.0298	 -3.2543
1779640135.148	 +100.0	 +10.0	 +5.0000	 -0.0000	      +inf	 -0.0036	 -1393.334	 +0.0318	 -3.2264
1779640135.248	 +100.0	 +10.0	 +5.0000	 -0.0000	      +inf	 +0.0034	 +1492.159	 +0.0199	 -3.2653
1779640135.348	 +100.0	 +10.0	 +5.0000	 -0.0000	      +inf	 -0.0039	 -1290.026	 +0.0287	 -3.2170
1779640135.448	 +100.0	 +10.0	 +5.0000	 -0.0000	      +inf	 +0.0036	 +1377.318	 +0.0298	 -3.2697
1779640135.548	 +100.0	 +10.0	 +5.0000	 -0.0000	      +inf	 -0.0027	 -1848.208	 +0.0194	 -3.2169
1779640135.648	 +100.0	 +10.0	 +5.0000	 -0.0000	      +inf	 +0.0037	 +1341.744	 +0.0158	 -3.2659
1779640135.747	 +100.0	 +10.0	 +5.0000	 -0.0000	      +inf	 +0.0042	 +1189.252	 +0.0259	 -3.2574
1779640135.848	 +100.0	 +10.0	 +5.0000	 -0.0000	      +inf	 -0.0040	 -1258.703	 +0.0157	 -3.2282
1779640135.948	 +100.0	 +10.0	 +5.0000	 -0.0000	      +inf	 -0.0035	 -1442.501	 +0.0255	 -3.2240
1779640136.048	 +100.0	 +10.0	 +5.0000	 -0.0000	      +inf	 +0.0031	 +1604.592	 +0.0247	 -3.2621
1779640136.147	 +100.0	 +10.0	 +5.0000	 -0.0000	      +inf	 +0.0043	 +1173.547	 +0.0347	 -3.2513
1779640136.247	 +100.0	 +10.0	 +5.0000	 -0.0000	      +inf	 -0.0029	 -1737.980	 +0.0299	 -3.2252
1779640136.348	 +100.0	 +10.0	 +5.0000	 -0.0000	      +inf	 -0.0034	 -1465.647	 +0.0283	 -3.2174
1779640136.448	 +100.0	 +10.0	 +5.0000	 -0.0000	      +inf	 +0.0039	 +1289.845	 +0.0221	 -3.2586
1779640136.548	 +100.0	 +10.0	 +5.0000	 -0.0000	      +inf	 +0.0033	 +1505.892	 +0.0337	 -3.2536
1779640136.648	 +100.0	 +10.0	 +5.0000	 -0.0000	      +inf	 -0.0043	 -1162.427	 +0.0277	 -3.2305
1779640136.748	 +100.0	 +10.0	 +5.0000	 -0.0000	      +inf	 -0.0026	 -1935.932	 +0.0344	 -3.2260
1779640136.848	 +100.0	 +10.0	 +5.0000	 -0.0000	      +inf	 -0.0043	 -1165.304	 +0.0231	 -3.2354
1779640136.947	 +100.0	 +10.0	 +5.0000	 -0.0000	      +inf	 +0.0024	 +2127.069	 +0.0305	 -3.2602
1779640137.048	 +100.0	 +10.0	 +5.0000	 -0.0000	      +inf	 -0.0034	 -1467.847	 +0.0330	 -3.2240
1779640137.148	 +100.0	 +10.0	 +5.0000	 -0.0000	      +inf	 +0.0027	 +1849.050	 +0.0338	 -3.2673
1779640137.247	 +100.0	 +10.0	 +5.0000	 -0.0000	      +inf	 -0.0045	 -1113.335	 +0.0259	 -3.2210
1779640137.347	 +100.0	 +10.0	 +5.0000	 -0.0000	      +inf	 -0.0035	 -1422.483	 +0.0252	 -3.2327
1779640137.448	 +100.0	 +10.0	 +5.0000	 -0.0000	      +inf	 -0.0027	 -1865.953	 +0.0190	 -3.2311
1779640137.548	 +100.0	 +10.0	 +5.0000	 -0.0000	      +inf	 -0.0041	 -1226.829	 +0.0213	 -3.2221
1779640137.648	 +100.0	 +10.0	 +5.0000	 -0.0000	      +inf	 -0.0031	 -1606.355	 +0.0189	 -3.2216
1779640137.748	 +100.0	 +10.0	 +5.0000	 -0.0000	      +inf	 +0.0026	 +1952.066	 +0.0283	 -3.2503
1779640137.848	 +100.0	 +10.0	 +5.0000	 -0.0000	      +inf	 -0.0044	 -1135.762	 +0.0337	 -3.2251
1779640137.947	 +100.0	 +10.0	 +5.0000	 -0.0000	      +inf	 +0.0026	 +1897.335	 +0.0280	 -3.2559
1779640138.048	 +100.0	 +10.0	 +5.0000	 -0.0000	      +inf	 -0.0030	 -1673.860	 +0.0263	 -3.2171
1779640138.148	 +100.0	 +10.0	 +5.0000	 -0.0000	      +inf	 -0.0043	 -1159.053	 +0.0256	 -3.2313
1779640138.247	 +100.0	 +10.0	 +5.0000	 -0.0000	      +inf	 +0.0035	 +1448.759	 +0.0179	 -3.2504
1779640138.347	 +100.0	 +10.0	 +5.0000	 -0.0000	      +inf	 +0.0037	 +1339.928	 +0.0259	 -3.2614
1779640138.448	 +100.0	 +10.0	 +5.0000	 -0.0000	      +inf	 -0.0025	 -1982.949	 +0.0152	 -3.2315
1779640138.548	 +100.0	 +10.0	 +5.0000	 -0.0000	      +inf	 +0.0023	 +2148.926	 +0.0201	 -3.2611
1779640138.648	 +100.0	 +10.0	 +5.0000	 -0.0000	      +inf	 -0.0030	 -1645.540	 +0.0200	 -3.2246
1779640138.747	 +100.0	 +10.0	 +5.0000	 -0.0000	      +inf	 +0.0026	 +1940.462	 +0.0207	 -3.2609
1779640138.848	 +100.0	 +10.0	 +5.0000	 -0.0000	      +inf	 -0.0034	 -1466.597	 +0.0280	 -3.2260
1779640138.947	 +100.0	 +10.0	 +5.0000	 -0.0000	      +inf	 +0.0036	 +1386.468	 +0.0261	 -3.2642
1779640139.048	 +100.0	 +10.0	 +5.0000	 -0.0000	      +inf	 +0.0040	 +1248.567	 +0.0337	 -3.2641
1779640139.148	 +100.0	 +10.0	 +5.0000	 -0.0000	      +inf	 +0.0040	 +1240.537	 +0.0222	 -3.2695
1779640139.248	 +100.0	 +10.0	 +5.0000	 -0.0000	      +inf	 +0.0037	 +1354.878	 +0.0273	 -3.2624
1779640139.347	 +100.0	 +10.0	 +5.0000	 -0.0000	      +inf	 -0.0041	 -1207.743	 +0.0214	 -3.2211
1779640139.448	 +100.0	 +10.0	 +5.0000	 -0.0000	      +inf	 -0.0038	 -1308.134	 +0.0150	 -3.2269
1779640139.548	 +100.0	 +10.0	 +5.0000	 -0.0000	      +inf	 +0.0031	 +1590.597	 +0.0269	 -3.2569
1779640139.648	 +100.0	 +10.0	 +5.0000	 -0.0000	      +inf	 +0.0036	 +1401.965	 +0.0271	 -3.2503
1779640139.748	 +100.0	 +10.0	 +5.0000	 -0.0000	      +inf	 +0.0039	 +1292.040	 +0.0324	 -3.2588
1779640139.848	 +100.0	 +10.0	 +5.0000	 -0.0000	      +inf	 -0.0034	 -1484.658	 +0.0292	 -3.2287
1779640139.947	 +100.0	 +10.0	 +5.0000	 -0.0000	      +inf	 +0.0039	 +1266.189	 +0.0162	 -3.2597
1779640140.048	 +100.0	 +10.0	 +5.0000	 -0.0000	      +inf	 +0.0039	 +1280.853	 +0.0159	 -3.2545
1779640140.147	 +100.0	 +10.0	 +5.0000	 -0.0000	      +inf	 -0.0032	 -1571.050	 +0.0260	 -3.2209
1779640140.247	 +100.0	 +10.0	 +5.0000	 -0.0000	      +inf	 -0.0039	 -1279.650	 +0.0234	 -3.2261
1779640140.347	 +100.0	 +10.0	 +5.0000	 -0.0000	      +inf	 -0.0026	 -1891.886	 +0.0192	 -3.2253
1779640140.448	 +100.0	 +10.0	 +5.0000	 -0.0000	      +inf	 +0.0039	 +1291.219	 +0.0226	 -3.2535
1779640140.548	 +100.0	 +10.0	 +5.0000	 -0.0000	      +inf	 -0.0034	 -1489.098	 +0.0265	 -3.2192
1779640140.648	 +100.0	 +10.0	 +5.0000	 -0.0000	      +inf	 +0.0033	 +1532.894	 +0.0170	 -3.2528
1779640140.748	 +100.0	 +10.0	 +5.0000	 -0.0000	      +inf	 -0.0042	 -1196.789	 +0.0203	 -3.2227
1779640140.848	 +100.0	 +10.0	 +5.0000	 -0.0000	      +inf	 -0.0045	 -1118.270	 +0.0290	 -3.2311
1779640140.947	 +100.0	 +10.0	 +5.0000	 -0.0000	      +inf	 -0.0033	 -1493.391	 +0.0250	 -3.2221
1779640141.048	 +100.0	 +10.0	 +5.0000	 -0.0000	      +inf	 +0.0040	 +1263.005	 +0.0298	 -3.2595
1779640141.148	 +100.0	 +10.0	 +5.0000	 -0.0000	      +inf	 -0.0027	 -1825.396	 +0.0283	 -3.2308
1779640141.248	 +100.0	 +10.0	 +5.0000	 -0.0000	      +inf	 +0.0027	 +1872.998	 +0.0230	 -3.2629
1779640141.347	 +100.0	 +10.0	 +5.0000	 -0.0000	      +inf	 -0.0035	 -1410.615	 +0.0181	 -3.2272
1779640141.448	 +100.0	 +10.0	 +5.0000	 -0.0000	      +inf	 +0.0024	 +2043.593	 +0.0194	 -3.2532
1779640141.548	 +100.0	 +10.0	 +5.0000	 -0.0000	      +inf	 -0.0040	 -1265.101	 +0.0275	 -3.2230
1779640141.648	 +100.0	 +10.0	 +5.0000	 -0.0000	      +inf	 +0.0029	 +1729.708	 +0.0223	 -3.2541
1779640141.748	 +100.0	 +10.0	 +5.0000	 -0.0000	      +inf	 -0.0006	      +inf	 +0.0310	 -3.2472
1779640141.848	 +100.0	 +10.0	 +5.0000	 -0.0000	      +inf	 +0.0044	 +1124.012	 +0.0591	 -3.2876
1779640141.948	 +100.0	 +10.0	 +5.0000	 -0.0000	      +inf	 -0.0011	 -4353.233	 +0.0748	 -3.2602
1779640142.047	 +100.0	 +10.0	 +5.0000	 -0.0000	      +inf	 +0.0037	 +1333.497	 +0.0890	 -3.2789
1779640142.147	 +100.0	 +10.0	 +5.0000	 -0.0000	      +inf	 -0.0018	 -2856.004	 +0.0649	 -3.2588
1779640142.248	 +100.0	 +10.0	 +5.0000	 -0.0000	      +inf	 +0.0042	 +1190.625	 +0.0564	 -3.2896
1779640142.348	 +100.0	 +10.0	 +5.0000	 -0.0000	      +inf	 -0.0020	 -2474.369	 +0.0185	 -3.2663
1779640142.448	 +100.0	 +10.0	 +5.0000	 -0.0000	      +inf	 +0.0041	 +1225.952	 +0.0017	 -3.2855
1779640142.548	 +100.0	 +10.0	 +5.0000	 -0.0000	      +inf	 -0.0025	 -2005.027	 -0.0301	 -3.2602
1779640142.647	 +100.0	 +10.0	 +5.0000	 -0.0000	      +inf	 +0.0034	 +1463.099	 -0.0303	 -3.2869
1779640142.748	 +100.0	 +10.0	 +5.0000	 -0.0000	      +inf	 -0.0025	 -1994.197	 -0.0045	 -3.2621
1779640142.848	 +100.0	 +10.0	 +5.0000	 -0.0000	      +inf	 +0.0038	 +1317.814	 +0.0055	 -3.2721
1779640142.947	 +100.0	 +10.0	 +5.0000	 -0.0000	      +inf	 -0.0036	 -1375.390	 +0.0160	 -3.2455
1779640143.048	 +100.0	 +10.0	 +5.0000	 -0.0000	      +inf	 -0.0039	 -1273.464	 +0.0267	 -3.2396
1779640143.148	 +100.0	 +10.0	 +5.0000	 -0.0000	      +inf	 +0.0040	 +1252.761	 +0.0139	 -3.2641
1779640143.248	 +100.0	 +10.0	 +5.0000	 -0.0000	      +inf	 -0.0034	 -1458.095	 +0.0302	 -3.2162
1779640143.347	 +100.0	 +10.0	 +5.0000	 -0.0000	      +inf	 -0.0040	 -1250.374	 +0.0228	 -3.2305
1779640143.447	 +100.0	 +10.0	 +5.0000	 -0.0000	      +inf	 -0.0038	 -1306.346	 +0.0345	 -3.2228
1779640143.548	 +100.0	 +10.0	 +5.0000	 -0.0000	      +inf	 +0.0029	 +1752.936	 +0.0178	 -3.2575
1779640143.648	 +100.0	 +10.0	 +5.0000	 -0.0000	      +inf	 +0.0034	 +1485.167	 +0.0173	 -3.2622
1779640143.748	 +100.0	 +10.0	 +5.0000	 -0.0000	      +inf	 -0.0044	 -1139.358	 +0.0207	 -3.2285
1779640143.848	 +100.0	 +10.0	 +5.0000	 -0.0000	      +inf	 -0.0034	 -1450.913	 +0.0167	 -3.2249
1779640143.948	 +100.0	 +10.0	 +5.0000	 -0.0000	      +inf	 +0.0036	 +1397.547	 +0.0260	 -3.2516
1779640144.047	 +100.0	 +10.0	 +5.0000	 -0.0000	      +inf	 -0.0032	 -1559.991	 +0.0167	 -3.2346
1779640144.148	 +100.0	 +10.0	 +5.0000	 -0.0000	      +inf	 -0.0035	 -1438.917	 +0.0193	 -3.2210
1779640144.248	 +100.0	 +10.0	 +5.0000	 -0.0000	      +inf	 -0.0043	 -1160.922	 +0.0267	 -3.2262
1779640144.347	 +100.0	 +10.0	 +5.0000	 -0.0000	      +inf	 +0.0030	 +1647.217	 +0.0304	 -3.2509
1779640144.447	 +100.0	 +10.0	 +5.0000	 -0.0000	      +inf	 +0.0028	 +1811.057	 +0.0259	 -3.2549
1779640148.169	 +100.0	 +10.0	 +5.0000	 -0.0000	      +inf	 -0.0044	 -1139.438	 +0.0324	 -3.2214
1779640148.247	 +100.0	 +10.0	 +5.0000	 -0.0000	      +inf	 -0.0045	 -1123.491	 +0.0193	 -3.2267
1779640148.348	 +100.0	 +10.0	 +5.0000	 -0.0000	      +inf	 +0.0035	 +1430.214	 +0.0240	 -3.2698
1779640148.448	 +100.0	 +10.0	 +5.0000	 -0.0000	      +inf	 -0.0030	 -1641.976	 +0.0340	 -3.2229
1779640148.548	 +100.0	 +10.0	 +5.0000	 -0.0000	      +inf	 +0.0035	 +1429.580	 +0.0298	 -3.2650
1779640148.647	 +100.0	 +10.0	 +5.0000	 -0.0000	      +inf	 -0.0026	 -1950.225	 +0.0293	 -3.2250
1779640148.748	 +100.0	 +10.0	 +5.0000	 -0.0000	      +inf	 +0.0027	 +1823.632	 +0.0250	 -3.2611
1779640148.848	 +100.0	 +10.0	 +5.0000	 -0.0000	      +inf	 -0.0036	 -1378.541	 +0.0210	 -3.2171
1779640148.948	 +100.0	 +10.0	 +5.0000	 -0.0000	      +inf	 -0.0027	 -1827.120	 +0.0260	 -3.2196
1779640149.047	 +100.0	 +10.0	 +5.0000	 -0.0000	      +inf	 +0.0030	 +1655.948	 +0.0326	 -3.2595
1779640149.147	 +100.0	 +10.0	 +5.0000	 -0.0000	      +inf	 -0.0041	 -1211.414	 +0.0231	 -3.2190
1779640149.248	 +100.0	 +10.0	 +5.0000	 -0.0000	      +inf	 +0.0042	 +1190.998	 +0.0308	 -3.2684
1779640149.348	 +100.0	 +10.0	 +5.0000	 -0.0000	      +inf	 +0.0042	 +1188.510	 +0.0330	 -3.2685
1779640149.448	 +100.0	 +10.0	 +5.0000	 -0.0000	      +inf	 +0.0033	 +1502.287	 +0.0301	 -3.2511
1779640149.548	 +100.0	 +10.0	 +5.0000	 -0.0000	      +inf	 -0.0040	 -1264.878	 +0.0223	 -3.2253
1779640149.648	 +100.0	 +10.0	 +5.0000	 -0.0000	      +inf	 +0.0031	 +1599.277	 +0.0155	 -3.2527
1779640149.747	 +100.0	 +10.0	 +5.0000	 -0.0000	      +inf	 -0.0034	 -1491.323	 +0.0329	 -3.2357
1779640149.847	 +100.0	 +10.0	 +5.0000	 -0.0000	      +inf	 +0.0028	 +1776.852	 +0.0192	 -3.2521
1779640149.948	 +100.0	 +10.0	 +5.0000	 -0.0000	      +inf	 -0.0032	 -1548.075	 +0.0162	 -3.2262
1779640150.048	 +100.0	 +10.0	 +5.0000	 -0.0000	      +inf	 +0.0040	 +1265.258	 +0.0263	 -3.2602
1779640150.147	 +100.0	 +10.0	 +5.0000	 -0.0000	      +inf	 +0.0036	 +1388.340	 +0.0345	 -3.2515
1779640150.248	 +100.0	 +10.0	 +5.0000	 -0.0000	      +inf	 +0.0040	 +1245.689	 +0.0345	 -3.2654
1779640150.348	 +100.0	 +10.0	 +5.0000	 -0.0000	      +inf	 -0.0043	 -1152.039	 +0.0177	 -3.2353
1779640150.448	 +100.0	 +10.0	 +5.0000	 -0.0000	      +inf	 +0.0024	 +2126.259	 +0.0210	 -3.2585
1779640150.548	 +100.0	 +10.0	 +5.0000	 -0.0000	      +inf	 -0.0032	 -1549.688	 +0.0343	 -3.2277
1779640150.648	 +100.0	 +10.0	 +5.0000	 -0.0000	      +inf	 +0.0038	 +1316.061	 +0.0347	 -3.2578
1779640150.748	 +100.0	 +10.0	 +5.0000	 -0.0000	      +inf	 +0.0035	 +1428.941	 +0.0248	 -3.2692
1779640150.847	 +100.0	 +10.0	 +5.0000	 -0.0000	      +inf	 -0.0035	 -1439.780	 +0.0219	 -3.2193
1779640150.948	 +100.0	 +10.0	 +5.0000	 -0.0000	      +inf	 +0.0026	 +1939.554	 +0.0201	 -3.2654
1779640151.048	 +100.0	 +10.0	 +5.0000	 -0.0000	      +inf	 +0.0027	 +1854.467	 +0.0255	 -3.2501
1779640151.147	 +100.0	 +10.0	 +5.0000	 -0.0000	      +inf	 -0.0026	 -1948.820	 +0.0249	 -3.2254
1779640151.248	 +100.0	 +10.0	 +5.0000	 -0.0000	      +inf	 -0.0038	 -1298.704	 +0.0186	 -3.2233
1779640151.348	 +100.0	 +10.0	 +5.0000	 -0.0000	      +inf	 +0.0036	 +1394.974	 +0.0285	 -3.2684
1779640151.448	 +100.0	 +10.0	 +5.0000	 -0.0000	      +inf	 -0.0042	 -1198.150	 +0.0166	 -3.2221
1779640151.548	 +100.0	 +10.0	 +5.0000	 -0.0000	      +inf	 +0.0042	 +1196.367	 +0.0188	 -3.2645
1779640151.647	 +100.0	 +10.0	 +5.0000	 -0.0000	      +inf	 -0.0043	 -1169.861	 +0.0162	 -3.2338
1779640151.748	 +100.0	 +10.0	 +5.0000	 -0.0000	      +inf	 -0.0030	 -1643.879	 +0.0172	 -3.2245
1779640151.848	 +100.0	 +10.0	 +5.0000	 -0.0000	      +inf	 -0.0036	 -1384.971	 +0.0214	 -3.2301
1779640151.948	 +100.0	 +10.0	 +5.0000	 -0.0000	      +inf	 -0.0026	 -1908.897	 +0.0272	 -3.2301
1779640152.048	 +100.0	 +10.0	 +5.0000	 -0.0000	      +inf	 -0.0028	 -1804.728	 +0.0291	 -3.2172
1779640152.147	 +100.0	 +10.0	 +5.0000	 -0.0000	      +inf	 -0.0040	 -1263.068	 +0.0217	 -3.2350
1779640152.247	 +100.0	 +10.0	 +5.0000	 -0.0000	      +inf	 -0.0032	 -1567.167	 +0.0164	 -3.2341
1779640152.348	 +100.0	 +10.0	 +5.0000	 -0.0000	      +inf	 -0.0035	 -1437.205	 +0.0296	 -3.2294
1779640152.448	 +100.0	 +10.0	 +5.0000	 -0.0000	      +inf	 +0.0023	 +2130.517	 +0.0280	 -3.2623
1779640152.548	 +100.0	 +10.0	 +5.0000	 -0.0000	      +inf	 -0.0031	 -1636.519	 +0.0181	 -3.2283
1779640152.648	 +100.0	 +10.0	 +5.0000	 -0.0000	      +inf	 -0.0040	 -1240.409	 +0.0204	 -3.2297
1779640152.748	 +100.0	 +10.0	 +5.0000	 -0.0000	      +inf	 +0.0032	 +1583.007	 +0.0320	 -3.2643
1779640152.848	 +100.0	 +10.0	 +5.0000	 -0.0000	      +inf	 +0.0030	 +1652.196	 +0.0303	 -3.2561
1779640152.948	 +100.0	 +10.0	 +5.0000	 -0.0000	      +inf	 -0.0043	 -1167.597	 +0.0180	 -3.2253
1779640153.047	 +100.0	 +10.0	 +5.0000	 -0.0000	      +inf	 +0.0038	 +1300.320	 +0.0295	 -3.2587
1779640153.147	 +100.0	 +10.0	 +5.0000	 -0.0000	      +inf	 +0.0043	 +1164.593	 +0.0264	 -3.2676
1779640153.248	 +100.0	 +10.0	 +5.0000	 -0.0000	      +inf	 +0.0037	 +1340.998	 +0.0318	 -3.2672
1779640153.348	 +100.0	 +10.0	 +5.0000	 -0.0000	      +inf	 +0.0029	 +1749.687	 +0.0236	 -3.2577
1779640153.448	 +100.0	 +10.0	 +5.0000	 -0.0000	      +inf	 -0.0032	 -1574.747	 +0.0263	 -3.2280
1779640153.548	 +100.0	 +10.0	 +5.0000	 -0.0000	      +inf	 +0.0031	 +1600.248	 +0.0311	 -3.2685
1779640153.648	 +100.0	 +10.0	 +5.0000	 -0.0000	      +inf	 -0.0043	 -1151.402	 +0.0200	 -3.2292
1779640153.748	 +100.0	 +10.0	 +5.0000	 -0.0000	      +inf	 +0.0031	 +1593.888	 +0.0205	 -3.2697
1779640153.848	 +100.0	 +10.0	 +5.0000	 -0.0000	      +inf	 +0.0039	 +1289.002	 +0.0235	 -3.2605
1779640153.948	 +100.0	 +10.0	 +5.0000	 -0.0000	      +inf	 -0.0037	 -1362.970	 +0.0178	 -3.2164
1779640154.047	 +100.0	 +10.0	 +5.0000	 -0.0000	      +inf	 +0.0036	 +1400.578	 +0.0336	 -3.2605
1779640154.148	 +100.0	 +10.0	 +5.0000	 -0.0000	      +inf	 -0.0032	 -1557.796	 +0.0260	 -3.2165
1779640154.247	 +100.0	 +10.0	 +5.0000	 -0.0000	      +inf	 -0.0035	 -1410.757	 +0.0199	 -3.2191
1779640154.348	 +100.0	 +10.0	 +5.0000	 -0.0000	      +inf	 -0.0010	      +inf	 +0.0259	 -3.2319
1779640154.448	 +100.0	 +10.0	 +5.0000	 -0.0000	      +inf	 -0.0025	 -1994.658	 +0.0545	 -3.2499
1779640154.548	 +100.0	 +10.0	 +5.0000	 -0.0000	      +inf	 -0.0028	 -1794.544	 +0.0775	 -3.2554
1779640154.648	 +100.0	 +10.0	 +5.0000	 -0.0000	      +inf	 -0.0024	 -2096.294	 +0.0866	 -3.2566
1779640154.747	 +100.0	 +10.0	 +5.0000	 -0.0000	      +inf	 +0.0027	 +1849.011	 +0.0669	 -3.2747
1779640154.847	 +100.0	 +10.0	 +5.0000	 -0.0000	      +inf	 -0.0015	 -3239.615	 +0.0685	 -3.2571
1779640154.947	 +100.0	 +10.0	 +5.0000	 -0.0000	      +inf	 -0.0061	  -816.417	 +0.0313	 -3.2355
1779640155.047	 +100.0	 +10.0	 +5.0000	 -0.0000	      +inf	 -0.0059	  -841.888	 +0.0024	 -3.2349
1779640155.148	 +100.0	 +10.0	 +5.0000	 -0.0000	      +inf	 +0.0046	 +1098.528	 -0.0157	 -3.2996
1779640155.248	 +100.0	 +10.0	 +5.0000	 -0.0000	      +inf	 +0.0047	 +1059.345	 -0.0185	 -3.2911
1779640155.348	 +100.0	 +10.0	 +5.0000	 -0.0000	      +inf	 -0.0026	 -1933.883	 -0.0203	 -3.2548
1779640155.448	 +100.0	 +10.0	 +5.0000	 -0.0000	      +inf	 +0.0036	 +1390.100	 -0.0045	 -3.2725
1779640155.548	 +100.0	 +10.0	 +5.0000	 -0.0000	      +inf	 -0.0036	 -1403.485	 +0.0097	 -3.2351
1779640155.648	 +100.0	 +10.0	 +5.0000	 -0.0000	      +inf	 +0.0034	 +1479.409	 +0.0132	 -3.2753
1779640155.748	 +100.0	 +10.0	 +5.0000	 -0.0000	      +inf	 -0.0033	 -1532.199	 +0.0290	 -3.2368
1779640155.847	 +100.0	 +10.0	 +5.0000	 -0.0000	      +inf	 -0.0030	 -1666.332	 +0.0277	 -3.2250
1779640155.948	 +100.0	 +10.0	 +5.0000	 -0.0000	      +inf	 -0.0026	 -1956.608	 +0.0182	 -3.2162
1779640156.047	 +100.0	 +10.0	 +5.0000	 -0.0000	      +inf	 -0.0037	 -1338.281	 +0.0343	 -3.2244
1779640156.148	 +100.0	 +10.0	 +5.0000	 -0.0000	      +inf	 -0.0026	 -1914.110	 +0.0283	 -3.2303
1779640156.248	 +100.0	 +10.0	 +5.0000	 -0.0000	      +inf	 -0.0034	 -1464.248	 +0.0209	 -3.2327
1779640156.347	 +100.0	 +10.0	 +5.0000	 -0.0000	      +inf	 -0.0032	 -1576.098	 +0.0328	 -3.2198
1779640156.448	 +100.0	 +10.0	 +5.0000	 -0.0000	      +inf	 +0.0043	 +1171.693	 +0.0157	 -3.2643
1779640156.548	 +100.0	 +10.0	 +5.0000	 -0.0000	      +inf	 +0.0033	 +1530.947	 +0.0215	 -3.2606
1779640156.648	 +100.0	 +10.0	 +5.0000	 -0.0000	      +inf	 -0.0034	 -1470.299	 +0.0313	 -3.2171
1779640156.748	 +100.0	 +10.0	 +5.0000	 -0.0000	      +inf	 -0.0042	 -1182.178	 +0.0258	 -3.2176
1779640156.847	 +100.0	 +10.0	 +5.0000	 -0.0000	      +inf	 -0.0039	 -1276.682	 +0.0255	 -3.2281
1779640156.948	 +100.0	 +10.0	 +5.0000	 -0.0000	      +inf	 +0.0027	 +1827.587	 +0.0327	 -3.2637
1779640157.048	 +100.0	 +10.0	 +5.0000	 -0.0000	      +inf	 +0.0028	 +1756.333	 +0.0240	 -3.2548
1779640157.147	 +100.0	 +10.0	 +5.0000	 -0.0000	      +inf	 -0.0038	 -1319.922	 +0.0309	 -3.2345
1779640157.247	 +100.0	 +10.0	 +5.0000	 -0.0000	      +inf	 -0.0043	 -1156.902	 +0.0242	 -3.2304
1779640157.347	 +100.0	 +10.0	 +5.0000	 -0.0000	      +inf	 +0.0037	 +1358.541	 +0.0298	 -3.2625
1779640157.448	 +100.0	 +10.0	 +5.0000	 -0.0000	      +inf	 -0.0030	 -1670.753	 +0.0266	 -3.2257
1779640157.548	 +100.0	 +10.0	 +5.0000	 -0.0000	      +inf	 +0.0034	 +1485.263	 +0.0199	 -3.2550
1779640157.648	 +100.0	 +10.0	 +5.0000	 -0.0000	      +inf	 +0.0040	 +1244.946	 +0.0239	 -3.2605
1779640157.747	 +100.0	 +10.0	 +5.0000	 -0.0000	      +inf	 -0.0040	 -1251.813	 +0.0153	 -3.2220
1779640157.848	 +100.0	 +10.0	 +5.0000	 -0.0000	      +inf	 -0.0041	 -1225.579	 +0.0336	 -3.2336
1779640157.948	 +100.0	 +10.0	 +5.0000	 -0.0000	      +inf	 +0.0029	 +1741.882	 +0.0211	 -3.2579
1779640158.047	 +100.0	 +10.0	 +5.0000	 -0.0000	      +inf	 -0.0043	 -1154.332	 +0.0284	 -3.2276
1779640158.147	 +100.0	 +10.0	 +5.0000	 -0.0000	      +inf	 -0.0038	 -1323.723	 +0.0297	 -3.2218
1779640158.247	 +100.0	 +10.0	 +5.0000	 -0.0000	      +inf	 +0.0031	 +1620.573	 +0.0193	 -3.2679
1779640158.347	 +100.0	 +10.0	 +5.0000	 -0.0000	      +inf	 -0.0043	 -1164.389	 +0.0159	 -3.2208
1779640158.448	 +100.0	 +10.0	 +5.0000	 -0.0000	      +inf	 +0.0029	 +1750.225	 +0.0282	 -3.2651
1779640158.548	 +100.0	 +10.0	 +5.0000	 -0.0000	      +inf	 +0.0029	 +1745.403	 +0.0177	 -3.2699
1779640158.648	 +100.0	 +10.0	 +5.0000	 -0.0000	      +inf	 -0.0025	 -1963.113	 +0.0266	 -3.2231
1779640158.748	 +100.0	 +10.0	 +5.0000	 -0.0000	      +inf	 +0.0028	 +1789.546	 +0.0317	 -3.2691
1779640158.847	 +100.0	 +10.0	 +5.0000	 -0.0000	      +inf	 -0.0036	 -1395.746	 +0.0324	 -3.2182
1779640158.948	 +100.0	 +10.0	 +5.0000	 -0.0000	      +inf	 -0.0027	 -1836.446	 +0.0307	 -3.2214
1779640159.048	 +100.0	 +10.0	 +5.0000	 -0.0000	      +inf	 +0.0034	 +1461.843	 +0.0183	 -3.2612
1779640159.148	 +100.0	 +10.0	 +5.0000	 -0.0000	      +inf	 -0.0029	 -1747.574	 +0.0213	 -3.2175
1779640159.247	 +100.0	 +10.0	 +5.0000	 -0.0000	      +inf	 +0.0039	 +1295.597	 +0.0337	 -3.2623
1779640159.348	 +100.0	 +10.0	 +5.0000	 -0.0000	      +inf	 +0.0031	 +1596.697	 +0.0162	 -3.2636
1779640159.448	 +100.0	 +10.0	 +5.0000	 -0.0000	      +inf	 -0.0026	 -1937.902	 +0.0210	 -3.2188
1779640159.548	 +100.0	 +10.0	 +5.0000	 -0.0000	      +inf	 -0.0026	 -1960.469	 +0.0308	 -3.2281
1779640159.648	 +100.0	 +10.0	 +5.0000	 -0.0000	      +inf	 +0.0028	 +1772.960	 +0.0197	 -3.2625
1779640159.748	 +100.0	 +10.0	 +5.0000	 -0.0000	      +inf	 -0.0027	 -1840.597	 +0.0220	 -3.2236
1779640159.848	 +100.0	 +10.0	 +5.0000	 -0.0000	      +inf	 -0.0025	 -1990.626	 +0.0271	 -3.2229
1779640159.948	 +100.0	 +10.0	 +5.0000	 -0.0000	      +inf	 +0.0036	 +1404.443	 +0.0343	 -3.2671
1779640160.048	 +100.0	 +10.0	 +5.0000	 -0.0000	      +inf	 -0.0037	 -1343.380	 +0.0181	 -3.2331
1779640160.147	 +100.0	 +10.0	 +5.0000	 -0.0000	      +inf	 -0.0026	 -1895.211	 +0.0266	 -3.2294
1779640160.248	 +100.0	 +10.0	 +5.0000	 -0.0000	      +inf	 -0.0025	 -1976.532	 +0.0291	 -3.2250
1779640160.347	 +100.0	 +10.0	 +5.0000	 -0.0000	      +inf	 -0.0032	 -1573.330	 +0.0272	 -3.2342
1779640160.448	 +100.0	 +10.0	 +5.0000	 -0.0000	      +inf	 -0.0027	 -1873.422	 +0.0183	 -3.2237
1779640160.548	 +100.0	 +10.0	 +5.0000	 -0.0000	      +inf	 +0.0028	 +1806.423	 +0.0322	 -3.2649
1779640160.648	 +100.0	 +10.0	 +5.0000	 -0.0000	      +inf	 +0.0030	 +1653.190	 +0.0210	 -3.2609
1779640160.748	 +100.0	 +10.0	 +5.0000	 -0.0000	      +inf	 -0.0036	 -1386.204	 +0.0221	 -3.2350
1779640160.848	 +100.0	 +10.0	 +5.0000	 -0.0000	      +inf	 +0.0030	 +1663.114	 +0.0272	 -3.2658
1779640160.948	 +100.0	 +10.0	 +5.0000	 -0.0000	      +inf	 +0.0032	 +1561.449	 +0.0222	 -3.2625
1779640161.048	 +100.0	 +10.0	 +5.0000	 -0.0000	      +inf	 +0.0042	 +1192.972	 +0.0346	 -3.2532
1779640161.147	 +100.0	 +10.0	 +5.0000	 -0.0000	      +inf	 -0.0038	 -1304.365	 +0.0193	 -3.2256
1779640161.248	 +100.0	 +10.0	 +5.0000	 -0.0000	      +inf	 -0.0036	 -1391.374	 +0.0198	 -3.2186
1779640161.348	 +100.0	 +10.0	 +5.0000	 -0.0000	      +inf	 +0.0025	 +1982.619	 +0.0259	 -3.2528
1779640161.447	 +100.0	 +10.0	 +5.0000	 -0.0000	      +inf	 +0.0026	 +1905.971	 +0.0173	 -3.2616
1779640161.547	 +100.0	 +10.0	 +5.0000	 -0.0000	      +inf	 +0.0028	 +1794.269	 +0.0223	 -3.2586
1779640161.648	 +100.0	 +10.0	 +5.0000	 -0.0000	      +inf	 +0.0042	 +1176.792	 +0.0262	 -3.2646
1779640161.748	 +100.0	 +10.0	 +5.0000	 -0.0000	      +inf	 +0.0030	 +1660.513	 +0.0212	 -3.2539
1779640161.848	 +100.0	 +10.0	 +5.0000	 -0.0000	      +inf	 -0.0036	 -1376.935	 +0.0269	 -3.2209
1779640161.947	 +100.0	 +10.0	 +5.0000	 -0.0000	      +inf	 -0.0033	 -1493.239	 +0.0198	 -3.2292
1779640162.048	 +100.0	 +10.0	 +5.0000	 -0.0000	      +inf	 -0.0033	 -1523.869	 +0.0339	 -3.2177
1779640162.147	 +100.0	 +10.0	 +5.0000	 -0.0000	      +inf	 -0.0036	 -1370.584	 +0.0174	 -3.2234
1779640162.247	 +100.0	 +10.0	 +5.0000	 -0.0000	      +inf	 -0.0026	 -1924.315	 +0.0210	 -3.2293
1779640162.348	 +100.0	 +10.0	 +5.0000	 -0.0000	      +inf	 -0.0031	 -1639.342	 +0.0309	 -3.2350
1779640162.448	 +100.0	 +10.0	 +5.0000	 -0.0000	      +inf	 -0.0030	 -1674.103	 +0.0320	 -3.2355
1779640162.548	 +100.0	 +10.0	 +5.0000	 -0.0000	      +inf	 -0.0034	 -1470.825	 +0.0318	 -3.2215
1779640162.648	 +100.0	 +10.0	 +5.0000	 -0.0000	      +inf	 -0.0038	 -1329.375	 +0.0169	 -3.2203
1779640162.748	 +100.0	 +10.0	 +5.0000	 -0.0000	      +inf	 +0.0031	 +1601.884	 +0.0323	 -3.2599
1779640162.847	 +100.0	 +10.0	 +5.0000	 -0.0000	      +inf	 +0.0033	 +1528.063	 +0.0254	 -3.2551
1779640162.947	 +100.0	 +10.0	 +5.0000	 -0.0000	      +inf	 -0.0032	 -1572.278	 +0.0338	 -3.2201
1779640163.048	 +100.0	 +10.0	 +5.0000	 -0.0000	      +inf	 +0.0025	 +2005.486	 +0.0159	 -3.2681
1779640163.147	 +100.0	 +10.0	 +5.0000	 -0.0000	      +inf	 -0.0037	 -1346.027	 +0.0211	 -3.2353
1779640163.248	 +100.0	 +10.0	 +5.0000	 -0.0000	      +inf	 +0.0036	 +1408.165	 +0.0220	 -3.2646
1779640163.348	 +100.0	 +10.0	 +5.0000	 -0.0000	      +inf	 -0.0003	      +inf	 +0.0211	 -3.2449
1779640163.448	 +100.0	 +10.0	 +5.0000	 -0.0000	      +inf	 +0.0056	  +898.418	 +0.0520	 -3.2760
1779640163.548	 +100.0	 +10.0	 +5.0000	 -0.0000	      +inf	 +0.0049	 +1021.545	 +0.0682	 -3.2888
1779640163.648	 +100.0	 +10.0	 +5.0000	 -0.0000	      +inf	 +0.0044	 +1142.704	 +0.0840	 -3.2714
1779640163.748	 +100.0	 +10.0	 +5.0000	 -0.0000	      +inf	 -0.0018	 -2852.795	 +0.0726	 -3.2473
1779640163.848	 +100.0	 +10.0	 +5.0000	 -0.0000	      +inf	 -0.0017	 -2946.821	 +0.0522	 -3.2509
1779640163.947	 +100.0	 +10.0	 +5.0000	 -0.0000	      +inf	 -0.0053	  -943.340	 +0.0407	 -3.2388
1779640164.048	 +100.0	 +10.0	 +5.0000	 -0.0000	      +inf	 -0.0088	  -568.141	 +0.0114	 -3.2213
1779640164.147	 +100.0	 +10.0	 +5.0000	 -0.0000	      +inf	 +0.0044	 +1140.744	 -0.0244	 -3.3054
1779640164.248	 +100.0	 +10.0	 +5.0000	 -0.0000	      +inf	 -0.0027	 -1821.580	 -0.0143	 -3.2633
1779640164.348	 +100.0	 +10.0	 +5.0000	 -0.0000	      +inf	 -0.0027	 -1870.903	 -0.0083	 -3.2603
1779640164.448	 +100.0	 +10.0	 +5.0000	 -0.0000	      +inf	 -0.0032	 -1552.244	 -0.0055	 -3.2444
1779640164.547	 +100.0	 +10.0	 +5.0000	 -0.0000	      +inf	 +0.0028	 +1756.075	 -0.0032	 -3.2815
1779640164.648	 +100.0	 +10.0	 +5.0000	 -0.0000	      +inf	 +0.0024	 +2114.531	 +0.0142	 -3.2593
1779640164.747	 +100.0	 +10.0	 +5.0000	 -0.0000	      +inf	 +0.0039	 +1271.069	 +0.0155	 -3.2517
1779640164.848	 +100.0	 +10.0	 +5.0000	 -0.0000	      +inf	 -0.0037	 -1336.093	 +0.0214	 -3.2302
1779640164.948	 +100.0	 +10.0	 +5.0000	 -0.0000	      +inf	 +0.0040	 +1245.964	 +0.0243	 -3.2567
1779640165.048	 +100.0	 +10.0	 +5.0000	 -0.0000	      +inf	 -0.0028	 -1798.413	 +0.0261	 -3.2220
1779640165.147	 +100.0	 +10.0	 +5.0000	 -0.0000	      +inf	 +0.0033	 +1530.989	 +0.0336	 -3.2618
1779640165.248	 +100.0	 +10.0	 +5.0000	 -0.0000	      +inf	 -0.0043	 -1153.041	 +0.0322	 -3.2352
1779640165.347	 +100.0	 +10.0	 +5.0000	 -0.0000	      +inf	 +0.0040	 +1251.629	 +0.0215	 -3.2544
1779640165.447	 +100.0	 +10.0	 +5.0000	 -0.0000	      +inf	 -0.0044	 -1145.784	 +0.0173	 -3.2358
1779640165.548	 +100.0	 +10.0	 +5.0000	 -0.0000	      +inf	 +0.0031	 +1613.941	 +0.0249	 -3.2597
1779640165.648	 +100.0	 +10.0	 +5.0000	 -0.0000	      +inf	 -0.0025	 -1994.483	 +0.0285	 -3.2197
1779640165.748	 +100.0	 +10.0	 +5.0000	 -0.0000	      +inf	 +0.0038	 +1326.564	 +0.0336	 -3.2655
1779640165.847	 +100.0	 +10.0	 +5.0000	 -0.0000	      +inf	 -0.0037	 -1348.623	 +0.0190	 -3.2354
1779640165.948	 +100.0	 +10.0	 +5.0000	 -0.0000	      +inf	 -0.0044	 -1137.224	 +0.0228	 -3.2305
1779640166.048	 +100.0	 +10.0	 +5.0000	 -0.0000	      +inf	 -0.0032	 -1551.096	 +0.0149	 -3.2300
1779640166.147	 +100.0	 +10.0	 +5.0000	 -0.0000	      +inf	 -0.0042	 -1194.822	 +0.0179	 -3.2345
1779640166.248	 +100.0	 +10.0	 +5.0000	 -0.0000	      +inf	 +0.0035	 +1444.826	 +0.0320	 -3.2604
1779640166.348	 +100.0	 +10.0	 +5.0000	 -0.0000	      +inf	 -0.0042	 -1197.431	 +0.0153	 -3.2345
1779640166.448	 +100.0	 +10.0	 +5.0000	 -0.0000	      +inf	 +0.0026	 +1956.494	 +0.0256	 -3.2505
1779640166.547	 +100.0	 +10.0	 +5.0000	 -0.0000	      +inf	 +0.0030	 +1694.574	 +0.0186	 -3.2519
1779640166.647	 +100.0	 +10.0	 +5.0000	 -0.0000	      +inf	 -0.0027	 -1851.793	 +0.0239	 -3.2206
1779640166.747	 +100.0	 +10.0	 +5.0000	 -0.0000	      +inf	 -0.0026	 -1928.640	 +0.0238	 -3.2280
1779640166.848	 +100.0	 +10.0	 +5.0000	 -0.0000	      +inf	 +0.0034	 +1450.702	 +0.0284	 -3.2639
1779640166.947	 +100.0	 +10.0	 +5.0000	 -0.0000	      +inf	 +0.0027	 +1836.808	 +0.0237	 -3.2686
1779640167.048	 +100.0	 +10.0	 +5.0000	 -0.0000	      +inf	 +0.0034	 +1470.798	 +0.0202	 -3.2531
1779640167.148	 +100.0	 +10.0	 +5.0000	 -0.0000	      +inf	 -0.0043	 -1161.650	 +0.0186	 -3.2175
1779640167.247	 +100.0	 +10.0	 +5.0000	 -0.0000	      +inf	 +0.0023	 +2152.064	 +0.0249	 -3.2523
1779640167.348	 +100.0	 +10.0	 +5.0000	 -0.0000	      +inf	 -0.0035	 -1418.228	 +0.0194	 -3.2347
1779640167.448	 +100.0	 +10.0	 +5.0000	 -0.0000	      +inf	 +0.0035	 +1443.948	 +0.0291	 -3.2558
1779640167.547	 +100.0	 +10.0	 +5.0000	 -0.0000	      +inf	 -0.0036	 -1380.348	 +0.0176	 -3.2202
1779640167.648	 +100.0	 +10.0	 +5.0000	 -0.0000	      +inf	 +0.0038	 +1316.867	 +0.0226	 -3.2577
1779640167.748	 +100.0	 +10.0	 +5.0000	 -0.0000	      +inf	 -0.0037	 -1347.039	 +0.0336	 -3.2277
1779640167.848	 +100.0	 +10.0	 +5.0000	 -0.0000	      +inf	 +0.0024	 +2078.839	 +0.0219	 -3.2669
1779640167.947	 +100.0	 +10.0	 +5.0000	 -0.0000	      +inf	 +0.0027	 +1877.876	 +0.0314	 -3.2570
1779640168.048	 +100.0	 +10.0	 +5.0000	 -0.0000	      +inf	 -0.0028	 -1788.702	 +0.0239	 -3.2274
1779640168.147	 +100.0	 +10.0	 +5.0000	 -0.0000	      +inf	 +0.0033	 +1511.289	 +0.0172	 -3.2697
1779640168.248	 +100.0	 +10.0	 +5.0000	 -0.0000	      +inf	 -0.0036	 -1380.029	 +0.0260	 -3.2302
1779640168.348	 +100.0	 +10.0	 +5.0000	 -0.0000	      +inf	 +0.0028	 +1762.895	 +0.0298	 -3.2566
1779640168.448	 +100.0	 +10.0	 +5.0000	 -0.0000	      +inf	 +0.0032	 +1560.526	 +0.0262	 -3.2579
1779640168.548	 +100.0	 +10.0	 +5.0000	 -0.0000	      +inf	 -0.0030	 -1652.122	 +0.0287	 -3.2314
1779640168.648	 +100.0	 +10.0	 +5.0000	 -0.0000	      +inf	 +0.0029	 +1713.883	 +0.0291	 -3.2687
1779640168.748	 +100.0	 +10.0	 +5.0000	 -0.0000	      +inf	 -0.0038	 -1314.992	 +0.0335	 -3.2354
1779640168.848	 +100.0	 +10.0	 +5.0000	 -0.0000	      +inf	 -0.0041	 -1208.142	 +0.0241	 -3.2304
1779640168.947	 +100.0	 +10.0	 +5.0000	 -0.0000	      +inf	 -0.0041	 -1218.193	 +0.0231	 -3.2286
1779640169.047	 +100.0	 +10.0	 +5.0000	 -0.0000	      +inf	 +0.0030	 +1670.842	 +0.0193	 -3.2606
1779640169.147	 +100.0	 +10.0	 +5.0000	 -0.0000	      +inf	 -0.0032	 -1551.006	 +0.0334	 -3.2299
1779640169.248	 +100.0	 +10.0	 +5.0000	 -0.0000	      +inf	 -0.0039	 -1272.454	 +0.0194	 -3.2288
1779640169.348	 +100.0	 +10.0	 +5.0000	 -0.0000	      +inf	 +0.0023	 +2129.223	 +0.0233	 -3.2659
1779640169.448	 +100.0	 +10.0	 +5.0000	 -0.0000	      +inf	 -0.0035	 -1419.667	 +0.0221	 -3.2300
1779640169.548	 +100.0	 +10.0	 +5.0000	 -0.0000	      +inf	 +0.0041	 +1216.828	 +0.0271	 -3.2571
1779640169.648	 +100.0	 +10.0	 +5.0000	 -0.0000	      +inf	 -0.0044	 -1127.200	 +0.0181	 -3.2345
1779640169.748	 +100.0	 +10.0	 +5.0000	 -0.0000	      +inf	 +0.0027	 +1882.560	 +0.0156	 -3.2577
1779640169.848	 +100.0	 +10.0	 +5.0000	 -0.0000	      +inf	 +0.0032	 +1580.648	 +0.0237	 -3.2554
1779640169.948	 +100.0	 +10.0	 +5.0000	 -0.0000	      +inf	 +0.0043	 +1165.184	 +0.0325	 -3.2658
1779640170.048	 +100.0	 +10.0	 +5.0000	 -0.0000	      +inf	 -0.0027	 -1850.929	 +0.0178	 -3.2269
1779640170.148	 +100.0	 +10.0	 +5.0000	 -0.0000	      +inf	 +0.0027	 +1842.605	 +0.0225	 -3.2525
1779640170.248	 +100.0	 +10.0	 +5.0000	 -0.0000	      +inf	 +0.0040	 +1262.143	 +0.0277	 -3.2651
1779640170.348	 +100.0	 +10.0	 +5.0000	 -0.0000	      +inf	 +0.0040	 +1241.370	 +0.0199	 -3.2595
1779640170.448	 +100.0	 +10.0	 +5.0000	 -0.0000	      +inf	 -0.0038	 -1319.335	 +0.0305	 -3.2254
1779640170.548	 +100.0	 +10.0	 +5.0000	 -0.0000	      +inf	 +0.0031	 +1597.179	 +0.0349	 -3.2676
1779640170.648	 +100.0	 +10.0	 +5.0000	 -0.0000	      +inf	 -0.0040	 -1258.296	 +0.0319	 -3.2321
1779640170.748	 +100.0	 +10.0	 +5.0000	 -0.0000	      +inf	 +0.0032	 +1541.874	 +0.0329	 -3.2686
1779640170.848	 +100.0	 +10.0	 +5.0000	 -0.0000	      +inf	 -0.0040	 -1241.201	 +0.0338	 -3.2233
1779640170.947	 +100.0	 +10.0	 +5.0000	 -0.0000	      +inf	 +0.0041	 +1230.572	 +0.0218	 -3.2541
1779640171.048	 +100.0	 +10.0	 +5.0000	 -0.0000	      +inf	 -0.0040	 -1234.743	 +0.0295	 -3.2233
1779640171.147	 +100.0	 +10.0	 +5.0000	 -0.0000	      +inf	 +0.0031	 +1638.463	 +0.0243	 -3.2682
1779640171.247	 +100.0	 +10.0	 +5.0000	 -0.0000	      +inf	 -0.0027	 -1845.615	 +0.0259	 -3.2190
1779640171.348	 +100.0	 +10.0	 +5.0000	 -0.0000	      +inf	 -0.0028	 -1811.708	 +0.0205	 -3.2176
1779640171.448	 +100.0	 +10.0	 +5.0000	 -0.0000	      +inf	 +0.0030	 +1669.087	 +0.0251	 -3.2521
1779640171.548	 +100.0	 +10.0	 +5.0000	 -0.0000	      +inf	 -0.0040	 -1247.922	 +0.0264	 -3.2175
1779640171.648	 +100.0	 +10.0	 +5.0000	 -0.0000	      +inf	 -0.0040	 -1249.069	 +0.0222	 -3.2273
1779640171.748	 +100.0	 +10.0	 +5.0000	 -0.0000	      +inf	 +0.0036	 +1395.826	 +0.0159	 -3.2692
1779640171.847	 +100.0	 +10.0	 +5.0000	 -0.0000	      +inf	 +0.0024	 +2103.482	 +0.0246	 -3.2579
1779640171.948	 +100.0	 +10.0	 +5.0000	 -0.0000	      +inf	 -0.0033	 -1519.753	 +0.0174	 -3.2341
1779640172.048	 +100.0	 +10.0	 +5.0000	 -0.0000	      +inf	 +0.0041	 +1216.954	 +0.0337	 -3.2514
1779640172.147	 +100.0	 +10.0	 +5.0000	 -0.0000	      +inf	 -0.0032	 -1581.698	 +0.0304	 -3.2210
1779640172.247	 +100.0	 +10.0	 +5.0000	 -0.0000	      +inf	 +0.0035	 +1415.999	 +0.0260	 -3.2503
1779640172.348	 +100.0	 +10.0	 +5.0000	 -0.0000	      +inf	 +0.0006	      +inf	 +0.0259	 -3.2386
1779640172.448	 +100.0	 +10.0	 +5.0000	 -0.0000	      +inf	 -0.0007	      +inf	 +0.0549	 -3.2412
1779640172.548	 +100.0	 +10.0	 +5.0000	 -0.0000	      +inf	 -0.0023	 -2170.769	 +0.0678	 -3.2418
1779640172.648	 +100.0	 +10.0	 +5.0000	 -0.0000	      +inf	 +0.0036	 +1392.395	 +0.0866	 -3.2885
1779640172.748	 +100.0	 +10.0	 +5.0000	 -0.0000	      +inf	 -0.0036	 -1406.494	 +0.0804	 -3.2572
1779640172.848	 +100.0	 +10.0	 +5.0000	 -0.0000	      +inf	 +0.0036	 +1401.307	 +0.0697	 -3.2803
1779640172.947	 +100.0	 +10.0	 +5.0000	 -0.0000	      +inf	 -0.0044	 -1139.077	 +0.0252	 -3.2390
1779640173.048	 +100.0	 +10.0	 +5.0000	 -0.0000	      +inf	 +0.0005	      +inf	 +0.0018	 -3.2657
1779640173.147	 +100.0	 +10.0	 +5.0000	 -0.0000	      +inf	 +0.0036	 +1387.643	 -0.0173	 -3.2886
1779640173.248	 +100.0	 +10.0	 +5.0000	 -0.0000	      +inf	 +0.0030	 +1641.415	 -0.0185	 -3.2880
1779640173.348	 +100.0	 +10.0	 +5.0000	 -0.0000	      +inf	 -0.0028	 -1766.400	 -0.0210	 -3.2468
1779640173.448	 +100.0	 +10.0	 +5.0000	 -0.0000	      +inf	 +0.0027	 +1845.997	 -0.0069	 -3.2745
1779640173.548	 +100.0	 +10.0	 +5.0000	 -0.0000	      +inf	 +0.0030	 +1692.430	 +0.0099	 -3.2666
1779640173.648	 +100.0	 +10.0	 +5.0000	 -0.0000	      +inf	 +0.0040	 +1256.100	 +0.0235	 -3.2574
1779640173.747	 +100.0	 +10.0	 +5.0000	 -0.0000	      +inf	 -0.0028	 -1775.657	 +0.0130	 -3.2266
1779640173.848	 +100.0	 +10.0	 +5.0000	 -0.0000	      +inf	 +0.0025	 +1988.698	 +0.0302	 -3.2535
1779640173.948	 +100.0	 +10.0	 +5.0000	 -0.0000	      +inf	 +0.0024	 +2062.583	 +0.0200	 -3.2657
1779640174.047	 +100.0	 +10.0	 +5.0000	 -0.0000	      +inf	 +0.0037	 +1357.568	 +0.0270	 -3.2548
1779640174.148	 +100.0	 +10.0	 +5.0000	 -0.0000	      +inf	 -0.0043	 -1168.650	 +0.0191	 -3.2307
1779640174.248	 +100.0	 +10.0	 +5.0000	 -0.0000	      +inf	 -0.0030	 -1654.321	 +0.0245	 -3.2204
1779640174.348	 +100.0	 +10.0	 +5.0000	 -0.0000	      +inf	 +0.0038	 +1332.736	 +0.0317	 -3.2627
1779640174.447	 +100.0	 +10.0	 +5.0000	 -0.0000	      +inf	 +0.0035	 +1430.145	 +0.0261	 -3.2564
1779640174.548	 +100.0	 +10.0	 +5.0000	 -0.0000	      +inf	 +0.0041	 +1224.951	 +0.0314	 -3.2687
1779640174.648	 +100.0	 +10.0	 +5.0000	 -0.0000	      +inf	 -0.0026	 -1914.586	 +0.0336	 -3.2341
1779640174.747	 +100.0	 +10.0	 +5.0000	 -0.0000	      +inf	 -0.0037	 -1344.693	 +0.0318	 -3.2271
1779640174.847	 +100.0	 +10.0	 +5.0000	 -0.0000	      +inf	 -0.0033	 -1509.702	 +0.0158	 -3.2186
1779640174.947	 +100.0	 +10.0	 +5.0000	 -0.0000	      +inf	 +0.0041	 +1205.661	 +0.0187	 -3.2642
1779640175.048	 +100.0	 +10.0	 +5.0000	 -0.0000	      +inf	 -0.0042	 -1186.434	 +0.0161	 -3.2295
1779640175.147	 +100.0	 +10.0	 +5.0000	 -0.0000	      +inf	 +0.0033	 +1494.047	 +0.0155	 -3.2525
1779640175.248	 +100.0	 +10.0	 +5.0000	 -0.0000	      +inf	 +0.0032	 +1576.196	 +0.0331	 -3.2609
1779640175.348	 +100.0	 +10.0	 +5.0000	 -0.0000	      +inf	 -0.0037	 -1356.315	 +0.0168	 -3.2269
1779640175.448	 +100.0	 +10.0	 +5.0000	 -0.0000	      +inf	 -0.0041	 -1215.389	 +0.0296	 -3.2313
1779640175.548	 +100.0	 +10.0	 +5.0000	 -0.0000	      +inf	 +0.0025	 +1972.105	 +0.0338	 -3.2655
1779640175.647	 +100.0	 +10.0	 +5.0000	 -0.0000	      +inf	 -0.0035	 -1441.503	 +0.0217	 -3.2231
1779640175.748	 +100.0	 +10.0	 +5.0000	 -0.0000	      +inf	 +0.0032	 +1550.769	 +0.0151	 -3.2669
1779640175.847	 +100.0	 +10.0	 +5.0000	 -0.0000	      +inf	 -0.0041	 -1221.241	 +0.0308	 -3.2236
1779640175.948	 +100.0	 +10.0	 +5.0000	 -0.0000	      +inf	 +0.0040	 +1244.365	 +0.0296	 -3.2628
1779640176.048	 +100.0	 +10.0	 +5.0000	 -0.0000	      +inf	 -0.0045	 -1119.238	 +0.0248	 -3.2353
1779640176.147	 +100.0	 +10.0	 +5.0000	 -0.0000	      +inf	 -0.0028	 -1798.068	 +0.0200	 -3.2241
1779640176.247	 +100.0	 +10.0	 +5.0000	 -0.0000	      +inf	 +0.0026	 +1942.990	 +0.0315	 -3.2591
1779640176.347	 +100.0	 +10.0	 +5.0000	 -0.0000	      +inf	 +0.0029	 +1736.928	 +0.0290	 -3.2529
1779640176.448	 +100.0	 +10.0	 +5.0000	 -0.0000	      +inf	 +0.0033	 +1514.013	 +0.0347	 -3.2663
1779640176.548	 +100.0	 +10.0	 +5.0000	 -0.0000	      +inf	 +0.0028	 +1788.482	 +0.0201	 -3.2503
1779640176.648	 +100.0	 +10.0	 +5.0000	 -0.0000	      +inf	 +0.0031	 +1612.796	 +0.0223	 -3.2565
1779640176.748	 +100.0	 +10.0	 +5.0000	 -0.0000	      +inf	 +0.0042	 +1204.439	 +0.0178	 -3.2635
1779640176.847	 +100.0	 +10.0	 +5.0000	 -0.0000	      +inf	 +0.0035	 +1415.942	 +0.0227	 -3.2651
1779640176.948	 +100.0	 +10.0	 +5.0000	 -0.0000	      +inf	 -0.0037	 -1340.481	 +0.0217	 -3.2250
1779640177.048	 +100.0	 +10.0	 +5.0000	 -0.0000	      +inf	 +0.0041	 +1219.665	 +0.0259	 -3.2557
1779640177.148	 +100.0	 +10.0	 +5.0000	 -0.0000	      +inf	 -0.0035	 -1426.047	 +0.0162	 -3.2328
1779640177.247	 +100.0	 +10.0	 +5.0000	 -0.0000	      +inf	 +0.0030	 +1686.277	 +0.0332	 -3.2657
1779640177.348	 +100.0	 +10.0	 +5.0000	 -0.0000	      +inf	 -0.0028	 -1816.238	 +0.0202	 -3.2241
1779640177.448	 +100.0	 +10.0	 +5.0000	 -0.0000	      +inf	 +0.0023	 +2161.352	 +0.0285	 -3.2623
1779640177.548	 +100.0	 +10.0	 +5.0000	 -0.0000	      +inf	 -0.0042	 -1188.257	 +0.0318	 -3.2250
1779640177.648	 +100.0	 +10.0	 +5.0000	 -0.0000	      +inf	 +0.0026	 +1947.607	 +0.0173	 -3.2549
1779640177.748	 +100.0	 +10.0	 +5.0000	 -0.0000	      +inf	 -0.0042	 -1204.522	 +0.0325	 -3.2208
1779640177.847	 +100.0	 +10.0	 +5.0000	 -0.0000	      +inf	 +0.0032	 +1542.169	 +0.0264	 -3.2541
1779640177.948	 +100.0	 +10.0	 +5.0000	 -0.0000	      +inf	 +0.0026	 +1945.154	 +0.0346	 -3.2696
1779640178.047	 +100.0	 +10.0	 +5.0000	 -0.0000	      +inf	 +0.0025	 +1996.018	 +0.0228	 -3.2692
1779640178.147	 +100.0	 +10.0	 +5.0000	 -0.0000	      +inf	 +0.0023	 +2156.721	 +0.0305	 -3.2606
1779640178.248	 +100.0	 +10.0	 +5.0000	 -0.0000	      +inf	 -0.0035	 -1410.880	 +0.0292	 -3.2206
1779640178.348	 +100.0	 +10.0	 +5.0000	 -0.0000	      +inf	 -0.0035	 -1433.151	 +0.0153	 -3.2280
1779640178.448	 +100.0	 +10.0	 +5.0000	 -0.0000	      +inf	 -0.0036	 -1378.860	 +0.0157	 -3.2349
1779640178.548	 +100.0	 +10.0	 +5.0000	 -0.0000	      +inf	 -0.0038	 -1310.909	 +0.0230	 -3.2312
1779640178.648	 +100.0	 +10.0	 +5.0000	 -0.0000	      +inf	 -0.0042	 -1194.972	 +0.0217	 -3.2258
1779640178.747	 +100.0	 +10.0	 +5.0000	 -0.0000	      +inf	 +0.0023	 +2151.782	 +0.0264	 -3.2608
1779640178.847	 +100.0	 +10.0	 +5.0000	 -0.0000	      +inf	 -0.0026	 -1944.372	 +0.0186	 -3.2244
1779640178.948	 +100.0	 +10.0	 +5.0000	 -0.0000	      +inf	 -0.0041	 -1220.251	 +0.0243	 -3.2187
1779640179.048	 +100.0	 +10.0	 +5.0000	 -0.0000	      +inf	 +0.0039	 +1269.208	 +0.0180	 -3.2615
1779640179.147	 +100.0	 +10.0	 +5.0000	 -0.0000	      +inf	 +0.0035	 +1419.871	 +0.0293	 -3.2663
1779640179.248	 +100.0	 +10.0	 +5.0000	 -0.0000	      +inf	 -0.0034	 -1463.268	 +0.0150	 -3.2282
1779640179.348	 +100.0	 +10.0	 +5.0000	 -0.0000	      +inf	 +0.0027	 +1859.580	 +0.0161	 -3.2531
1779640179.448	 +100.0	 +10.0	 +5.0000	 -0.0000	      +inf	 -0.0031	 -1597.303	 +0.0199	 -3.2177
1779640179.548	 +100.0	 +10.0	 +5.0000	 -0.0000	      +inf	 +0.0025	 +2037.757	 +0.0326	 -3.2659
1779640179.648	 +100.0	 +10.0	 +5.0000	 -0.0000	      +inf	 -0.0038	 -1314.712	 +0.0264	 -3.2355
1779640179.747	 +100.0	 +10.0	 +5.0000	 -0.0000	      +inf	 -0.0034	 -1456.241	 +0.0240	 -3.2328
1779640179.847	 +100.0	 +10.0	 +5.0000	 -0.0000	      +inf	 -0.0030	 -1649.073	 +0.0209	 -3.2200
1779640179.948	 +100.0	 +10.0	 +5.0000	 -0.0000	      +inf	 +0.0025	 +1961.308	 +0.0269	 -3.2532
1779640180.048	 +100.0	 +10.0	 +5.0000	 -0.0000	      +inf	 -0.0032	 -1579.377	 +0.0309	 -3.2294
1779640180.148	 +100.0	 +10.0	 +5.0000	 -0.0000	      +inf	 -0.0039	 -1274.229	 +0.0333	 -3.2307
1779640180.248	 +100.0	 +10.0	 +5.0000	 -0.0000	      +inf	 +0.0038	 +1327.935	 +0.0236	 -3.2538
1779640180.348	 +100.0	 +10.0	 +5.0000	 -0.0000	      +inf	 -0.0030	 -1641.597	 +0.0244	 -3.2191
1779640184.027	 +100.0	 +10.0	 +5.0000	 -0.0000	      +inf	 +0.0038	 +1332.328	 +0.0346	 -3.2694
1779640184.048	 +100.0	 +10.0	 +5.0000	 -0.0000	      +inf	 +0.0038	 +1332.328	 +0.0346	 -3.2694
1779640184.148	 +100.0	 +10.0	 +5.0000	 -0.0000	      +inf	 -0.0045	 -1122.623	 +0.0235	 -3.2177
1779640184.248	 +100.0	 +10.0	 +5.0000	 -0.0000	      +inf	 +0.0041	 +1208.808	 +0.0268	 -3.2535
1779640184.348	 +100.0	 +10.0	 +5.0000	 -0.0000	      +inf	 +0.0033	 +1509.421	 +0.0295	 -3.2688
1779640184.448	 +100.0	 +10.0	 +5.0000	 -0.0000	      +inf	 -0.0038	 -1320.007	 +0.0177	 -3.2176
1779640184.547	 +100.0	 +10.0	 +5.0000	 -0.0000	      +inf	 -0.0040	 -1249.708	 +0.0259	 -3.2184
1779640184.648	 +100.0	 +10.0	 +5.0000	 -0.0000	      +inf	 +0.0037	 +1359.837	 +0.0325	 -3.2588
1779640184.748	 +100.0	 +10.0	 +5.0000	 -0.0000	      +inf	 -0.0030	 -1694.809	 +0.0332	 -3.2300
1779640184.848	 +100.0	 +10.0	 +5.0000	 -0.0000	      +inf	 -0.0030	 -1673.024	 +0.0220	 -3.2239
1779640184.948	 +100.0	 +10.0	 +5.0000	 -0.0000	      +inf	 +0.0010	      +inf	 +0.0334	 -3.2362
1779640185.048	 +100.0	 +10.0	 +5.0000	 -0.0000	      +inf	 +0.0051	  +988.021	 +0.0455	 -3.2806
1779640185.148	 +100.0	 +10.0	 +5.0000	 -0.0000	      +inf	 +0.0044	 +1130.774	 +0.0717	 -3.2751
1779640185.248	 +100.0	 +10.0	 +5.0000	 -0.0000	      +inf	 +0.0026	 +1930.288	 +0.0873	 -3.2876
1779640185.347	 +100.0	 +10.0	 +5.0000	 -0.0000	      +inf	 -0.0027	 -1819.560	 +0.0779	 -3.2503
1779640185.448	 +100.0	 +10.0	 +5.0000	 -0.0000	      +inf	 +0.0030	 +1689.210	 +0.0506	 -3.2872
1779640185.547	 +100.0	 +10.0	 +5.0000	 -0.0000	      +inf	 -0.0009	      +inf	 +0.0259	 -3.2658
1779640185.647	 +100.0	 +10.0	 +5.0000	 -0.0000	      +inf	 +0.0021	 +2383.352	 +0.0037	 -3.2816
1779640185.748	 +100.0	 +10.0	 +5.0000	 -0.0000	      +inf	 +0.0032	 +1572.865	 -0.0239	 -3.3015
1779640185.848	 +100.0	 +10.0	 +5.0000	 -0.0000	      +inf	 +0.0043	 +1170.167	 -0.0142	 -3.2982
1779640185.948	 +100.0	 +10.0	 +5.0000	 -0.0000	      +inf	 -0.0030	 -1680.930	 -0.0139	 -3.2639
1779640186.048	 +100.0	 +10.0	 +5.0000	 -0.0000	      +inf	 +0.0044	 +1140.540	 -0.0019	 -3.2781
1779640186.148	 +100.0	 +10.0	 +5.0000	 -0.0000	      +inf	 -0.0027	 -1886.493	 +0.0008	 -3.2393
1779640186.248	 +100.0	 +10.0	 +5.0000	 -0.0000	      +inf	 -0.0029	 -1738.272	 +0.0251	 -3.2376
1779640186.348	 +100.0	 +10.0	 +5.0000	 -0.0000	      +inf	 +0.0032	 +1580.505	 +0.0249	 -3.2657
1779640186.448	 +100.0	 +10.0	 +5.0000	 -0.0000	      +inf	 -0.0033	 -1532.647	 +0.0248	 -3.2222
1779640186.547	 +100.0	 +10.0	 +5.0000	 -0.0000	      +inf	 +0.0037	 +1366.471	 +0.0264	 -3.2594
1779640186.648	 +100.0	 +10.0	 +5.0000	 -0.0000	      +inf	 -0.0031	 -1638.293	 +0.0261	 -3.2186
1779640186.748	 +100.0	 +10.0	 +5.0000	 -0.0000	      +inf	 -0.0029	 -1732.452	 +0.0314	 -3.2287
1779640186.848	 +100.0	 +10.0	 +5.0000	 -0.0000	      +inf	 -0.0037	 -1362.680	 +0.0210	 -3.2306
1779640186.948	 +100.0	 +10.0	 +5.0000	 -0.0000	      +inf	 +0.0033	 +1509.056	 +0.0294	 -3.2624
1779640187.048	 +100.0	 +10.0	 +5.0000	 -0.0000	      +inf	 +0.0030	 +1650.429	 +0.0200	 -3.2665
1779640187.148	 +100.0	 +10.0	 +5.0000	 -0.0000	      +inf	 +0.0042	 +1187.287	 +0.0271	 -3.2595
1779640187.248	 +100.0	 +10.0	 +5.0000	 -0.0000	      +inf	 -0.0041	 -1231.821	 +0.0202	 -3.2310
1779640187.348	 +100.0	 +10.0	 +5.0000	 -0.0000	      +inf	 -0.0044	 -1124.827	 +0.0335	 -3.2296
1779640187.448	 +100.0	 +10.0	 +5.0000	 -0.0000	      +inf	 -0.0032	 -1540.941	 +0.0218	 -3.2303
1779640187.548	 +100.0	 +10.0	 +5.0000	 -0.0000	      +inf	 -0.0044	 -1139.326	 +0.0189	 -3.2301
1779640187.647	 +100.0	 +10.0	 +5.0000	 -0.0000	      +inf	 -0.0044	 -1131.753	 +0.0155	 -3.2280
1779640187.748	 +100.0	 +10.0	 +5.0000	 -0.0000	      +inf	 -0.0042	 -1204.411	 +0.0196	 -3.2221
1779640187.848	 +100.0	 +10.0	 +5.0000	 -0.0000	      +inf	 -0.0044	 -1141.227	 +0.0296	 -3.2200
1779640187.948	 +100.0	 +10.0	 +5.0000	 -0.0000	      +inf	 +0.0024	 +2101.377	 +0.0296	 -3.2665
1779640188.048	 +100.0	 +10.0	 +5.0000	 -0.0000	      +inf	 -0.0044	 -1146.970	 +0.0291	 -3.2210
1779640188.148	 +100.0	 +10.0	 +5.0000	 -0.0000	      +inf	 +0.0040	 +1239.272	 +0.0268	 -3.2685
1779640188.248	 +100.0	 +10.0	 +5.0000	 -0.0000	      +inf	 +0.0036	 +1386.288	 +0.0193	 -3.2606
1779640188.348	 +100.0	 +10.0	 +5.0000	 -0.0000	      +inf	 +0.0041	 +1220.820	 +0.0340	 -3.2665
1779640188.448	 +100.0	 +10.0	 +5.0000	 -0.0000	      +inf	 -0.0037	 -1360.118	 +0.0195	 -3.2236
1779640188.547	 +100.0	 +10.0	 +5.0000	 -0.0000	      +inf	 -0.0035	 -1420.974	 +0.0231	 -3.2262
1779640188.648	 +100.0	 +10.0	 +5.0000	 -0.0000	      +inf	 +0.0038	 +1325.643	 +0.0344	 -3.2538
1779640188.748	 +100.0	 +10.0	 +5.0000	 -0.0000	      +inf	 -0.0039	 -1293.496	 +0.0226	 -3.2329
1779640188.848	 +100.0	 +10.0	 +5.0000	 -0.0000	      +inf	 +0.0040	 +1243.197	 +0.0174	 -3.2675
1779640188.948	 +100.0	 +10.0	 +5.0000	 -0.0000	      +inf	 -0.0040	 -1256.145	 +0.0263	 -3.2242
1779640189.048	 +100.0	 +10.0	 +5.0000	 -0.0000	      +inf	 -0.0039	 -1285.355	 +0.0196	 -3.2326
1779640189.147	 +100.0	 +10.0	 +5.0000	 -0.0000	      +inf	 +0.0037	 +1345.236	 +0.0192	 -3.2538
1779640189.248	 +100.0	 +10.0	 +5.0000	 -0.0000	      +inf	 +0.0037	 +1355.765	 +0.0219	 -3.2579
1779640189.347	 +100.0	 +10.0	 +5.0000	 -0.0000	      +inf	 -0.0038	 -1307.427	 +0.0173	 -3.2351
1779640189.447	 +100.0	 +10.0	 +5.0000	 -0.0000	      +inf	 +0.0041	 +1205.854	 +0.0183	 -3.2682
1779640189.548	 +100.0	 +10.0	 +5.0000	 -0.0000	      +inf	 +0.0038	 +1303.814	 +0.0158	 -3.2625
1779640189.647	 +100.0	 +10.0	 +5.0000	 -0.0000	      +inf	 +0.0033	 +1532.549	 +0.0340	 -3.2631
1779640189.748	 +100.0	 +10.0	 +5.0000	 -0.0000	      +inf	 -0.0043	 -1163.609	 +0.0190	 -3.2329
1779640189.848	 +100.0	 +10.0	 +5.0000	 -0.0000	      +inf	 +0.0033	 +1493.727	 +0.0238	 -3.2658
1779640189.948	 +100.0	 +10.0	 +5.0000	 -0.0000	      +inf	 -0.0027	 -1838.563	 +0.0170	 -3.2235
1779640190.047	 +100.0	 +10.0	 +5.0000	 -0.0000	      +inf	 +0.0028	 +1781.067	 +0.0255	 -3.2579
1779640190.148	 +100.0	 +10.0	 +5.0000	 -0.0000	      +inf	 +0.0036	 +1375.365	 +0.0198	 -3.2688
1779640190.247	 +100.0	 +10.0	 +5.0000	 -0.0000	      +inf	 -0.0043	 -1161.842	 +0.0220	 -3.2219
1779640190.348	 +100.0	 +10.0	 +5.0000	 -0.0000	      +inf	 +0.0031	 +1637.481	 +0.0202	 -3.2684
1779640190.447	 +100.0	 +10.0	 +5.0000	 -0.0000	      +inf	 -0.0028	 -1786.517	 +0.0253	 -3.2263
1779640190.547	 +100.0	 +10.0	 +5.0000	 -0.0000	      +inf	 +0.0031	 +1599.306	 +0.0181	 -3.2700
1779640190.648	 +100.0	 +10.0	 +5.0000	 -0.0000	      +inf	 -0.0029	 -1722.672	 +0.0231	 -3.2225
1779640190.748	 +100.0	 +10.0	 +5.0000	 -0.0000	      +inf	 -0.0039	 -1292.086	 +0.0302	 -3.2206
1779640190.848	 +100.0	 +10.0	 +5.0000	 -0.0000	      +inf	 -0.0027	 -1844.936	 +0.0176	 -3.2296
1779640190.948	 +100.0	 +10.0	 +5.0000	 -0.0000	      +inf	 +0.0038	 +1299.450	 +0.0236	 -3.2566
1779640191.048	 +100.0	 +10.0	 +5.0000	 -0.0000	      +inf	 -0.0029	 -1726.740	 +0.0173	 -3.2303
1779640191.148	 +100.0	 +10.0	 +5.0000	 -0.0000	      +inf	 +0.0038	 +1323.840	 +0.0201	 -3.2534
1779640191.248	 +100.0	 +10.0	 +5.0000	 -0.0000	      +inf	 -0.0039	 -1278.380	 +0.0219	 -3.2207
1779640191.347	 +100.0	 +10.0	 +5.0000	 -0.0000	      +inf	 +0.0037	 +1335.910	 +0.0307	 -3.2504
1779640191.448	 +100.0	 +10.0	 +5.0000	 -0.0000	      +inf	 -0.0029	 -1740.235	 +0.0193	 -3.2263
1779640191.547	 +100.0	 +10.0	 +5.0000	 -0.0000	      +inf	 -0.0035	 -1424.164	 +0.0332	 -3.2335
1779640191.647	 +100.0	 +10.0	 +5.0000	 -0.0000	      +inf	 -0.0040	 -1245.144	 +0.0277	 -3.2168
1779640191.748	 +100.0	 +10.0	 +5.0000	 -0.0000	      +inf	 +0.0039	 +1285.181	 +0.0225	 -3.2502
1779640191.848	 +100.0	 +10.0	 +5.0000	 -0.0000	      +inf	 -0.0039	 -1271.120	 +0.0272	 -3.2273
1779640191.948	 +100.0	 +10.0	 +5.0000	 -0.0000	      +inf	 +0.0027	 +1844.391	 +0.0307	 -3.2596
1779640192.048	 +100.0	 +10.0	 +5.0000	 -0.0000	      +inf	 -0.0044	 -1125.167	 +0.0276	 -3.2182
1779640192.147	 +100.0	 +10.0	 +5.0000	 -0.0000	      +inf	 -0.0031	 -1622.560	 +0.0180	 -3.2224
1779640192.247	 +100.0	 +10.0	 +5.0000	 -0.0000	      +inf	 -0.0030	 -1659.819	 +0.0168	 -3.2303
1779640192.347	 +100.0	 +10.0	 +5.0000	 -0.0000	      +inf	 +0.0024	 +2053.073	 +0.0198	 -3.2611
1779640192.447	 +100.0	 +10.0	 +5.0000	 -0.0000	      +inf	 -0.0045	 -1116.852	 +0.0250	 -3.2213
1779640192.547	 +100.0	 +10.0	 +5.0000	 -0.0000	      +inf	 -0.0043	 -1159.604	 +0.0193	 -3.2188
1779640192.648	 +100.0	 +10.0	 +5.0000	 -0.0000	      +inf	 +0.0041	 +1207.191	 +0.0267	 -3.2602
1779640192.748	 +100.0	 +10.0	 +5.0000	 -0.0000	      +inf	 -0.0031	 -1637.427	 +0.0156	 -3.2234
1779640192.848	 +100.0	 +10.0	 +5.0000	 -0.0000	      +inf	 +0.0024	 +2047.634	 +0.0289	 -3.2642
1779640192.948	 +100.0	 +10.0	 +5.0000	 -0.0000	      +inf	 -0.0043	 -1166.972	 +0.0204	 -3.2258
1779640193.047	 +100.0	 +10.0	 +5.0000	 -0.0000	      +inf	 -0.0029	 -1704.454	 +0.0227	 -3.2163
1779640193.148	 +100.0	 +10.0	 +5.0000	 -0.0000	      +inf	 +0.0025	 +1998.361	 +0.0272	 -3.2553
1779640193.248	 +100.0	 +10.0	 +5.0000	 -0.0000	      +inf	 -0.0045	 -1120.713	 +0.0231	 -3.2317
1779640193.347	 +100.0	 +10.0	 +5.0000	 -0.0000	      +inf	 -0.0042	 -1181.168	 +0.0295	 -3.2224
1779640193.447	 +100.0	 +10.0	 +5.0000	 -0.0000	      +inf	 -0.0038	 -1326.249	 +0.0178	 -3.2257
1779640193.548	 +100.0	 +10.0	 +5.0000	 -0.0000	      +inf	 -0.0040	 -1260.502	 +0.0247	 -3.2344
1779640193.648	 +100.0	 +10.0	 +5.0000	 -0.0000	      +inf	 +0.0036	 +1387.611	 +0.0166	 -3.2694
1779640193.748	 +100.0	 +10.0	 +5.0000	 -0.0000	      +inf	 -0.0041	 -1214.814	 +0.0275	 -3.2167
1779640193.847	 +100.0	 +10.0	 +5.0000	 -0.0000	      +inf	 +0.0028	 +1803.095	 +0.0224	 -3.2638
1779640193.948	 +100.0	 +10.0	 +5.0000	 -0.0000	      +inf	 -0.0026	 -1949.649	 +0.0307	 -3.2220
1779640194.048	 +100.0	 +10.0	 +5.0000	 -0.0000	      +inf	 +0.0042	 +1202.395	 +0.0448	 -3.2708
1779640194.148	 +100.0	 +10.0	 +5.0000	 -0.0000	      +inf	 +0.0038	 +1306.896	 +0.0690	 -3.2882
1779640194.248	 +100.0	 +10.0	 +5.0000	 -0.0000	      +inf	 -0.0036	 -1388.903	 +0.0858	 -3.2453
1779640194.348	 +100.0	 +10.0	 +5.0000	 -0.0000	      +inf	 +0.0026	 +1960.009	 +0.0693	 -3.2798
1779640194.447	 +100.0	 +10.0	 +5.0000	 -0.0000	      +inf	 +0.0029	 +1709.413	 +0.0531	 -3.2894
1779640194.548	 +100.0	 +10.0	 +5.0000	 -0.0000	      +inf	 +0.0009	      +inf	 +0.0284	 -3.2677
1779640194.648	 +100.0	 +10.0	 +5.0000	 -0.0000	      +inf	 +0.0030	 +1685.652	 -0.0039	 -3.2887
1779640194.748	 +100.0	 +10.0	 +5.0000	 -0.0000	      +inf	 +0.0047	 +1067.124	 -0.0268	 -3.2962
1779640194.848	 +100.0	 +10.0	 +5.0000	 -0.0000	      +inf	 +0.0044	 +1145.933	 -0.0184	 -3.3056
1779640194.947	 +100.0	 +10.0	 +5.0000	 -0.0000	      +inf	 -0.0036	 -1376.551	 -0.0172	 -3.2663
1779640195.048	 +100.0	 +10.0	 +5.0000	 -0.0000	      +inf	 -0.0034	 -1465.235	 -0.0098	 -3.2583
1779640195.148	 +100.0	 +10.0	 +5.0000	 -0.0000	      +inf	 +0.0034	 +1451.679	 -0.0032	 -3.2790
1779640195.248	 +100.0	 +10.0	 +5.0000	 -0.0000	      +inf	 -0.0044	 -1139.187	 +0.0174	 -3.2349
1779640195.347	 +100.0	 +10.0	 +5.0000	 -0.0000	      +inf	 +0.0042	 +1184.182	 +0.0212	 -3.2651
1779640195.448	 +100.0	 +10.0	 +5.0000	 -0.0000	      +inf	 -0.0041	 -1229.101	 +0.0341	 -3.2272
1779640195.547	 +100.0	 +10.0	 +5.0000	 -0.0000	      +inf	 +0.0037	 +1355.006	 +0.0212	 -3.2572
1779640195.648	 +100.0	 +10.0	 +5.0000	 -0.0000	      +inf	 -0.0029	 -1725.663	 +0.0333	 -3.2265
1779640195.748	 +100.0	 +10.0	 +5.0000	 -0.0000	      +inf	 +0.0031	 +1625.229	 +0.0248	 -3.2634
1779640195.847	 +100.0	 +10.0	 +5.0000	 -0.0000	      +inf	 -0.0044	 -1140.132	 +0.0189	 -3.2323
1779640195.948	 +100.0	 +10.0	 +5.0000	 -0.0000	      +inf	 -0.0031	 -1596.013	 +0.0202	 -3.2310
1779640196.047	 +100.0	 +10.0	 +5.0000	 -0.0000	      +inf	 -0.0029	 -1710.539	 +0.0311	 -3.2178
1779640196.147	 +100.0	 +10.0	 +5.0000	 -0.0000	      +inf	 -0.0038	 -1314.018	 +0.0294	 -3.2195
1779640196.248	 +100.0	 +10.0	 +5.0000	 -0.0000	      +inf	 -0.0037	 -1361.590	 +0.0246	 -3.2329
1779640196.347	 +100.0	 +10.0	 +5.0000	 -0.0000	      +inf	 +0.0035	 +1440.786	 +0.0301	 -3.2557
1779640196.448	 +100.0	 +10.0	 +5.0000	 -0.0000	      +inf	 -0.0026	 -1909.081	 +0.0206	 -3.2351
1779640196.547	 +100.0	 +10.0	 +5.0000	 -0.0000	      +inf	 +0.0028	 +1817.945	 +0.0156	 -3.2556
1779640196.648	 +100.0	 +10.0	 +5.0000	 -0.0000	      +inf	 +0.0034	 +1482.817	 +0.0281	 -3.2607
1779640196.748	 +100.0	 +10.0	 +5.0000	 -0.0000	      +inf	 -0.0033	 -1528.876	 +0.0227	 -3.2265
1779640196.848	 +100.0	 +10.0	 +5.0000	 -0.0000	      +inf	 +0.0037	 +1364.036	 +0.0300	 -3.2613
1779640196.948	 +100.0	 +10.0	 +5.0000	 -0.0000	      +inf	 +0.0033	 +1509.917	 +0.0206	 -3.2661
1779640197.048	 +100.0	 +10.0	 +5.0000	 -0.0000	      +inf	 -0.0036	 -1370.628	 +0.0152	 -3.2307
1779640197.148	 +100.0	 +10.0	 +5.0000	 -0.0000	      +inf	 +0.0033	 +1515.622	 +0.0235	 -3.2539
1779640197.248	 +100.0	 +10.0	 +5.0000	 -0.0000	      +inf	 +0.0033	 +1531.412	 +0.0248	 -3.2550
1779640197.347	 +100.0	 +10.0	 +5.0000	 -0.0000	      +inf	 +0.0029	 +1704.337	 +0.0290	 -3.2579
1779640197.447	 +100.0	 +10.0	 +5.0000	 -0.0000	      +inf	 -0.0043	 -1160.609	 +0.0346	 -3.2340
1779640197.547	 +100.0	 +10.0	 +5.0000	 -0.0000	      +inf	 -0.0036	 -1400.028	 +0.0294	 -3.2239
1779640197.647	 +100.0	 +10.0	 +5.0000	 -0.0000	      +inf	 +0.0027	 +1878.879	 +0.0309	 -3.2581
1779640197.748	 +100.0	 +10.0	 +5.0000	 -0.0000	      +inf	 -0.0044	 -1143.529	 +0.0280	 -3.2171
1779640197.848	 +100.0	 +10.0	 +5.0000	 -0.0000	      +inf	 +0.0024	 +2117.120	 +0.0162	 -3.2513
1779640197.948	 +100.0	 +10.0	 +5.0000	 -0.0000	      +inf	 -0.0037	 -1362.695	 +0.0243	 -3.2339
1779640198.048	 +100.0	 +10.0	 +5.0000	 -0.0000	      +inf	 +0.0025	 +1988.453	 +0.0330	 -3.2649
1779640198.147	 +100.0	 +10.0	 +5.0000	 -0.0000	      +inf	 -0.0031	 -1627.747	 +0.0203	 -3.2183
1779640198.248	 +100.0	 +10.0	 +5.0000	 -0.0000	      +inf	 -0.0026	 -1886.857	 +0.0244	 -3.2267
1779640198.347	 +100.0	 +10.0	 +5.0000	 -0.0000	      +inf	 -0.0033	 -1498.835	 +0.0187	 -3.2240
1779640198.447	 +100.0	 +10.0	 +5.0000	 -0.0000	      +inf	 +0.0028	 +1790.429	 +0.0187	 -3.2637
1779640198.547	 +100.0	 +10.0	 +5.0000	 -0.0000	      +inf	 +0.0041	 +1220.055	 +0.0154	 -3.2693
1779640198.648	 +100.0	 +10.0	 +5.0000	 -0.0000	      +inf	 -0.0031	 -1615.670	 +0.0330	 -3.2289
1779640198.748	 +100.0	 +10.0	 +5.0000	 -0.0000	      +inf	 +0.0026	 +1886.826	 +0.0191	 -3.2631
1779640198.847	 +100.0	 +10.0	 +5.0000	 -0.0000	      +inf	 -0.0027	 -1869.630	 +0.0191	 -3.2225
1779640198.948	 +100.0	 +10.0	 +5.0000	 -0.0000	      +inf	 +0.0030	 +1647.639	 +0.0316	 -3.2505
1779640199.047	 +100.0	 +10.0	 +5.0000	 -0.0000	      +inf	 -0.0038	 -1313.114	 +0.0276	 -3.2330
1779640199.147	 +100.0	 +10.0	 +5.0000	 -0.0000	      +inf	 +0.0041	 +1215.191	 +0.0227	 -3.2558
1779640199.248	 +100.0	 +10.0	 +5.0000	 -0.0000	      +inf	 -0.0034	 -1491.472	 +0.0154	 -3.2162
1779640199.347	 +100.0	 +10.0	 +5.0000	 -0.0000	      +inf	 +0.0030	 +1659.207	 +0.0287	 -3.2510
1779640199.447	 +100.0	 +10.0	 +5.0000	 -0.0000	      +inf	 +0.0031	 +1590.023	 +0.0236	 -3.2588
1779640199.548	 +100.0	 +10.0	 +5.0000	 -0.0000	      +inf	 +0.0024	 +2066.518	 +0.0347	 -3.2558
1779640199.647	 +100.0	 +10.0	 +5.0000	 -0.0000	      +inf	 +0.0037	 +1369.366	 +0.0304	 -3.2518
1779640199.748	 +100.0	 +10.0	 +5.0000	 -0.0000	      +inf	 +0.0029	 +1735.723	 +0.0173	 -3.2505
1779640199.848	 +100.0	 +10.0	 +5.0000	 -0.0000	      +inf	 -0.0036	 -1376.062	 +0.0291	 -3.2230
1779640199.948	 +100.0	 +10.0	 +5.0000	 -0.0000	      +inf	 +0.0031	 +1608.167	 +0.0344	 -3.2633
1779640200.047	 +100.0	 +10.0	 +5.0000	 -0.0000	      +inf	 -0.0040	 -1252.905	 +0.0281	 -3.2171
1779640200.148	 +100.0	 +10.0	 +5.0000	 -0.0000	      +inf	 -0.0027	 -1861.251	 +0.0263	 -3.2215
1779640200.247	 +100.0	 +10.0	 +5.0000	 -0.0000	      +inf	 -0.0043	 -1161.592	 +0.0309	 -3.2244
1779640200.348	 +100.0	 +10.0	 +5.0000	 -0.0000	      +inf	 +0.0034	 +1488.705	 +0.0294	 -3.2634
1779640200.448	 +100.0	 +10.0	 +5.0000	 -0.0000	      +inf	 -0.0043	 -1163.966	 +0.0156	 -3.2352
1779640200.547	 +100.0	 +10.0	 +5.0000	 -0.0000	      +inf	 -0.0039	 -1295.865	 +0.0238	 -3.2312
1779640200.648	 +100.0	 +10.0	 +5.0000	 -0.0000	      +inf	 +0.0035	 +1447.161	 +0.0271	 -3.2690
1779640200.748	 +100.0	 +10.0	 +5.0000	 -0.0000	      +inf	 -0.0035	 -1429.516	 +0.0173	 -3.2200
1779640200.847	 +100.0	 +10.0	 +5.0000	 -0.0000	      +inf	 +0.0035	 +1430.778	 +0.0338	 -3.2675
1779640200.948	 +100.0	 +10.0	 +5.0000	 -0.0000	      +inf	 -0.0029	 -1728.527	 +0.0238	 -3.2315
1779640201.047	 +100.0	 +10.0	 +5.0000	 -0.0000	      +inf	 +0.0028	 +1780.272	 +0.0153	 -3.2633
1779640201.148	 +100.0	 +10.0	 +5.0000	 -0.0000	      +inf	 +0.0040	 +1262.480	 +0.0285	 -3.2512
1779640201.248	 +100.0	 +10.0	 +5.0000	 -0.0000	      +inf	 +0.0036	 +1394.985	 +0.0295	 -3.2645
1779640201.348	 +100.0	 +10.0	 +5.0000	 -0.0000	      +inf	 -0.0029	 -1731.391	 +0.0190	 -3.2336
1779640201.447	 +100.0	 +10.0	 +5.0000	 -0.0000	      +inf	 -0.0031	 -1602.670	 +0.0298	 -3.2289
1779640201.547	 +100.0	 +10.0	 +5.0000	 -0.0000	      +inf	 -0.0039	 -1289.836	 +0.0194	 -3.2221
1779640201.648	 +100.0	 +10.0	 +5.0000	 -0.0000	      +inf	 +0.0036	 +1382.878	 +0.0267	 -3.2644
1779640201.748	 +100.0	 +10.0	 +5.0000	 -0.0000	      +inf	 -0.0042	 -1189.410	 +0.0250	 -3.2187
1779640201.847	 +100.0	 +10.0	 +5.0000	 -0.0000	      +inf	 +0.0030	 +1677.797	 +0.0151	 -3.2655
1779640201.948	 +100.0	 +10.0	 +5.0000	 -0.0000	      +inf	 +0.0039	 +1293.955	 +0.0227	 -3.2682
1779640202.048	 +100.0	 +10.0	 +5.0000	 -0.0000	      +inf	 +0.0041	 +1209.014	 +0.0285	 -3.2553
1779640202.147	 +100.0	 +10.0	 +5.0000	 -0.0000	      +inf	 -0.0032	 -1560.171	 +0.0333	 -3.2346
1779640202.247	 +100.0	 +10.0	 +5.0000	 -0.0000	      +inf	 +0.0042	 +1185.250	 +0.0153	 -3.2643
1779640202.347	 +100.0	 +10.0	 +5.0000	 -0.0000	      +inf	 -0.0030	 -1670.028	 +0.0175	 -3.2327
1779640202.448	 +100.0	 +10.0	 +5.0000	 -0.0000	      +inf	 -0.0035	 -1426.419	 +0.0212	 -3.2252
1779640202.548	 +100.0	 +10.0	 +5.0000	 -0.0000	      +inf	 +0.0026	 +1923.327	 +0.0166	 -3.2692
1779640202.648	 +100.0	 +10.0	 +5.0000	 -0.0000	      +inf	 -0.0044	 -1124.199	 +0.0291	 -3.2171
1779640202.748	 +100.0	 +10.0	 +5.0000	 -0.0000	      +inf	 -0.0036	 -1385.316	 +0.0153	 -3.2173
1779640202.848	 +100.0	 +10.0	 +5.0000	 -0.0000	      +inf	 -0.0038	 -1308.308	 +0.0268	 -3.2222
1779640202.948	 +100.0	 +10.0	 +5.0000	 -0.0000	      +inf	 -0.0031	 -1628.104	 +0.0277	 -3.2373
1779640203.047	 +100.0	 +10.0	 +5.0000	 -0.0000	      +inf	 +0.0034	 +1462.652	 +0.0594	 -3.2736
1779640203.148	 +100.0	 +10.0	 +5.0000	 -0.0000	      +inf	 -0.0021	 -2330.834	 +0.0770	 -3.2386
1779640203.248	 +100.0	 +10.0	 +5.0000	 -0.0000	      +inf	 +0.0025	 +2007.413	 +0.0871	 -3.2780
1779640203.347	 +100.0	 +10.0	 +5.0000	 -0.0000	      +inf	 +0.0037	 +1362.080	 +0.0775	 -3.2873
1779640203.448	 +100.0	 +10.0	 +5.0000	 -0.0000	      +inf	 +0.0033	 +1514.029	 +0.0671	 -3.2848
1779640203.548	 +100.0	 +10.0	 +5.0000	 -0.0000	      +inf	 -0.0001	      +inf	 +0.0262	 -3.2797
1779640203.648	 +100.0	 +10.0	 +5.0000	 -0.0000	      +inf	 -0.0055	  -906.183	 -0.0048	 -3.2565
1779640203.748	 +100.0	 +10.0	 +5.0000	 -0.0000	      +inf	 +0.0045	 +1122.203	 -0.0127	 -3.2966
1779640203.848	 +100.0	 +10.0	 +5.0000	 -0.0000	      +inf	 -0.0023	 -2156.745	 -0.0241	 -3.2675
1779640203.947	 +100.0	 +10.0	 +5.0000	 -0.0000	      +inf	 -0.0035	 -1434.273	 -0.0174	 -3.2521
1779640204.048	 +100.0	 +10.0	 +5.0000	 -0.0000	      +inf	 -0.0038	 -1317.932	 -0.0133	 -3.2495
1779640204.147	 +100.0	 +10.0	 +5.0000	 -0.0000	      +inf	 -0.0026	 -1937.005	 +0.0032	 -3.2404
1779640204.248	 +100.0	 +10.0	 +5.0000	 -0.0000	      +inf	 -0.0040	 -1254.872	 +0.0117	 -3.2328
1779640204.348	 +100.0	 +10.0	 +5.0000	 -0.0000	      +inf	 -0.0030	 -1644.214	 +0.0203	 -3.2201
1779640204.448	 +100.0	 +10.0	 +5.0000	 -0.0000	      +inf	 +0.0030	 +1647.066	 +0.0139	 -3.2705
1779640204.547	 +100.0	 +10.0	 +5.0000	 -0.0000	      +inf	 +0.0029	 +1732.887	 +0.0182	 -3.2663
1779640204.648	 +100.0	 +10.0	 +5.0000	 -0.0000	      +inf	 -0.0033	 -1496.767	 +0.0255	 -3.2303
1779640204.747	 +100.0	 +10.0	 +5.0000	 -0.0000	      +inf	 -0.0031	 -1612.731	 +0.0335	 -3.2271
1779640204.848	 +100.0	 +10.0	 +5.0000	 -0.0000	      +inf	 -0.0031	 -1592.761	 +0.0167	 -3.2294
1779640204.948	 +100.0	 +10.0	 +5.0000	 -0.0000	      +inf	 +0.0027	 +1841.111	 +0.0165	 -3.2529
1779640205.048	 +100.0	 +10.0	 +5.0000	 -0.0000	      +inf	 -0.0040	 -1259.983	 +0.0266	 -3.2178
1779640205.148	 +100.0	 +10.0	 +5.0000	 -0.0000	      +inf	 +0.0031	 +1588.762	 +0.0303	 -3.2534
1779640205.247	 +100.0	 +10.0	 +5.0000	 -0.0000	      +inf	 +0.0038	 +1311.882	 +0.0285	 -3.2698
1779640205.348	 +100.0	 +10.0	 +5.0000	 -0.0000	      +inf	 -0.0032	 -1548.002	 +0.0184	 -3.2263
1779640205.448	 +100.0	 +10.0	 +5.0000	 -0.0000	      +inf	 +0.0042	 +1184.219	 +0.0148	 -3.2546
1779640205.547	 +100.0	 +10.0	 +5.0000	 -0.0000	      +inf	 -0.0029	 -1735.152	 +0.0324	 -3.2250
1779640205.648	 +100.0	 +10.0	 +5.0000	 -0.0000	      +inf	 +0.0033	 +1517.276	 +0.0226	 -3.2603
1779640205.748	 +100.0	 +10.0	 +5.0000	 -0.0000	      +inf	 +0.0037	 +1359.181	 +0.0188	 -3.2637
1779640205.847	 +100.0	 +10.0	 +5.0000	 -0.0000	      +inf	 +0.0035	 +1425.080	 +0.0152	 -3.2671
1779640205.948	 +100.0	 +10.0	 +5.0000	 -0.0000	      +inf	 -0.0031	 -1628.497	 +0.0172	 -3.2220
1779640206.048	 +100.0	 +10.0	 +5.0000	 -0.0000	      +inf	 -0.0037	 -1357.294	 +0.0280	 -3.2296
1779640206.148	 +100.0	 +10.0	 +5.0000	 -0.0000	      +inf	 +0.0028	 +1802.119	 +0.0233	 -3.2564
1779640206.248	 +100.0	 +10.0	 +5.0000	 -0.0000	      +inf	 +0.0027	 +1818.683	 +0.0213	 -3.2584
1779640206.348	 +100.0	 +10.0	 +5.0000	 -0.0000	      +inf	 -0.0032	 -1552.155	 +0.0318	 -3.2168
1779640206.448	 +100.0	 +10.0	 +5.0000	 -0.0000	      +inf	 -0.0030	 -1646.316	 +0.0345	 -3.2172
1779640206.547	 +100.0	 +10.0	 +5.0000	 -0.0000	      +inf	 -0.0039	 -1298.288	 +0.0235	 -3.2223
1779640206.648	 +100.0	 +10.0	 +5.0000	 -0.0000	      +inf	 +0.0033	 +1525.999	 +0.0285	 -3.2540
1779640206.747	 +100.0	 +10.0	 +5.0000	 -0.0000	      +inf	 +0.0043	 +1174.422	 +0.0330	 -3.2651
1779640206.848	 +100.0	 +10.0	 +5.0000	 -0.0000	      +inf	 -0.0038	 -1321.893	 +0.0259	 -3.2324
1779640206.948	 +100.0	 +10.0	 +5.0000	 -0.0000	      +inf	 -0.0044	 -1142.938	 +0.0264	 -3.2172
1779640207.048	 +100.0	 +10.0	 +5.0000	 -0.0000	      +inf	 -0.0026	 -1946.040	 +0.0336	 -3.2297
1779640207.147	 +100.0	 +10.0	 +5.0000	 -0.0000	      +inf	 -0.0044	 -1138.193	 +0.0331	 -3.2204
1779640207.248	 +100.0	 +10.0	 +5.0000	 -0.0000	      +inf	 +0.0034	 +1480.664	 +0.0346	 -3.2527
1779640207.347	 +100.0	 +10.0	 +5.0000	 -0.0000	      +inf	 +0.0025	 +1989.023	 +0.0316	 -3.2580
1779640207.448	 +100.0	 +10.0	 +5.0000	 -0.0000	      +inf	 -0.0039	 -1296.183	 +0.0303	 -3.2193
1779640207.547	 +100.0	 +10.0	 +5.0000	 -0.0000	      +inf	 +0.0038	 +1306.213	 +0.0154	 -3.2583
1779640207.647	 +100.0	 +10.0	 +5.0000	 -0.0000	      +inf	 +0.0024	 +2123.383	 +0.0250	 -3.2638
1779640207.748	 +100.0	 +10.0	 +5.0000	 -0.0000	      +inf	 +0.0042	 +1202.519	 +0.0314	 -3.2571
1779640207.848	 +100.0	 +10.0	 +5.0000	 -0.0000	      +inf	 -0.0042	 -1203.625	 +0.0339	 -3.2214
1779640207.948	 +100.0	 +10.0	 +5.0000	 -0.0000	      +inf	 -0.0044	 -1130.707	 +0.0321	 -3.2244
1779640208.048	 +100.0	 +10.0	 +5.0000	 -0.0000	      +inf	 +0.0042	 +1184.153	 +0.0339	 -3.2564
1779640208.147	 +100.0	 +10.0	 +5.0000	 -0.0000	      +inf	 +0.0027	 +1824.114	 +0.0166	 -3.2660
1779640208.248	 +100.0	 +10.0	 +5.0000	 -0.0000	      +inf	 -0.0045	 -1117.811	 +0.0293	 -3.2341
1779640208.347	 +100.0	 +10.0	 +5.0000	 -0.0000	      +inf	 +0.0033	 +1493.918	 +0.0154	 -3.2515
1779640208.448	 +100.0	 +10.0	 +5.0000	 -0.0000	      +inf	 -0.0027	 -1831.413	 +0.0337	 -3.2206
1779640208.548	 +100.0	 +10.0	 +5.0000	 -0.0000	      +inf	 +0.0035	 +1432.194	 +0.0296	 -3.2626
1779640208.648	 +100.0	 +10.0	 +5.0000	 -0.0000	      +inf	 -0.0043	 -1165.256	 +0.0300	 -3.2264
1779640208.748	 +100.0	 +10.0	 +5.0000	 -0.0000	      +inf	 -0.0026	 -1949.435	 +0.0189	 -3.2299
1779640208.848	 +100.0	 +10.0	 +5.0000	 -0.0000	      +inf	 -0.0032	 -1578.368	 +0.0241	 -3.2335
1779640208.948	 +100.0	 +10.0	 +5.0000	 -0.0000	      +inf	 +0.0033	 +1529.593	 +0.0278	 -3.2574
1779640209.047	 +100.0	 +10.0	 +5.0000	 -0.0000	      +inf	 +0.0041	 +1225.803	 +0.0301	 -3.2603
1779640209.147	 +100.0	 +10.0	 +5.0000	 -0.0000	      +inf	 -0.0042	 -1178.546	 +0.0322	 -3.2267
1779640209.248	 +100.0	 +10.0	 +5.0000	 -0.0000	      +inf	 +0.0043	 +1172.550	 +0.0221	 -3.2565
1779640209.348	 +100.0	 +10.0	 +5.0000	 -0.0000	      +inf	 -0.0038	 -1331.839	 +0.0233	 -3.2245
1779640209.448	 +100.0	 +10.0	 +5.0000	 -0.0000	      +inf	 +0.0037	 +1358.001	 +0.0310	 -3.2616
1779640209.547	 +100.0	 +10.0	 +5.0000	 -0.0000	      +inf	 -0.0042	 -1182.006	 +0.0215	 -3.2167
1779640209.648	 +100.0	 +10.0	 +5.0000	 -0.0000	      +inf	 -0.0028	 -1790.916	 +0.0205	 -3.2179
1779640209.748	 +100.0	 +10.0	 +5.0000	 -0.0000	      +inf	 +0.0034	 +1459.663	 +0.0337	 -3.2568
1779640209.848	 +100.0	 +10.0	 +5.0000	 -0.0000	      +inf	 -0.0032	 -1566.396	 +0.0293	 -3.2306
1779640209.948	 +100.0	 +10.0	 +5.0000	 -0.0000	      +inf	 +0.0030	 +1662.240	 +0.0187	 -3.2686
1779640210.048	 +100.0	 +10.0	 +5.0000	 -0.0000	      +inf	 -0.0035	 -1419.409	 +0.0306	 -3.2165
1779640210.147	 +100.0	 +10.0	 +5.0000	 -0.0000	      +inf	 +0.0025	 +1995.139	 +0.0222	 -3.2656
1779640210.248	 +100.0	 +10.0	 +5.0000	 -0.0000	      +inf	 +0.0025	 +2019.390	 +0.0204	 -3.2516
1779640210.347	 +100.0	 +10.0	 +5.0000	 -0.0000	      +inf	 -0.0045	 -1114.086	 +0.0315	 -3.2352
1779640210.447	 +100.0	 +10.0	 +5.0000	 -0.0000	      +inf	 +0.0033	 +1497.844	 +0.0226	 -3.2689
1779640210.547	 +100.0	 +10.0	 +5.0000	 -0.0000	      +inf	 -0.0039	 -1265.914	 +0.0322	 -3.2168
1779640210.648	 +100.0	 +10.0	 +5.0000	 -0.0000	      +inf	 +0.0034	 +1474.023	 +0.0251	 -3.2615
1779640210.748	 +100.0	 +10.0	 +5.0000	 -0.0000	      +inf	 -0.0026	 -1909.625	 +0.0153	 -3.2219
1779640210.848	 +100.0	 +10.0	 +5.0000	 -0.0000	      +inf	 +0.0037	 +1340.320	 +0.0241	 -3.2670
1779640210.948	 +100.0	 +10.0	 +5.0000	 -0.0000	      +inf	 -0.0034	 -1464.344	 +0.0273	 -3.2246
1779640211.048	 +100.0	 +10.0	 +5.0000	 -0.0000	      +inf	 +0.0043	 +1164.250	 +0.0180	 -3.2690
1779640211.148	 +100.0	 +10.0	 +5.0000	 -0.0000	      +inf	 -0.0045	 -1115.847	 +0.0188	 -3.2289
1779640211.247	 +100.0	 +10.0	 +5.0000	 -0.0000	      +inf	 +0.0041	 +1214.642	 +0.0302	 -3.2547
1779640211.348	 +100.0	 +10.0	 +5.0000	 -0.0000	      +inf	 +0.0033	 +1503.623	 +0.0161	 -3.2566
1779640211.447	 +100.0	 +10.0	 +5.0000	 -0.0000	      +inf	 -0.0037	 -1365.864	 +0.0221	 -3.2225
1779640211.548	 +100.0	 +10.0	 +5.0000	 -0.0000	      +inf	 +0.0035	 +1440.778	 +0.0300	 -3.2593
1779640211.647	 +100.0	 +10.0	 +5.0000	 -0.0000	      +inf	 -0.0029	 -1730.988	 +0.0325	 -3.2300
1779640211.748	 +100.0	 +10.0	 +5.0000	 -0.0000	      +inf	 +0.0032	 +1553.618	 +0.0203	 -3.2622
1779640211.848	 +100.0	 +10.0	 +5.0000	 -0.0000	      +inf	 -0.0042	 -1178.382	 +0.0154	 -3.2186
1779640211.948	 +100.0	 +10.0	 +5.0000	 -0.0000	      +inf	 +0.0047	 +1073.603	 +0.0251	 -3.2703
1779640212.047	 +100.0	 +10.0	 +5.0000	 -0.0000	      +inf	 -0.0025	 -2003.033	 +0.0594	 -3.2540
1779640212.148	 +100.0	 +10.0	 +5.0000	 -0.0000	      +inf	 -0.0013	 -3739.232	 +0.0756	 -3.2433
1779640212.248	 +100.0	 +10.0	 +5.0000	 -0.0000	      +inf	 -0.0034	 -1484.518	 +0.0894	 -3.2450
1779640212.348	 +100.0	 +10.0	 +5.0000	 -0.0000	      +inf	 +0.0029	 +1721.766	 +0.0842	 -3.2753
1779640212.447	 +100.0	 +10.0	 +5.0000	 -0.0000	      +inf	 -0.0022	 -2315.886	 +0.0487	 -3.2457
1779640212.548	 +100.0	 +10.0	 +5.0000	 -0.0000	      +inf	 +0.0014	 +3504.508	 +0.0405	 -3.2760
1779640212.648	 +100.0	 +10.0	 +5.0000	 -0.0000	      +inf	 -0.0050	  -991.012	 +0.0071	 -3.2513
1779640212.748	 +100.0	 +10.0	 +5.0000	 -0.0000	      +inf	 +0.0045	 +1117.440	 -0.0078	 -3.2917
1779640212.847	 +100.0	 +10.0	 +5.0000	 -0.0000	      +inf	 -0.0038	 -1313.561	 -0.0286	 -3.2691
1779640212.948	 +100.0	 +10.0	 +5.0000	 -0.0000	      +inf	 +0.0044	 +1141.124	 -0.0075	 -3.2922
1779640213.048	 +100.0	 +10.0	 +5.0000	 -0.0000	      +inf	 -0.0028	 -1799.847	 -0.0006	 -3.2441
1779640213.147	 +100.0	 +10.0	 +5.0000	 -0.0000	      +inf	 +0.0024	 +2062.837	 +0.0071	 -3.2672
1779640213.248	 +100.0	 +10.0	 +5.0000	 -0.0000	      +inf	 -0.0031	 -1605.485	 +0.0181	 -3.2316
1779640213.347	 +100.0	 +10.0	 +5.0000	 -0.0000	      +inf	 -0.0026	 -1954.678	 +0.0303	 -3.2301
1779640213.447	 +100.0	 +10.0	 +5.0000	 -0.0000	      +inf	 +0.0033	 +1507.463	 +0.0189	 -3.2636
1779640213.548	 +100.0	 +10.0	 +5.0000	 -0.0000	      +inf	 -0.0044	 -1148.695	 +0.0209	 -3.2313
1779640213.647	 +100.0	 +10.0	 +5.0000	 -0.0000	      +inf	 -0.0034	 -1487.180	 +0.0249	 -3.2198
1779640213.748	 +100.0	 +10.0	 +5.0000	 -0.0000	      +inf	 +0.0024	 +2070.799	 +0.0212	 -3.2679
1779640213.848	 +100.0	 +10.0	 +5.0000	 -0.0000	      +inf	 -0.0030	 -1682.774	 +0.0293	 -3.2347
1779640213.948	 +100.0	 +10.0	 +5.0000	 -0.0000	      +inf	 +0.0023	 +2135.815	 +0.0197	 -3.2658
1779640214.047	 +100.0	 +10.0	 +5.0000	 -0.0000	      +inf	 +0.0029	 +1736.990	 +0.0224	 -3.2694
1779640214.147	 +100.0	 +10.0	 +5.0000	 -0.0000	      +inf	 -0.0034	 -1465.464	 +0.0183	 -3.2338
1779640214.247	 +100.0	 +10.0	 +5.0000	 -0.0000	      +inf	 -0.0034	 -1482.062	 +0.0283	 -3.2313
1779640214.347	 +100.0	 +10.0	 +5.0000	 -0.0000	      +inf	 +0.0038	 +1323.344	 +0.0341	 -3.2506
1779640214.447	 +100.0	 +10.0	 +5.0000	 -0.0000	      +inf	 -0.0044	 -1129.325	 +0.0228	 -3.2235
1779640214.548	 +100.0	 +10.0	 +5.0000	 -0.0000	      +inf	 -0.0030	 -1649.945	 +0.0277	 -3.2189
1779640214.648	 +100.0	 +10.0	 +5.0000	 -0.0000	      +inf	 +0.0038	 +1318.325	 +0.0308	 -3.2699
1779640214.748	 +100.0	 +10.0	 +5.0000	 -0.0000	      +inf	 -0.0029	 -1726.786	 +0.0248	 -3.2258
1779640214.848	 +100.0	 +10.0	 +5.0000	 -0.0000	      +inf	 +0.0027	 +1872.856	 +0.0153	 -3.2659
1779640214.948	 +100.0	 +10.0	 +5.0000	 -0.0000	      +inf	 +0.0040	 +1252.815	 +0.0295	 -3.2616
1779640215.048	 +100.0	 +10.0	 +5.0000	 -0.0000	      +inf	 +0.0038	 +1322.915	 +0.0339	 -3.2654
1779640215.147	 +100.0	 +10.0	 +5.0000	 -0.0000	      +inf	 -0.0044	 -1144.572	 +0.0289	 -3.2258
1779640215.248	 +100.0	 +10.0	 +5.0000	 -0.0000	      +inf	 +0.0038	 +1300.390	 +0.0156	 -3.2613
1779640215.347	 +100.0	 +10.0	 +5.0000	 -0.0000	      +inf	 +0.0034	 +1487.370	 +0.0292	 -3.2572
1779640215.448	 +100.0	 +10.0	 +5.0000	 -0.0000	      +inf	 +0.0038	 +1300.139	 +0.0192	 -3.2627
1779640215.547	 +100.0	 +10.0	 +5.0000	 -0.0000	      +inf	 -0.0026	 -1958.848	 +0.0210	 -3.2298
1779640215.648	 +100.0	 +10.0	 +5.0000	 -0.0000	      +inf	 +0.0029	 +1726.330	 +0.0260	 -3.2615
1779640215.748	 +100.0	 +10.0	 +5.0000	 -0.0000	      +inf	 -0.0033	 -1518.391	 +0.0177	 -3.2304
1779640215.848	 +100.0	 +10.0	 +5.0000	 -0.0000	      +inf	 -0.0029	 -1726.171	 +0.0331	 -3.2163
1779640215.948	 +100.0	 +10.0	 +5.0000	 -0.0000	      +inf	 -0.0030	 -1667.746	 +0.0175	 -3.2264
1779640216.047	 +100.0	 +10.0	 +5.0000	 -0.0000	      +inf	 -0.0025	 -1969.156	 +0.0243	 -3.2235
1779640216.148	 +100.0	 +10.0	 +5.0000	 -0.0000	      +inf	 -0.0034	 -1488.717	 +0.0240	 -3.2331
1779640216.247	 +100.0	 +10.0	 +5.0000	 -0.0000	      +inf	 +0.0038	 +1330.663	 +0.0179	 -3.2661
1779640216.348	 +100.0	 +10.0	 +5.0000	 -0.0000	      +inf	 -0.0040	 -1244.964	 +0.0342	 -3.2252
1779640216.447	 +100.0	 +10.0	 +5.0000	 -0.0000	      +inf	 -0.0043	 -1150.311	 +0.0189	 -3.2332
1779640220.136	 +100.0	 +10.0	 +5.0000	 -0.0000	      +inf	 -0.0045	 -1118.680	 +0.0240	 -3.2265
1779640220.148	 +100.0	 +10.0	 +5.0000	 -0.0000	      +inf	 +0.0039	 +1271.888	 +0.0184	 -3.2694
1779640220.247	 +100.0	 +10.0	 +5.0000	 -0.0000	      +inf	 -0.0033	 -1518.009	 +0.0214	 -3.2290
1779640220.348	 +100.0	 +10.0	 +5.0000	 -0.0000	      +inf	 -0.0033	 -1504.558	 +0.0245	 -3.2298
1779640220.448	 +100.0	 +10.0	 +5.0000	 -0.0000	      +inf	 +0.0037	 +1340.865	 +0.0221	 -3.2686
1779640220.548	 +100.0	 +10.0	 +5.0000	 -0.0000	      +inf	 -0.0029	 -1736.732	 +0.0307	 -3.2241
1779640220.648	 +100.0	 +10.0	 +5.0000	 -0.0000	      +inf	 +0.0028	 +1805.588	 +0.0293	 -3.2694
1779640220.747	 +100.0	 +10.0	 +5.0000	 -0.0000	      +inf	 -0.0044	 -1143.368	 +0.0197	 -3.2180
1779640220.848	 +100.0	 +10.0	 +5.0000	 -0.0000	      +inf	 +0.0033	 +1516.447	 +0.0210	 -3.2680
1779640220.947	 +100.0	 +10.0	 +5.0000	 -0.0000	      +inf	 +0.0035	 +1423.339	 +0.0184	 -3.2665
1779640221.048	 +100.0	 +10.0	 +5.0000	 -0.0000	      +inf	 -0.0035	 -1435.563	 +0.0275	 -3.2204
1779640221.147	 +100.0	 +10.0	 +5.0000	 -0.0000	      +inf	 +0.0043	 +1174.989	 +0.0182	 -3.2544
1779640221.247	 +100.0	 +10.0	 +5.0000	 -0.0000	      +inf	 -0.0028	 -1790.219	 +0.0175	 -3.2308
1779640221.348	 +100.0	 +10.0	 +5.0000	 -0.0000	      +inf	 +0.0034	 +1486.806	 +0.0305	 -3.2507
1779640221.448	 +100.0	 +10.0	 +5.0000	 -0.0000	      +inf	 -0.0028	 -1796.286	 +0.0208	 -3.2163
1779640221.548	 +100.0	 +10.0	 +5.0000	 -0.0000	      +inf	 -0.0045	 -1110.278	 +0.0222	 -3.2231
1779640221.648	 +100.0	 +10.0	 +5.0000	 -0.0000	      +inf	 +0.0026	 +1947.156	 +0.0193	 -3.2544
1779640221.748	 +100.0	 +10.0	 +5.0000	 -0.0000	      +inf	 +0.0039	 +1289.795	 +0.0213	 -3.2547
1779640221.848	 +100.0	 +10.0	 +5.0000	 -0.0000	      +inf	 -0.0037	 -1360.107	 +0.0331	 -3.2325
1779640221.948	 +100.0	 +10.0	 +5.0000	 -0.0000	      +inf	 +0.0036	 +1374.500	 +0.0228	 -3.2612
1779640222.048	 +100.0	 +10.0	 +5.0000	 -0.0000	      +inf	 -0.0034	 -1453.977	 +0.0170	 -3.2320
1779640222.148	 +100.0	 +10.0	 +5.0000	 -0.0000	      +inf	 -0.0034	 -1457.318	 +0.0155	 -3.2305
1779640222.248	 +100.0	 +10.0	 +5.0000	 -0.0000	      +inf	 +0.0041	 +1215.651	 +0.0150	 -3.2572
1779640222.348	 +100.0	 +10.0	 +5.0000	 -0.0000	      +inf	 -0.0042	 -1191.086	 +0.0271	 -3.2345
1779640222.448	 +100.0	 +10.0	 +5.0000	 -0.0000	      +inf	 -0.0036	 -1381.587	 +0.0167	 -3.2283
1779640222.548	 +100.0	 +10.0	 +5.0000	 -0.0000	      +inf	 +0.0025	 +1984.385	 +0.0312	 -3.2538
1779640222.648	 +100.0	 +10.0	 +5.0000	 -0.0000	      +inf	 -0.0032	 -1574.641	 +0.0295	 -3.2239
1779640222.748	 +100.0	 +10.0	 +5.0000	 -0.0000	      +inf	 +0.0027	 +1850.126	 +0.0208	 -3.2638
1779640222.848	 +100.0	 +10.0	 +5.0000	 -0.0000	      +inf	 -0.0036	 -1386.785	 +0.0210	 -3.2180
1779640222.948	 +100.0	 +10.0	 +5.0000	 -0.0000	      +inf	 -0.0040	 -1240.381	 +0.0195	 -3.2343
1779640223.047	 +100.0	 +10.0	 +5.0000	 -0.0000	      +inf	 -0.0031	 -1612.610	 +0.0277	 -3.2227
1779640223.148	 +100.0	 +10.0	 +5.0000	 -0.0000	      +inf	 -0.0035	 -1409.744	 +0.0281	 -3.2256
1779640223.248	 +100.0	 +10.0	 +5.0000	 -0.0000	      +inf	 +0.0038	 +1308.772	 +0.0315	 -3.2593
1779640223.348	 +100.0	 +10.0	 +5.0000	 -0.0000	      +inf	 -0.0043	 -1164.612	 +0.0191	 -3.2224
1779640223.448	 +100.0	 +10.0	 +5.0000	 -0.0000	      +inf	 +0.0033	 +1512.380	 +0.0155	 -3.2655
1779640223.548	 +100.0	 +10.0	 +5.0000	 -0.0000	      +inf	 -0.0031	 -1607.967	 +0.0309	 -3.2217
1779640223.648	 +100.0	 +10.0	 +5.0000	 -0.0000	      +inf	 +0.0035	 +1443.145	 +0.0239	 -3.2578
1779640223.747	 +100.0	 +10.0	 +5.0000	 -0.0000	      +inf	 +0.0037	 +1361.653	 +0.0321	 -3.2668
1779640223.848	 +100.0	 +10.0	 +5.0000	 -0.0000	      +inf	 -0.0031	 -1593.823	 +0.0304	 -3.2361
1779640223.947	 +100.0	 +10.0	 +5.0000	 -0.0000	      +inf	 -0.0034	 -1477.555	 +0.0187	 -3.2225
1779640224.047	 +100.0	 +10.0	 +5.0000	 -0.0000	      +inf	 -0.0041	 -1209.437	 +0.0300	 -3.2249
1779640224.147	 +100.0	 +10.0	 +5.0000	 -0.0000	      +inf	 +0.0042	 +1181.025	 +0.0240	 -3.2630
1779640224.248	 +100.0	 +10.0	 +5.0000	 -0.0000	      +inf	 -0.0031	 -1625.567	 +0.0256	 -3.2341
1779640224.348	 +100.0	 +10.0	 +5.0000	 -0.0000	      +inf	 -0.0037	 -1351.428	 +0.0304	 -3.2261
1779640224.448	 +100.0	 +10.0	 +5.0000	 -0.0000	      +inf	 -0.0038	 -1323.469	 +0.0341	 -3.2300
1779640224.548	 +100.0	 +10.0	 +5.0000	 -0.0000	      +inf	 +0.0032	 +1570.241	 +0.0311	 -3.2628
1779640224.648	 +100.0	 +10.0	 +5.0000	 -0.0000	      +inf	 -0.0019	 -2680.502	 +0.0549	 -3.2529
1779640224.748	 +100.0	 +10.0	 +5.0000	 -0.0000	      +inf	 +0.0036	 +1386.827	 +0.0705	 -3.2717
1779640224.847	 +100.0	 +10.0	 +5.0000	 -0.0000	      +inf	 -0.0028	 -1812.351	 +0.0806	 -3.2532
1779640224.947	 +100.0	 +10.0	 +5.0000	 -0.0000	      +inf	 -0.0035	 -1410.960	 +0.0810	 -3.2421
1779640225.047	 +100.0	 +10.0	 +5.0000	 -0.0000	      +inf	 -0.0017	 -2938.168	 +0.0469	 -3.2608
1779640225.148	 +100.0	 +10.0	 +5.0000	 -0.0000	      +inf	 +0.0015	 +3308.301	 +0.0332	 -3.2675
1779640225.248	 +100.0	 +10.0	 +5.0000	 -0.0000	      +inf	 -0.0040	 -1251.610	 +0.0041	 -3.2471
1779640225.348	 +100.0	 +10.0	 +5.0000	 -0.0000	      +inf	 -0.0027	 -1881.863	 -0.0288	 -3.2759
1779640225.448	 +100.0	 +10.0	 +5.0000	 -0.0000	      +inf	 +0.0038	 +1324.099	 -0.0170	 -3.2984
1779640225.548	 +100.0	 +10.0	 +5.0000	 -0.0000	      +inf	 +0.0030	 +1656.121	 -0.0121	 -3.2981
1779640225.647	 +100.0	 +10.0	 +5.0000	 -0.0000	      +inf	 -0.0024	 -2072.800	 -0.0146	 -3.2554
1779640225.748	 +100.0	 +10.0	 +5.0000	 -0.0000	      +inf	 -0.0043	 -1165.867	 +0.0071	 -3.2342
1779640225.847	 +100.0	 +10.0	 +5.0000	 -0.0000	      +inf	 -0.0042	 -1185.156	 +0.0271	 -3.2326
1779640225.948	 +100.0	 +10.0	 +5.0000	 -0.0000	      +inf	 +0.0037	 +1361.398	 +0.0268	 -3.2517
1779640226.047	 +100.0	 +10.0	 +5.0000	 -0.0000	      +inf	 +0.0042	 +1204.432	 +0.0294	 -3.2611
1779640226.148	 +100.0	 +10.0	 +5.0000	 -0.0000	      +inf	 -0.0040	 -1251.595	 +0.0224	 -3.2346
1779640226.248	 +100.0	 +10.0	 +5.0000	 -0.0000	      +inf	 +0.0030	 +1667.601	 +0.0347	 -3.2489
1779640226.348	 +100.0	 +10.0	 +5.0000	 -0.0000	      +inf	 +0.0035	 +1438.242	 +0.0220	 -3.2656
1779640226.447	 +100.0	 +10.0	 +5.0000	 -0.0000	      +inf	 +0.0031	 +1600.430	 +0.0170	 -3.2541
1779640226.548	 +100.0	 +10.0	 +5.0000	 -0.0000	      +inf	 +0.0038	 +1305.852	 +0.0180	 -3.2540
1779640226.647	 +100.0	 +10.0	 +5.0000	 -0.0000	      +inf	 -0.0038	 -1301.616	 +0.0257	 -3.2292
1779640226.748	 +100.0	 +10.0	 +5.0000	 -0.0000	      +inf	 -0.0030	 -1655.773	 +0.0149	 -3.2265
1779640226.848	 +100.0	 +10.0	 +5.0000	 -0.0000	      +inf	 +0.0024	 +2081.382	 +0.0345	 -3.2639
1779640226.947	 +100.0	 +10.0	 +5.0000	 -0.0000	      +inf	 +0.0035	 +1432.281	 +0.0261	 -3.2591
1779640227.047	 +100.0	 +10.0	 +5.0000	 -0.0000	      +inf	 -0.0031	 -1588.111	 +0.0200	 -3.2346
1779640227.147	 +100.0	 +10.0	 +5.0000	 -0.0000	      +inf	 -0.0026	 -1901.653	 +0.0176	 -3.2313
1779640227.248	 +100.0	 +10.0	 +5.0000	 -0.0000	      +inf	 +0.0042	 +1189.498	 +0.0340	 -3.2622
1779640227.348	 +100.0	 +10.0	 +5.0000	 -0.0000	      +inf	 -0.0035	 -1440.873	 +0.0220	 -3.2266
1779640227.448	 +100.0	 +10.0	 +5.0000	 -0.0000	      +inf	 +0.0028	 +1791.398	 +0.0219	 -3.2601
1779640227.548	 +100.0	 +10.0	 +5.0000	 -0.0000	      +inf	 -0.0035	 -1426.517	 +0.0169	 -3.2168
1779640227.647	 +100.0	 +10.0	 +5.0000	 -0.0000	      +inf	 -0.0031	 -1601.540	 +0.0231	 -3.2241
1779640227.748	 +100.0	 +10.0	 +5.0000	 -0.0000	      +inf	 -0.0031	 -1590.824	 +0.0231	 -3.2233
1779640227.848	 +100.0	 +10.0	 +5.0000	 -0.0000	      +inf	 +0.0031	 +1606.692	 +0.0173	 -3.2558
1779640227.948	 +100.0	 +10.0	 +5.0000	 -0.0000	      +inf	 -0.0030	 -1650.090	 +0.0223	 -3.2284
1779640228.047	 +100.0	 +10.0	 +5.0000	 -0.0000	      +inf	 +0.0030	 +1668.315	 +0.0207	 -3.2646
1779640228.148	 +100.0	 +10.0	 +5.0000	 -0.0000	      +inf	 +0.0033	 +1537.078	 +0.0311	 -3.2554
1779640228.248	 +100.0	 +10.0	 +5.0000	 -0.0000	      +inf	 +0.0025	 +1984.063	 +0.0232	 -3.2504
1779640228.348	 +100.0	 +10.0	 +5.0000	 -0.0000	      +inf	 -0.0029	 -1718.050	 +0.0261	 -3.2258
1779640228.448	 +100.0	 +10.0	 +5.0000	 -0.0000	      +inf	 +0.0039	 +1287.929	 +0.0212	 -3.2577
1779640228.548	 +100.0	 +10.0	 +5.0000	 -0.0000	      +inf	 -0.0026	 -1926.011	 +0.0281	 -3.2241
1779640228.648	 +100.0	 +10.0	 +5.0000	 -0.0000	      +inf	 -0.0042	 -1190.347	 +0.0176	 -3.2199
1779640228.748	 +100.0	 +10.0	 +5.0000	 -0.0000	      +inf	 -0.0025	 -1975.716	 +0.0307	 -3.2360
1779640228.848	 +100.0	 +10.0	 +5.0000	 -0.0000	      +inf	 -0.0032	 -1567.290	 +0.0256	 -3.2270
1779640228.948	 +100.0	 +10.0	 +5.0000	 -0.0000	      +inf	 -0.0026	 -1918.683	 +0.0238	 -3.2222
1779640229.047	 +100.0	 +10.0	 +5.0000	 -0.0000	      +inf	 +0.0033	 +1520.669	 +0.0341	 -3.2579
1779640229.148	 +100.0	 +10.0	 +5.0000	 -0.0000	      +inf	 +0.0036	 +1383.026	 +0.0228	 -3.2533
1779640229.248	 +100.0	 +10.0	 +5.0000	 -0.0000	      +inf	 -0.0039	 -1283.765	 +0.0308	 -3.2352
1779640229.348	 +100.0	 +10.0	 +5.0000	 -0.0000	      +inf	 +0.0034	 +1480.801	 +0.0309	 -3.2577
1779640229.448	 +100.0	 +10.0	 +5.0000	 -0.0000	      +inf	 +0.0028	 +1800.869	 +0.0328	 -3.2642
1779640229.548	 +100.0	 +10.0	 +5.0000	 -0.0000	      +inf	 -0.0035	 -1437.125	 +0.0149	 -3.2251
1779640229.647	 +100.0	 +10.0	 +5.0000	 -0.0000	      +inf	 +0.0028	 +1756.677	 +0.0249	 -3.2590
1779640229.748	 +100.0	 +10.0	 +5.0000	 -0.0000	      +inf	 +0.0039	 +1286.945	 +0.0239	 -3.2600
1779640229.848	 +100.0	 +10.0	 +5.0000	 -0.0000	      +inf	 -0.0045	 -1114.374	 +0.0160	 -3.2348
1779640229.948	 +100.0	 +10.0	 +5.0000	 -0.0000	      +inf	 +0.0038	 +1329.735	 +0.0202	 -3.2655
1779640230.048	 +100.0	 +10.0	 +5.0000	 -0.0000	      +inf	 +0.0033	 +1498.495	 +0.0306	 -3.2518
1779640230.147	 +100.0	 +10.0	 +5.0000	 -0.0000	      +inf	 -0.0037	 -1356.493	 +0.0285	 -3.2317
1779640230.248	 +100.0	 +10.0	 +5.0000	 -0.0000	      +inf	 -0.0038	 -1309.522	 +0.0253	 -3.2340
1779640230.348	 +100.0	 +10.0	 +5.0000	 -0.0000	      +inf	 +0.0031	 +1639.229	 +0.0159	 -3.2630
1779640230.448	 +100.0	 +10.0	 +5.0000	 -0.0000	      +inf	 -0.0032	 -1541.186	 +0.0312	 -3.2236
1779640230.548	 +100.0	 +10.0	 +5.0000	 -0.0000	      +inf	 +0.0029	 +1734.223	 +0.0304	 -3.2648
1779640230.647	 +100.0	 +10.0	 +5.0000	 -0.0000	      +inf	 +0.0040	 +1238.977	 +0.0176	 -3.2663
1779640230.748	 +100.0	 +10.0	 +5.0000	 -0.0000	      +inf	 -0.0038	 -1305.465	 +0.0203	 -3.2299
1779640230.847	 +100.0	 +10.0	 +5.0000	 -0.0000	      +inf	 -0.0034	 -1463.215	 +0.0176	 -3.2286
1779640230.948	 +100.0	 +10.0	 +5.0000	 -0.0000	      +inf	 -0.0026	 -1919.364	 +0.0290	 -3.2238
1779640231.047	 +100.0	 +10.0	 +5.0000	 -0.0000	      +inf	 +0.0042	 +1196.046	 +0.0211	 -3.2516
1779640231.148	 +100.0	 +10.0	 +5.0000	 -0.0000	      +inf	 -0.0042	 -1193.406	 +0.0216	 -3.2210
1779640231.248	 +100.0	 +10.0	 +5.0000	 -0.0000	      +inf	 +0.0027	 +1818.553	 +0.0209	 -3.2501
1779640231.348	 +100.0	 +10.0	 +5.0000	 -0.0000	      +inf	 -0.0037	 -1366.268	 +0.0310	 -3.2299
1779640231.448	 +100.0	 +10.0	 +5.0000	 -0.0000	      +inf	 +0.0038	 +1322.727	 +0.0288	 -3.2515
1779640231.548	 +100.0	 +10.0	 +5.0000	 -0.0000	      +inf	 -0.0044	 -1132.168	 +0.0283	 -3.2289
1779640231.648	 +100.0	 +10.0	 +5.0000	 -0.0000	      +inf	 +0.0043	 +1165.893	 +0.0216	 -3.2525
1779640231.748	 +100.0	 +10.0	 +5.0000	 -0.0000	      +inf	 -0.0030	 -1645.732	 +0.0291	 -3.2238
1779640231.848	 +100.0	 +10.0	 +5.0000	 -0.0000	      +inf	 +0.0035	 +1447.585	 +0.0170	 -3.2678
1779640231.947	 +100.0	 +10.0	 +5.0000	 -0.0000	      +inf	 +0.0025	 +1972.438	 +0.0243	 -3.2584
1779640232.048	 +100.0	 +10.0	 +5.0000	 -0.0000	      +inf	 -0.0034	 -1471.164	 +0.0336	 -3.2332
1779640232.148	 +100.0	 +10.0	 +5.0000	 -0.0000	      +inf	 +0.0033	 +1533.306	 +0.0244	 -3.2515
1779640232.247	 +100.0	 +10.0	 +5.0000	 -0.0000	      +inf	 +0.0042	 +1189.620	 +0.0155	 -3.2595
1779640232.348	 +100.0	 +10.0	 +5.0000	 -0.0000	      +inf	 -0.0040	 -1235.810	 +0.0279	 -3.2308
1779640232.448	 +100.0	 +10.0	 +5.0000	 -0.0000	      +inf	 +0.0030	 +1656.813	 +0.0318	 -3.2680
1779640232.548	 +100.0	 +10.0	 +5.0000	 -0.0000	      +inf	 -0.0040	 -1256.663	 +0.0167	 -3.2191
1779640232.647	 +100.0	 +10.0	 +5.0000	 -0.0000	      +inf	 -0.0031	 -1631.183	 +0.0172	 -3.2219
1779640232.748	 +100.0	 +10.0	 +5.0000	 -0.0000	      +inf	 +0.0033	 +1530.687	 +0.0158	 -3.2528
1779640232.847	 +100.0	 +10.0	 +5.0000	 -0.0000	      +inf	 -0.0028	 -1786.270	 +0.0189	 -3.2180
1779640232.947	 +100.0	 +10.0	 +5.0000	 -0.0000	      +inf	 -0.0034	 -1481.246	 +0.0209	 -3.2337
1779640233.048	 +100.0	 +10.0	 +5.0000	 -0.0000	      +inf	 +0.0026	 +1903.870	 +0.0264	 -3.2582
1779640233.147	 +100.0	 +10.0	 +5.0000	 -0.0000	      +inf	 +0.0029	 +1701.776	 +0.0293	 -3.2539
1779640233.248	 +100.0	 +10.0	 +5.0000	 -0.0000	      +inf	 +0.0028	 +1760.891	 +0.0315	 -3.2591
1779640233.348	 +100.0	 +10.0	 +5.0000	 -0.0000	      +inf	 -0.0027	 -1849.022	 +0.0228	 -3.2361
1779640233.447	 +100.0	 +10.0	 +5.0000	 -0.0000	      +inf	 +0.0026	 +1899.297	 +0.0156	 -3.2639
1779640233.548	 +100.0	 +10.0	 +5.0000	 -0.0000	      +inf	 -0.0004	      +inf	 +0.0185	 -3.2383
1779640233.648	 +100.0	 +10.0	 +5.0000	 -0.0000	      +inf	 +0.0054	  +930.646	 +0.0410	 -3.2872
1779640233.748	 +100.0	 +10.0	 +5.0000	 -0.0000	      +inf	 -0.0009	      +inf	 +0.0642	 -3.2423
1779640233.848	 +100.0	 +10.0	 +5.0000	 -0.0000	      +inf	 -0.0020	 -2532.699	 +0.0902	 -3.2434
1779640233.948	 +100.0	 +10.0	 +5.0000	 -0.0000	      +inf	 +0.0023	 +2219.052	 +0.0719	 -3.2721
1779640234.048	 +100.0	 +10.0	 +5.0000	 -0.0000	      +inf	 +0.0028	 +1772.105	 +0.0582	 -3.2869
1779640234.148	 +100.0	 +10.0	 +5.0000	 -0.0000	      +inf	 +0.0005	      +inf	 +0.0360	 -3.2706
1779640234.248	 +100.0	 +10.0	 +5.0000	 -0.0000	      +inf	 +0.0032	 +1574.663	 +0.0090	 -3.2934
1779640234.348	 +100.0	 +10.0	 +5.0000	 -0.0000	      +inf	 +0.0050	  +999.815	 -0.0084	 -3.3057
1779640234.448	 +100.0	 +10.0	 +5.0000	 -0.0000	      +inf	 +0.0039	 +1290.465	 -0.0288	 -3.2956
1779640234.548	 +100.0	 +10.0	 +5.0000	 -0.0000	      +inf	 +0.0036	 +1381.639	 -0.0100	 -3.2890
1779640234.647	 +100.0	 +10.0	 +5.0000	 -0.0000	      +inf	 +0.0042	 +1202.606	 -0.0027	 -3.2890
1779640234.748	 +100.0	 +10.0	 +5.0000	 -0.0000	      +inf	 -0.0030	 -1639.966	 +0.0032	 -3.2397
1779640234.848	 +100.0	 +10.0	 +5.0000	 -0.0000	      +inf	 +0.0035	 +1426.700	 +0.0162	 -3.2686
1779640234.947	 +100.0	 +10.0	 +5.0000	 -0.0000	      +inf	 -0.0025	 -1993.713	 +0.0210	 -3.2191
1779640235.048	 +100.0	 +10.0	 +5.0000	 -0.0000	      +inf	 -0.0028	 -1811.699	 +0.0192	 -3.2220
1779640235.148	 +100.0	 +10.0	 +5.0000	 -0.0000	      +inf	 -0.0039	 -1285.476	 +0.0184	 -3.2290
1779640235.248	 +100.0	 +10.0	 +5.0000	 -0.0000	      +inf	 -0.0030	 -1680.870	 +0.0359	 -3.2322
1779640235.348	 +100.0	 +10.0	 +5.0000	 -0.0000	      +inf	 +0.0030	 +1669.523	 +0.0186	 -3.2673
1779640235.448	 +100.0	 +10.0	 +5.0000	 -0.0000	      +inf	 -0.0032	 -1555.471	 +0.0232	 -3.2334
1779640235.548	 +100.0	 +10.0	 +5.0000	 -0.0000	      +inf	 +0.0029	 +1746.294	 +0.0236	 -3.2605
1779640235.648	 +100.0	 +10.0	 +5.0000	 -0.0000	      +inf	 -0.0027	 -1850.989	 +0.0217	 -3.2286
1779640235.748	 +100.0	 +10.0	 +5.0000	 -0.0000	      +inf	 -0.0027	 -1864.962	 +0.0213	 -3.2200
1779640235.847	 +100.0	 +10.0	 +5.0000	 -0.0000	      +inf	 +0.0032	 +1584.024	 +0.0299	 -3.2581
1779640235.948	 +100.0	 +10.0	 +5.0000	 -0.0000	      +inf	 +0.0030	 +1669.394	 +0.0237	 -3.2523
1779640236.048	 +100.0	 +10.0	 +5.0000	 -0.0000	      +inf	 -0.0036	 -1397.447	 +0.0271	 -3.2285
1779640236.147	 +100.0	 +10.0	 +5.0000	 -0.0000	      +inf	 -0.0040	 -1254.878	 +0.0211	 -3.2193
1779640236.248	 +100.0	 +10.0	 +5.0000	 -0.0000	      +inf	 +0.0029	 +1708.114	 +0.0309	 -3.2642
1779640236.348	 +100.0	 +10.0	 +5.0000	 -0.0000	      +inf	 -0.0027	 -1824.172	 +0.0165	 -3.2310
1779640236.448	 +100.0	 +10.0	 +5.0000	 -0.0000	      +inf	 +0.0032	 +1546.145	 +0.0245	 -3.2554
1779640236.548	 +100.0	 +10.0	 +5.0000	 -0.0000	      +inf	 +0.0042	 +1180.341	 +0.0255	 -3.2511
1779640236.648	 +100.0	 +10.0	 +5.0000	 -0.0000	      +inf	 -0.0033	 -1518.274	 +0.0175	 -3.2280
1779640236.747	 +100.0	 +10.0	 +5.0000	 -0.0000	      +inf	 +0.0033	 +1523.359	 +0.0214	 -3.2683
1779640236.848	 +100.0	 +10.0	 +5.0000	 -0.0000	      +inf	 -0.0041	 -1228.121	 +0.0259	 -3.2360
1779640236.948	 +100.0	 +10.0	 +5.0000	 -0.0000	      +inf	 -0.0038	 -1316.333	 +0.0279	 -3.2186
1779640237.048	 +100.0	 +10.0	 +5.0000	 -0.0000	      +inf	 -0.0043	 -1168.679	 +0.0259	 -3.2191
1779640237.147	 +100.0	 +10.0	 +5.0000	 -0.0000	      +inf	 +0.0036	 +1403.066	 +0.0227	 -3.2597
1779640237.248	 +100.0	 +10.0	 +5.0000	 -0.0000	      +inf	 +0.0033	 +1513.838	 +0.0317	 -3.2691
1779640237.348	 +100.0	 +10.0	 +5.0000	 -0.0000	      +inf	 +0.0031	 +1593.009	 +0.0253	 -3.2592
1779640237.448	 +100.0	 +10.0	 +5.0000	 -0.0000	      +inf	 +0.0029	 +1696.236	 +0.0216	 -3.2581
1779640237.548	 +100.0	 +10.0	 +5.0000	 -0.0000	      +inf	 -0.0044	 -1127.757	 +0.0240	 -3.2241
1779640237.648	 +100.0	 +10.0	 +5.0000	 -0.0000	      +inf	 +0.0027	 +1848.994	 +0.0315	 -3.2638
1779640237.748	 +100.0	 +10.0	 +5.0000	 -0.0000	      +inf	 +0.0024	 +2107.898	 +0.0316	 -3.2543
1779640237.847	 +100.0	 +10.0	 +5.0000	 -0.0000	      +inf	 +0.0028	 +1761.678	 +0.0292	 -3.2514
1779640237.947	 +100.0	 +10.0	 +5.0000	 -0.0000	      +inf	 -0.0031	 -1605.498	 +0.0303	 -3.2255
1779640238.048	 +100.0	 +10.0	 +5.0000	 -0.0000	      +inf	 +0.0041	 +1208.073	 +0.0320	 -3.2649
1779640238.147	 +100.0	 +10.0	 +5.0000	 -0.0000	      +inf	 -0.0029	 -1695.844	 +0.0159	 -3.2308
1779640238.248	 +100.0	 +10.0	 +5.0000	 -0.0000	      +inf	 -0.0041	 -1218.162	 +0.0158	 -3.2295
1779640238.348	 +100.0	 +10.0	 +5.0000	 -0.0000	      +inf	 -0.0026	 -1925.013	 +0.0318	 -3.2176
1779640238.448	 +100.0	 +10.0	 +5.0000	 -0.0000	      +inf	 +0.0042	 +1193.613	 +0.0284	 -3.2687
1779640238.548	 +100.0	 +10.0	 +5.0000	 -0.0000	      +inf	 -0.0035	 -1438.074	 +0.0316	 -3.2304
1779640238.648	 +100.0	 +10.0	 +5.0000	 -0.0000	      +inf	 -0.0033	 -1510.809	 +0.0267	 -3.2297
1779640238.748	 +100.0	 +10.0	 +5.0000	 -0.0000	      +inf	 -0.0042	 -1198.448	 +0.0216	 -3.2272
1779640238.847	 +100.0	 +10.0	 +5.0000	 -0.0000	      +inf	 -0.0035	 -1419.825	 +0.0222	 -3.2332
1779640238.948	 +100.0	 +10.0	 +5.0000	 -0.0000	      +inf	 -0.0026	 -1922.626	 +0.0273	 -3.2230
1779640239.048	 +100.0	 +10.0	 +5.0000	 -0.0000	      +inf	 +0.0038	 +1305.193	 +0.0265	 -3.2569
1779640239.147	 +100.0	 +10.0	 +5.0000	 -0.0000	      +inf	 +0.0028	 +1771.698	 +0.0234	 -3.2699
1779640239.248	 +100.0	 +10.0	 +5.0000	 -0.0000	      +inf	 -0.0025	 -1988.222	 +0.0341	 -3.2318
1779640239.348	 +100.0	 +10.0	 +5.0000	 -0.0000	      +inf	 +0.0037	 +1346.580	 +0.0213	 -3.2639
1779640239.448	 +100.0	 +10.0	 +5.0000	 -0.0000	      +inf	 -0.0041	 -1211.603	 +0.0336	 -3.2305
1779640239.548	 +100.0	 +10.0	 +5.0000	 -0.0000	      +inf	 -0.0036	 -1378.841	 +0.0160	 -3.2337
1779640239.648	 +100.0	 +10.0	 +5.0000	 -0.0000	      +inf	 -0.0040	 -1262.949	 +0.0278	 -3.2268
1779640239.748	 +100.0	 +10.0	 +5.0000	 -0.0000	      +inf	 +0.0028	 +1778.930	 +0.0194	 -3.2613
1779640239.848	 +100.0	 +10.0	 +5.0000	 -0.0000	      +inf	 -0.0043	 -1157.949	 +0.0255	 -3.2238
1779640239.947	 +100.0	 +10.0	 +5.0000	 -0.0000	      +inf	 +0.0035	 +1417.429	 +0.0306	 -3.2687
1779640240.048	 +100.0	 +10.0	 +5.0000	 -0.0000	      +inf	 -0.0044	 -1144.956	 +0.0267	 -3.2237
1779640240.147	 +100.0	 +10.0	 +5.0000	 -0.0000	      +inf	 +0.0024	 +2044.190	 +0.0225	 -3.2596
1779640240.248	 +100.0	 +10.0	 +5.0000	 -0.0000	      +inf	 -0.0037	 -1368.669	 +0.0331	 -3.2187
1779640240.348	 +100.0	 +10.0	 +5.0000	 -0.0000	      +inf	 +0.0028	 +1793.803	 +0.0232	 -3.2587
1779640240.447	 +100.0	 +10.0	 +5.0000	 -0.0000	      +inf	 +0.0028	 +1767.650	 +0.0252	 -3.2523
1779640240.548	 +100.0	 +10.0	 +5.0000	 -0.0000	      +inf	 +0.0030	 +1675.111	 +0.0347	 -3.2582
1779640240.647	 +100.0	 +10.0	 +5.0000	 -0.0000	      +inf	 -0.0028	 -1791.005	 +0.0321	 -3.2217
1779640240.748	 +100.0	 +10.0	 +5.0000	 -0.0000	      +inf	 +0.0031	 +1626.274	 +0.0195	 -3.2618
1779640240.848	 +100.0	 +10.0	 +5.0000	 -0.0000	      +inf	 -0.0041	 -1214.857	 +0.0152	 -3.2361
1779640240.947	 +100.0	 +10.0	 +5.0000	 -0.0000	      +inf	 -0.0033	 -1529.309	 +0.0204	 -3.2169
1779640241.047	 +100.0	 +10.0	 +5.0000	 -0.0000	      +inf	 -0.0032	 -1543.017	 +0.0218	 -3.2243
1779640241.147	 +100.0	 +10.0	 +5.0000	 -0.0000	      +inf	 -0.0043	 -1162.885	 +0.0272	 -3.2170
1779640241.247	 +100.0	 +10.0	 +5.0000	 -0.0000	      +inf	 -0.0043	 -1162.570	 +0.0329	 -3.2316
1779640241.348	 +100.0	 +10.0	 +5.0000	 -0.0000	      +inf	 -0.0039	 -1288.942	 +0.0165	 -3.2280
1779640241.448	 +100.0	 +10.0	 +5.0000	 -0.0000	      +inf	 +0.0038	 +1332.993	 +0.0249	 -3.2584
1779640241.548	 +100.0	 +10.0	 +5.0000	 -0.0000	      +inf	 +0.0027	 +1831.357	 +0.0264	 -3.2549
1779640241.648	 +100.0	 +10.0	 +5.0000	 -0.0000	      +inf	 -0.0031	 -1598.959	 +0.0286	 -3.2258
1779640241.748	 +100.0	 +10.0	 +5.0000	 -0.0000	      +inf	 -0.0029	 -1736.609	 +0.0295	 -3.2176
1779640241.847	 +100.0	 +10.0	 +5.0000	 -0.0000	      +inf	 +0.0025	 +1985.546	 +0.0210	 -3.2679
1779640241.947	 +100.0	 +10.0	 +5.0000	 -0.0000	      +inf	 -0.0027	 -1844.467	 +0.0203	 -3.2242
1779640242.047	 +100.0	 +10.0	 +5.0000	 -0.0000	      +inf	 -0.0039	 -1286.012	 +0.0215	 -3.2267
1779640242.148	 +100.0	 +10.0	 +5.0000	 -0.0000	      +inf	 +0.0034	 +1478.213	 +0.0197	 -3.2644
1779640242.248	 +100.0	 +10.0	 +5.0000	 -0.0000	      +inf	 +0.0026	 +1921.420	 +0.0239	 -3.2685
1779640242.347	 +100.0	 +10.0	 +5.0000	 -0.0000	      +inf	 -0.0044	 -1125.617	 +0.0286	 -3.2338
1779640242.448	 +100.0	 +10.0	 +5.0000	 -0.0000	      +inf	 +0.0025	 +2002.643	 +0.0166	 -3.2520
1779640242.548	 +100.0	 +10.0	 +5.0000	 -0.0000	      +inf	 -0.0007	      +inf	 +0.0343	 -3.2416
1779640242.648	 +100.0	 +10.0	 +5.0000	 -0.0000	      +inf	 +0.0067	  +746.435	 +0.0343	 -3.2729
1779640242.748	 +100.0	 +10.0	 +5.0000	 -0.0000	      +inf	 +0.0045	 +1116.100	 +0.0742	 -3.2876
1779640242.848	 +100.0	 +10.0	 +5.0000	 -0.0000	      +inf	 -0.0031	 -1593.561	 +0.0831	 -3.2567
1779640242.948	 +100.0	 +10.0	 +5.0000	 -0.0000	      +inf	 -0.0016	 -3064.967	 +0.0837	 -3.2437
1779640243.047	 +100.0	 +10.0	 +5.0000	 -0.0000	      +inf	 -0.0031	 -1592.794	 +0.0465	 -3.2628
1779640243.148	 +100.0	 +10.0	 +5.0000	 -0.0000	      +inf	 +0.0040	 +1258.528	 +0.0446	 -3.2754
1779640243.247	 +100.0	 +10.0	 +5.0000	 -0.0000	      +inf	 +0.0013	 +3783.484	 -0.0023	 -3.2823
1779640243.347	 +100.0	 +10.0	 +5.0000	 -0.0000	      +inf	 -0.0032	 -1547.491	 -0.0248	 -3.2560
1779640243.447	 +100.0	 +10.0	 +5.0000	 -0.0000	      +inf	 +0.0034	 +1450.488	 -0.0254	 -3.2885
1779640243.548	 +100.0	 +10.0	 +5.0000	 -0.0000	      +inf	 -0.0026	 -1924.981	 -0.0060	 -3.2629
1779640243.647	 +100.0	 +10.0	 +5.0000	 -0.0000	      +inf	 +0.0032	 +1569.961	 -0.0050	 -3.2716
1779640243.747	 +100.0	 +10.0	 +5.0000	 -0.0000	      +inf	 +0.0037	 +1361.233	 +0.0067	 -3.2637
1779640243.848	 +100.0	 +10.0	 +5.0000	 -0.0000	      +inf	 +0.0034	 +1449.821	 +0.0070	 -3.2669
1779640243.948	 +100.0	 +10.0	 +5.0000	 -0.0000	      +inf	 -0.0031	 -1623.444	 +0.0304	 -3.2213
1779640244.047	 +100.0	 +10.0	 +5.0000	 -0.0000	      +inf	 -0.0038	 -1316.101	 +0.0322	 -3.2177
1779640244.147	 +100.0	 +10.0	 +5.0000	 -0.0000	      +inf	 +0.0036	 +1392.028	 +0.0358	 -3.2573
1779640244.248	 +100.0	 +10.0	 +5.0000	 -0.0000	      +inf	 -0.0035	 -1415.899	 +0.0230	 -3.2192
1779640244.347	 +100.0	 +10.0	 +5.0000	 -0.0000	      +inf	 +0.0042	 +1184.771	 +0.0272	 -3.2666
1779640244.447	 +100.0	 +10.0	 +5.0000	 -0.0000	      +inf	 +0.0024	 +2102.343	 +0.0336	 -3.2652
1779640244.548	 +100.0	 +10.0	 +5.0000	 -0.0000	      +inf	 -0.0038	 -1324.316	 +0.0288	 -3.2159
1779640244.647	 +100.0	 +10.0	 +5.0000	 -0.0000	      +inf	 -0.0035	 -1431.201	 +0.0165	 -3.2320
1779640244.747	 +100.0	 +10.0	 +5.0000	 -0.0000	      +inf	 -0.0030	 -1643.463	 +0.0258	 -3.2219
1779640244.847	 +100.0	 +10.0	 +5.0000	 -0.0000	      +inf	 -0.0042	 -1186.820	 +0.0324	 -3.2213
1779640244.948	 +100.0	 +10.0	 +5.0000	 -0.0000	      +inf	 +0.0034	 +1486.961	 +0.0217	 -3.2603
1779640245.047	 +100.0	 +10.0	 +5.0000	 -0.0000	      +inf	 +0.0035	 +1426.408	 +0.0162	 -3.2614
1779640245.148	 +100.0	 +10.0	 +5.0000	 -0.0000	      +inf	 -0.0031	 -1620.207	 +0.0256	 -3.2255
1779640245.247	 +100.0	 +10.0	 +5.0000	 -0.0000	      +inf	 +0.0030	 +1673.405	 +0.0303	 -3.2527
1779640245.348	 +100.0	 +10.0	 +5.0000	 -0.0000	      +inf	 +0.0041	 +1206.569	 +0.0221	 -3.2668
1779640245.448	 +100.0	 +10.0	 +5.0000	 -0.0000	      +inf	 -0.0044	 -1127.896	 +0.0237	 -3.2303
1779640245.548	 +100.0	 +10.0	 +5.0000	 -0.0000	      +inf	 +0.0029	 +1723.538	 +0.0169	 -3.2608
1779640245.647	 +100.0	 +10.0	 +5.0000	 -0.0000	      +inf	 +0.0042	 +1187.083	 +0.0228	 -3.2523
1779640245.748	 +100.0	 +10.0	 +5.0000	 -0.0000	      +inf	 +0.0023	 +2144.108	 +0.0169	 -3.2655
1779640245.848	 +100.0	 +10.0	 +5.0000	 -0.0000	      +inf	 +0.0028	 +1803.768	 +0.0244	 -3.2641
1779640245.947	 +100.0	 +10.0	 +5.0000	 -0.0000	      +inf	 +0.0031	 +1639.070	 +0.0348	 -3.2695
1779640246.047	 +100.0	 +10.0	 +5.0000	 -0.0000	      +inf	 -0.0042	 -1198.024	 +0.0154	 -3.2326
1779640246.147	 +100.0	 +10.0	 +5.0000	 -0.0000	      +inf	 +0.0037	 +1357.367	 +0.0338	 -3.2551
1779640246.247	 +100.0	 +10.0	 +5.0000	 -0.0000	      +inf	 +0.0039	 +1284.551	 +0.0204	 -3.2568
1779640246.348	 +100.0	 +10.0	 +5.0000	 -0.0000	      +inf	 -0.0032	 -1554.878	 +0.0226	 -3.2269
1779640246.448	 +100.0	 +10.0	 +5.0000	 -0.0000	      +inf	 +0.0036	 +1407.481	 +0.0177	 -3.2582
1779640246.548	 +100.0	 +10.0	 +5.0000	 -0.0000	      +inf	 -0.0036	 -1379.712	 +0.0183	 -3.2212
1779640246.648	 +100.0	 +10.0	 +5.0000	 -0.0000	      +inf	 -0.0037	 -1358.067	 +0.0288	 -3.2180
1779640246.748	 +100.0	 +10.0	 +5.0000	 -0.0000	      +inf	 +0.0025	 +2005.761	 +0.0329	 -3.2642
1779640246.848	 +100.0	 +10.0	 +5.0000	 -0.0000	      +inf	 -0.0041	 -1231.399	 +0.0216	 -3.2167
1779640246.947	 +100.0	 +10.0	 +5.0000	 -0.0000	      +inf	 +0.0035	 +1419.360	 +0.0152	 -3.2655
1779640247.048	 +100.0	 +10.0	 +5.0000	 -0.0000	      +inf	 +0.0029	 +1710.693	 +0.0292	 -3.2519
1779640247.147	 +100.0	 +10.0	 +5.0000	 -0.0000	      +inf	 +0.0029	 +1748.044	 +0.0336	 -3.2607
1779640247.247	 +100.0	 +10.0	 +5.0000	 -0.0000	      +inf	 +0.0029	 +1737.915	 +0.0334	 -3.2567
1779640247.348	 +100.0	 +10.0	 +5.0000	 -0.0000	      +inf	 -0.0039	 -1275.929	 +0.0250	 -3.2347
1779640247.448	 +100.0	 +10.0	 +5.0000	 -0.0000	      +inf	 +0.0040	 +1242.011	 +0.0242	 -3.2689
1779640247.548	 +100.0	 +10.0	 +5.0000	 -0.0000	      +inf	 -0.0029	 -1702.205	 +0.0340	 -3.2163
1779640247.648	 +100.0	 +10.0	 +5.0000	 -0.0000	      +inf	 +0.0026	 +1921.732	 +0.0306	 -3.2666
1779640247.747	 +100.0	 +10.0	 +5.0000	 -0.0000	      +inf	 +0.0033	 +1512.011	 +0.0166	 -3.2700
1779640247.848	 +100.0	 +10.0	 +5.0000	 -0.0000	      +inf	 -0.0031	 -1609.817	 +0.0259	 -3.2172
1779640247.948	 +100.0	 +10.0	 +5.0000	 -0.0000	      +inf	 -0.0036	 -1399.301	 +0.0252	 -3.2329
1779640248.048	 +100.0	 +10.0	 +5.0000	 -0.0000	      +inf	 +0.0042	 +1187.846	 +0.0235	 -3.2535
1779640248.147	 +100.0	 +10.0	 +5.0000	 -0.0000	      +inf	 +0.0038	 +1323.953	 +0.0235	 -3.2570
1779640248.247	 +100.0	 +10.0	 +5.0000	 -0.0000	      +inf	 -0.0031	 -1620.887	 +0.0186	 -3.2343
1779640248.347	 +100.0	 +10.0	 +5.0000	 -0.0000	      +inf	 -0.0030	 -1690.591	 +0.0168	 -3.2318
1779640248.448	 +100.0	 +10.0	 +5.0000	 -0.0000	      +inf	 -0.0036	 -1383.090	 +0.0154	 -3.2239
1779640248.548	 +100.0	 +10.0	 +5.0000	 -0.0000	      +inf	 +0.0023	 +2162.127	 +0.0219	 -3.2648
1779640248.648	 +100.0	 +10.0	 +5.0000	 -0.0000	      +inf	 -0.0025	 -1976.134	 +0.0254	 -3.2216
1779640248.748	 +100.0	 +10.0	 +5.0000	 -0.0000	      +inf	 +0.0027	 +1857.834	 +0.0269	 -3.2600
1779640248.848	 +100.0	 +10.0	 +5.0000	 -0.0000	      +inf	 -0.0038	 -1323.336	 +0.0286	 -3.2342
1779640248.948	 +100.0	 +10.0	 +5.0000	 -0.0000	      +inf	 +0.0039	 +1294.428	 +0.0316	 -3.2655
1779640249.047	 +100.0	 +10.0	 +5.0000	 -0.0000	      +inf	 -0.0028	 -1804.104	 +0.0197	 -3.2344
1779640249.148	 +100.0	 +10.0	 +5.0000	 -0.0000	      +inf	 -0.0043	 -1167.067	 +0.0224	 -3.2238
1779640249.247	 +100.0	 +10.0	 +5.0000	 -0.0000	      +inf	 -0.0039	 -1277.834	 +0.0252	 -3.2308
1779640249.348	 +100.0	 +10.0	 +5.0000	 -0.0000	      +inf	 +0.0028	 +1817.606	 +0.0247	 -3.2668
1779640249.448	 +100.0	 +10.0	 +5.0000	 -0.0000	      +inf	 -0.0029	 -1740.552	 +0.0236	 -3.2193
1779640249.548	 +100.0	 +10.0	 +5.0000	 -0.0000	      +inf	 +0.0039	 +1279.022	 +0.0299	 -3.2585
1779640249.648	 +100.0	 +10.0	 +5.0000	 -0.0000	      +inf	 -0.0041	 -1232.648	 +0.0209	 -3.2272
1779640249.748	 +100.0	 +10.0	 +5.0000	 -0.0000	      +inf	 -0.0027	 -1827.286	 +0.0292	 -3.2236
1779640249.848	 +100.0	 +10.0	 +5.0000	 -0.0000	      +inf	 +0.0036	 +1370.415	 +0.0250	 -3.2590
1779640249.947	 +100.0	 +10.0	 +5.0000	 -0.0000	      +inf	 +0.0037	 +1333.464	 +0.0213	 -3.2622
1779640250.047	 +100.0	 +10.0	 +5.0000	 -0.0000	      +inf	 +0.0026	 +1930.691	 +0.0258	 -3.2664
1779640250.148	 +100.0	 +10.0	 +5.0000	 -0.0000	      +inf	 -0.0028	 -1754.514	 +0.0174	 -3.2341
1779640250.248	 +100.0	 +10.0	 +5.0000	 -0.0000	      +inf	 +0.0024	 +2088.630	 +0.0323	 -3.2677
1779640250.348	 +100.0	 +10.0	 +5.0000	 -0.0000	      +inf	 -0.0044	 -1134.932	 +0.0247	 -3.2313
1779640250.448	 +100.0	 +10.0	 +5.0000	 -0.0000	      +inf	 +0.0031	 +1590.209	 +0.0187	 -3.2670
1779640250.547	 +100.0	 +10.0	 +5.0000	 -0.0000	      +inf	 +0.0041	 +1220.903	 +0.0241	 -3.2603
1779640250.648	 +100.0	 +10.0	 +5.0000	 -0.0000	      +inf	 +0.0040	 +1264.390	 +0.0243	 -3.2625
1779640250.748	 +100.0	 +10.0	 +5.0000	 -0.0000	      +inf	 -0.0026	 -1958.591	 +0.0307	 -3.2166
1779640250.847	 +100.0	 +10.0	 +5.0000	 -0.0000	      +inf	 +0.0032	 +1581.196	 +0.0349	 -3.2585
1779640250.948	 +100.0	 +10.0	 +5.0000	 -0.0000	      +inf	 +0.0042	 +1178.107	 +0.0286	 -3.2655
1779640251.047	 +100.0	 +10.0	 +5.0000	 -0.0000	      +inf	 -0.0040	 -1249.131	 +0.0338	 -3.2353
1779640251.147	 +100.0	 +10.0	 +5.0000	 -0.0000	      +inf	 +0.0029	 +1700.449	 +0.0245	 -3.2605
1779640251.247	 +100.0	 +10.0	 +5.0000	 -0.0000	      +inf	 +0.0035	 +1418.774	 +0.0202	 -3.2613
1779640251.348	 +100.0	 +10.0	 +5.0000	 -0.0000	      +inf	 -0.0036	 -1390.199	 +0.0208	 -3.2263
1779640251.448	 +100.0	 +10.0	 +5.0000	 -0.0000	      +inf	 +0.0026	 +1929.531	 +0.0300	 -3.2674
1779640251.548	 +100.0	 +10.0	 +5.0000	 -0.0000	      +inf	 -0.0008	      +inf	 +0.0347	 -3.2413
1779640251.648	 +100.0	 +10.0	 +5.0000	 -0.0000	      +inf	 +0.0050	  +991.981	 +0.0356	 -3.2752
1779640251.748	 +100.0	 +10.0	 +5.0000	 -0.0000	      +inf	 +0.0051	  +985.754	 +0.0589	 -3.2780
1779640251.847	 +100.0	 +10.0	 +5.0000	 -0.0000	      +inf	 +0.0026	 +1887.052	 +0.0803	 -3.2752
1779640251.948	 +100.0	 +10.0	 +5.0000	 -0.0000	      +inf	 +0.0031	 +1622.743	 +0.0871	 -3.2872
1779640252.047	 +100.0	 +10.0	 +5.0000	 -0.0000	      +inf	 +0.0039	 +1284.215	 +0.0692	 -3.2845
1779640252.148	 +100.0	 +10.0	 +5.0000	 -0.0000	      +inf	 -0.0039	 -1284.940	 +0.0464	 -3.2594
1779640252.247	 +100.0	 +10.0	 +5.0000	 -0.0000	      +inf	 +0.0024	 +2067.535	 -0.0030	 -3.2820
1779640252.348	 +100.0	 +10.0	 +5.0000	 -0.0000	      +inf	 -0.0036	 -1398.265	 -0.0248	 -3.2768
1779640252.448	 +100.0	 +10.0	 +5.0000	 -0.0000	      +inf	 +0.0032	 +1543.861	 -0.0224	 -3.2932
1779640252.548	 +100.0	 +10.0	 +5.0000	 -0.0000	      +inf	 -0.0037	 -1340.387	 -0.0239	 -3.2656
1779640252.648	 +100.0	 +10.0	 +5.0000	 -0.0000	      +inf	 +0.0037	 +1340.034	 -0.0134	 -3.2852
1779640256.277	 +100.0	 +10.0	 +5.0000	 -0.0000	      +inf	 -0.0036	 -1393.248	 +0.0081	 -3.2390
1779640256.347	 +100.0	 +10.0	 +5.0000	 -0.0000	      +inf	 -0.0039	 -1274.320	 +0.0097	 -3.2415
1779640256.448	 +100.0	 +10.0	 +5.0000	 -0.0000	      +inf	 +0.0028	 +1773.143	 +0.0205	 -3.2639
1779640256.548	 +100.0	 +10.0	 +5.0000	 -0.0000	      +inf	 -0.0030	 -1642.009	 +0.0166	 -3.2319
1779640256.648	 +100.0	 +10.0	 +5.0000	 -0.0000	      +inf	 +0.0024	 +2056.952	 +0.0246	 -3.2623
1779640256.747	 +100.0	 +10.0	 +5.0000	 -0.0000	      +inf	 +0.0027	 +1838.945	 +0.0166	 -3.2545
1779640256.848	 +100.0	 +10.0	 +5.0000	 -0.0000	      +inf	 -0.0031	 -1612.740	 +0.0315	 -3.2274
1779640256.948	 +100.0	 +10.0	 +5.0000	 -0.0000	      +inf	 +0.0038	 +1299.353	 +0.0242	 -3.2560
1779640257.048	 +100.0	 +10.0	 +5.0000	 -0.0000	      +inf	 +0.0034	 +1465.022	 +0.0298	 -3.2552
1779640257.148	 +100.0	 +10.0	 +5.0000	 -0.0000	      +inf	 -0.0044	 -1128.660	 +0.0226	 -3.2243
1779640257.248	 +100.0	 +10.0	 +5.0000	 -0.0000	      +inf	 +0.0036	 +1373.050	 +0.0268	 -3.2537
1779640257.348	 +100.0	 +10.0	 +5.0000	 -0.0000	      +inf	 -0.0042	 -1197.779	 +0.0279	 -3.2302
1779640257.447	 +100.0	 +10.0	 +5.0000	 -0.0000	      +inf	 -0.0026	 -1928.384	 +0.0279	 -3.2165
1779640257.547	 +100.0	 +10.0	 +5.0000	 -0.0000	      +inf	 -0.0031	 -1604.329	 +0.0215	 -3.2205
1779640257.647	 +100.0	 +10.0	 +5.0000	 -0.0000	      +inf	 +0.0031	 +1636.011	 +0.0237	 -3.2553
1779640257.747	 +100.0	 +10.0	 +5.0000	 -0.0000	      +inf	 +0.0028	 +1784.049	 +0.0210	 -3.2604
1779640257.848	 +100.0	 +10.0	 +5.0000	 -0.0000	      +inf	 -0.0028	 -1772.237	 +0.0266	 -3.2296
1779640257.947	 +100.0	 +10.0	 +5.0000	 -0.0000	      +inf	 +0.0031	 +1622.411	 +0.0302	 -3.2604
1779640258.048	 +100.0	 +10.0	 +5.0000	 -0.0000	      +inf	 -0.0043	 -1160.031	 +0.0221	 -3.2215
1779640258.148	 +100.0	 +10.0	 +5.0000	 -0.0000	      +inf	 +0.0032	 +1538.787	 +0.0264	 -3.2560
1779640258.248	 +100.0	 +10.0	 +5.0000	 -0.0000	      +inf	 +0.0034	 +1475.614	 +0.0177	 -3.2646
1779640258.347	 +100.0	 +10.0	 +5.0000	 -0.0000	      +inf	 +0.0025	 +2013.598	 +0.0295	 -3.2626
1779640258.448	 +100.0	 +10.0	 +5.0000	 -0.0000	      +inf	 -0.0031	 -1619.186	 +0.0212	 -3.2316
1779640258.548	 +100.0	 +10.0	 +5.0000	 -0.0000	      +inf	 +0.0029	 +1697.648	 +0.0167	 -3.2581
1779640258.647	 +100.0	 +10.0	 +5.0000	 -0.0000	      +inf	 -0.0043	 -1166.946	 +0.0293	 -3.2189
1779640258.748	 +100.0	 +10.0	 +5.0000	 -0.0000	      +inf	 -0.0041	 -1227.477	 +0.0302	 -3.2270
1779640258.848	 +100.0	 +10.0	 +5.0000	 -0.0000	      +inf	 +0.0035	 +1442.980	 +0.0327	 -3.2671
1779640258.948	 +100.0	 +10.0	 +5.0000	 -0.0000	      +inf	 -0.0030	 -1667.649	 +0.0217	 -3.2255
1779640259.048	 +100.0	 +10.0	 +5.0000	 -0.0000	      +inf	 -0.0042	 -1195.077	 +0.0211	 -3.2263
1779640259.148	 +100.0	 +10.0	 +5.0000	 -0.0000	      +inf	 -0.0030	 -1681.168	 +0.0231	 -3.2311
1779640259.247	 +100.0	 +10.0	 +5.0000	 -0.0000	      +inf	 +0.0034	 +1486.552	 +0.0174	 -3.2572
1779640259.348	 +100.0	 +10.0	 +5.0000	 -0.0000	      +inf	 +0.0033	 +1538.329	 +0.0266	 -3.2501
1779640259.448	 +100.0	 +10.0	 +5.0000	 -0.0000	      +inf	 -0.0036	 -1388.594	 +0.0203	 -3.2311
1779640259.548	 +100.0	 +10.0	 +5.0000	 -0.0000	      +inf	 -0.0042	 -1198.630	 +0.0148	 -3.2178
1779640259.648	 +100.0	 +10.0	 +5.0000	 -0.0000	      +inf	 +0.0036	 +1375.203	 +0.0227	 -3.2605
1779640259.747	 +100.0	 +10.0	 +5.0000	 -0.0000	      +inf	 -0.0045	 -1115.109	 +0.0238	 -3.2307
1779640259.848	 +100.0	 +10.0	 +5.0000	 -0.0000	      +inf	 +0.0033	 +1492.999	 +0.0325	 -3.2693
1779640259.948	 +100.0	 +10.0	 +5.0000	 -0.0000	      +inf	 -0.0036	 -1387.929	 +0.0297	 -3.2244
1779640260.048	 +100.0	 +10.0	 +5.0000	 -0.0000	      +inf	 +0.0040	 +1262.508	 +0.0219	 -3.2607
1779640260.147	 +100.0	 +10.0	 +5.0000	 -0.0000	      +inf	 +0.0029	 +1698.674	 +0.0295	 -3.2691
1779640260.248	 +100.0	 +10.0	 +5.0000	 -0.0000	      +inf	 -0.0030	 -1644.909	 +0.0235	 -3.2190
1779640260.348	 +100.0	 +10.0	 +5.0000	 -0.0000	      +inf	 -0.0041	 -1211.272	 +0.0244	 -3.2246
1779640260.448	 +100.0	 +10.0	 +5.0000	 -0.0000	      +inf	 +0.0031	 +1587.994	 +0.0345	 -3.2611
1779640260.547	 +100.0	 +10.0	 +5.0000	 -0.0000	      +inf	 +0.0025	 +2012.731	 +0.0296	 -3.2565
1779640260.647	 +100.0	 +10.0	 +5.0000	 -0.0000	      +inf	 -0.0043	 -1170.291	 +0.0202	 -3.2337
1779640260.747	 +100.0	 +10.0	 +5.0000	 -0.0000	      +inf	 -0.0032	 -1578.912	 +0.0224	 -3.2298
1779640260.847	 +100.0	 +10.0	 +5.0000	 -0.0000	      +inf	 +0.0039	 +1275.295	 +0.0170	 -3.2570
1779640260.948	 +100.0	 +10.0	 +5.0000	 -0.0000	      +inf	 -0.0034	 -1469.369	 +0.0231	 -3.2264
1779640261.048	 +100.0	 +10.0	 +5.0000	 -0.0000	      +inf	 +0.0026	 +1907.608	 +0.0187	 -3.2653
1779640261.148	 +100.0	 +10.0	 +5.0000	 -0.0000	      +inf	 -0.0036	 -1398.991	 +0.0301	 -3.2165
1779640261.248	 +100.0	 +10.0	 +5.0000	 -0.0000	      +inf	 -0.0044	 -1145.489	 +0.0161	 -3.2199
1779640261.348	 +100.0	 +10.0	 +5.0000	 -0.0000	      +inf	 +0.0034	 +1463.733	 +0.0150	 -3.2552
1779640261.448	 +100.0	 +10.0	 +5.0000	 -0.0000	      +inf	 +0.0040	 +1245.762	 +0.0331	 -3.2678
1779640261.547	 +100.0	 +10.0	 +5.0000	 -0.0000	      +inf	 -0.0037	 -1363.623	 +0.0217	 -3.2304
1779640261.648	 +100.0	 +10.0	 +5.0000	 -0.0000	      +inf	 -0.0033	 -1532.833	 +0.0238	 -3.2240
1779640261.747	 +100.0	 +10.0	 +5.0000	 -0.0000	      +inf	 +0.0042	 +1192.526	 +0.0241	 -3.2509
1779640261.847	 +100.0	 +10.0	 +5.0000	 -0.0000	      +inf	 -0.0034	 -1485.196	 +0.0298	 -3.2332
1779640261.948	 +100.0	 +10.0	 +5.0000	 -0.0000	      +inf	 +0.0036	 +1379.147	 +0.0277	 -3.2678
1779640262.048	 +100.0	 +10.0	 +5.0000	 -0.0000	      +inf	 -0.0041	 -1225.240	 +0.0246	 -3.2238
1779640262.148	 +100.0	 +10.0	 +5.0000	 -0.0000	      +inf	 +0.0033	 +1528.415	 +0.0171	 -3.2506
1779640262.248	 +100.0	 +10.0	 +5.0000	 -0.0000	      +inf	 +0.0030	 +1644.262	 +0.0284	 -3.2621
1779640262.347	 +100.0	 +10.0	 +5.0000	 -0.0000	      +inf	 +0.0026	 +1913.201	 +0.0342	 -3.2643
1779640262.447	 +100.0	 +10.0	 +5.0000	 -0.0000	      +inf	 -0.0041	 -1213.770	 +0.0255	 -3.2207
1779640262.548	 +100.0	 +10.0	 +5.0000	 -0.0000	      +inf	 +0.0034	 +1483.870	 +0.0293	 -3.2689
1779640262.648	 +100.0	 +10.0	 +5.0000	 -0.0000	      +inf	 +0.0029	 +1708.789	 +0.0287	 -3.2562
1779640262.747	 +100.0	 +10.0	 +5.0000	 -0.0000	      +inf	 +0.0028	 +1800.237	 +0.0270	 -3.2510
1779640262.848	 +100.0	 +10.0	 +5.0000	 -0.0000	      +inf	 -0.0025	 -1977.457	 +0.0210	 -3.2170
1779640262.948	 +100.0	 +10.0	 +5.0000	 -0.0000	      +inf	 +0.0033	 +1537.824	 +0.0210	 -3.2567
1779640263.048	 +100.0	 +10.0	 +5.0000	 -0.0000	      +inf	 -0.0034	 -1469.291	 +0.0291	 -3.2267
1779640263.148	 +100.0	 +10.0	 +5.0000	 -0.0000	      +inf	 +0.0033	 +1504.342	 +0.0338	 -3.2567
1779640263.248	 +100.0	 +10.0	 +5.0000	 -0.0000	      +inf	 -0.0028	 -1762.463	 +0.0273	 -3.2241
1779640263.348	 +100.0	 +10.0	 +5.0000	 -0.0000	      +inf	 +0.0035	 +1438.477	 +0.0344	 -3.2612
1779640263.448	 +100.0	 +10.0	 +5.0000	 -0.0000	      +inf	 +0.0032	 +1544.361	 +0.0201	 -3.2563
1779640263.548	 +100.0	 +10.0	 +5.0000	 -0.0000	      +inf	 +0.0033	 +1525.287	 +0.0265	 -3.2678
1779640263.648	 +100.0	 +10.0	 +5.0000	 -0.0000	      +inf	 +0.0034	 +1487.398	 +0.0332	 -3.2614
1779640263.747	 +100.0	 +10.0	 +5.0000	 -0.0000	      +inf	 -0.0028	 -1816.986	 +0.0163	 -3.2311
1779640263.848	 +100.0	 +10.0	 +5.0000	 -0.0000	      +inf	 +0.0042	 +1194.564	 +0.0205	 -3.2522
1779640263.947	 +100.0	 +10.0	 +5.0000	 -0.0000	      +inf	 -0.0031	 -1626.964	 +0.0263	 -3.2351
1779640264.048	 +100.0	 +10.0	 +5.0000	 -0.0000	      +inf	 -0.0045	 -1116.417	 +0.0264	 -3.2329
1779640264.148	 +100.0	 +10.0	 +5.0000	 -0.0000	      +inf	 +0.0060	  +826.886	 +0.0292	 -3.2691
1779640264.248	 +100.0	 +10.0	 +5.0000	 -0.0000	      +inf	 -0.0006	      +inf	 +0.0558	 -3.2555
1779640264.348	 +100.0	 +10.0	 +5.0000	 -0.0000	      +inf	 -0.0031	 -1617.614	 +0.0602	 -3.2510
1779640264.448	 +100.0	 +10.0	 +5.0000	 -0.0000	      +inf	 -0.0035	 -1416.097	 +0.0858	 -3.2513
1779640264.547	 +100.0	 +10.0	 +5.0000	 -0.0000	      +inf	 +0.0030	 +1664.555	 +0.0817	 -3.2893
1779640264.648	 +100.0	 +10.0	 +5.0000	 -0.0000	      +inf	 -0.0031	 -1593.959	 +0.0554	 -3.2496
1779640264.748	 +100.0	 +10.0	 +5.0000	 -0.0000	      +inf	 -0.0041	 -1232.684	 +0.0439	 -3.2570
1779640264.848	 +100.0	 +10.0	 +5.0000	 -0.0000	      +inf	 +0.0007	      +inf	 +0.0104	 -3.2906
1779640264.948	 +100.0	 +10.0	 +5.0000	 -0.0000	      +inf	 +0.0050	  +997.797	 -0.0230	 -3.2931
1779640265.048	 +100.0	 +10.0	 +5.0000	 -0.0000	      +inf	 -0.0029	 -1724.881	 -0.0272	 -3.2575
1779640265.148	 +100.0	 +10.0	 +5.0000	 -0.0000	      +inf	 +0.0030	 +1682.846	 -0.0215	 -3.2862
1779640265.248	 +100.0	 +10.0	 +5.0000	 -0.0000	      +inf	 -0.0024	 -2069.002	 -0.0116	 -3.2439
1779640265.348	 +100.0	 +10.0	 +5.0000	 -0.0000	      +inf	 -0.0025	 -1996.691	 -0.0040	 -3.2477
1779640265.448	 +100.0	 +10.0	 +5.0000	 -0.0000	      +inf	 +0.0026	 +1951.864	 +0.0084	 -3.2692
1779640265.547	 +100.0	 +10.0	 +5.0000	 -0.0000	      +inf	 +0.0028	 +1805.947	 +0.0216	 -3.2712
1779640265.648	 +100.0	 +10.0	 +5.0000	 -0.0000	      +inf	 +0.0032	 +1579.246	 +0.0204	 -3.2635
1779640265.747	 +100.0	 +10.0	 +5.0000	 -0.0000	      +inf	 +0.0034	 +1468.396	 +0.0214	 -3.2532
1779640265.848	 +100.0	 +10.0	 +5.0000	 -0.0000	      +inf	 +0.0024	 +2087.118	 +0.0263	 -3.2625
1779640265.948	 +100.0	 +10.0	 +5.0000	 -0.0000	      +inf	 -0.0031	 -1606.205	 +0.0249	 -3.2314
1779640266.048	 +100.0	 +10.0	 +5.0000	 -0.0000	      +inf	 +0.0039	 +1269.401	 +0.0283	 -3.2620
1779640266.148	 +100.0	 +10.0	 +5.0000	 -0.0000	      +inf	 -0.0030	 -1646.145	 +0.0206	 -3.2250
1779640266.248	 +100.0	 +10.0	 +5.0000	 -0.0000	      +inf	 +0.0042	 +1184.638	 +0.0296	 -3.2652
1779640266.348	 +100.0	 +10.0	 +5.0000	 -0.0000	      +inf	 +0.0038	 +1330.841	 +0.0163	 -3.2554
1779640266.448	 +100.0	 +10.0	 +5.0000	 -0.0000	      +inf	 -0.0043	 -1151.670	 +0.0183	 -3.2330
1779640266.548	 +100.0	 +10.0	 +5.0000	 -0.0000	      +inf	 -0.0037	 -1338.354	 +0.0319	 -3.2300
1779640266.647	 +100.0	 +10.0	 +5.0000	 -0.0000	      +inf	 +0.0040	 +1252.785	 +0.0242	 -3.2613
1779640266.748	 +100.0	 +10.0	 +5.0000	 -0.0000	      +inf	 +0.0026	 +1948.277	 +0.0252	 -3.2612
1779640266.847	 +100.0	 +10.0	 +5.0000	 -0.0000	      +inf	 -0.0039	 -1286.426	 +0.0200	 -3.2192
1779640266.948	 +100.0	 +10.0	 +5.0000	 -0.0000	      +inf	 -0.0033	 -1514.507	 +0.0247	 -3.2358
1779640267.048	 +100.0	 +10.0	 +5.0000	 -0.0000	      +inf	 +0.0036	 +1406.630	 +0.0322	 -3.2571
1779640267.148	 +100.0	 +10.0	 +5.0000	 -0.0000	      +inf	 -0.0041	 -1224.735	 +0.0155	 -3.2266
1779640267.248	 +100.0	 +10.0	 +5.0000	 -0.0000	      +inf	 +0.0028	 +1782.315	 +0.0205	 -3.2594
1779640267.348	 +100.0	 +10.0	 +5.0000	 -0.0000	      +inf	 +0.0025	 +2039.859	 +0.0166	 -3.2659
1779640267.448	 +100.0	 +10.0	 +5.0000	 -0.0000	      +inf	 +0.0042	 +1197.055	 +0.0162	 -3.2591
1779640267.548	 +100.0	 +10.0	 +5.0000	 -0.0000	      +inf	 +0.0023	 +2150.128	 +0.0309	 -3.2531
1779640267.648	 +100.0	 +10.0	 +5.0000	 -0.0000	      +inf	 -0.0036	 -1396.926	 +0.0168	 -3.2193
1779640267.747	 +100.0	 +10.0	 +5.0000	 -0.0000	      +inf	 -0.0032	 -1556.648	 +0.0330	 -3.2280
1779640267.847	 +100.0	 +10.0	 +5.0000	 -0.0000	      +inf	 -0.0027	 -1825.850	 +0.0303	 -3.2275
1779640267.948	 +100.0	 +10.0	 +5.0000	 -0.0000	      +inf	 +0.0039	 +1268.354	 +0.0153	 -3.2619
1779640268.048	 +100.0	 +10.0	 +5.0000	 -0.0000	      +inf	 +0.0035	 +1430.955	 +0.0176	 -3.2677
1779640268.148	 +100.0	 +10.0	 +5.0000	 -0.0000	      +inf	 +0.0025	 +1997.784	 +0.0252	 -3.2647
1779640268.248	 +100.0	 +10.0	 +5.0000	 -0.0000	      +inf	 -0.0035	 -1421.837	 +0.0256	 -3.2275
1779640268.348	 +100.0	 +10.0	 +5.0000	 -0.0000	      +inf	 +0.0038	 +1314.232	 +0.0194	 -3.2515
1779640268.447	 +100.0	 +10.0	 +5.0000	 -0.0000	      +inf	 -0.0040	 -1261.114	 +0.0174	 -3.2295
1779640268.548	 +100.0	 +10.0	 +5.0000	 -0.0000	      +inf	 -0.0030	 -1691.110	 +0.0160	 -3.2334
1779640268.648	 +100.0	 +10.0	 +5.0000	 -0.0000	      +inf	 +0.0043	 +1168.074	 +0.0254	 -3.2656
1779640268.748	 +100.0	 +10.0	 +5.0000	 -0.0000	      +inf	 -0.0034	 -1458.113	 +0.0325	 -3.2339
1779640268.848	 +100.0	 +10.0	 +5.0000	 -0.0000	      +inf	 -0.0035	 -1436.230	 +0.0182	 -3.2272
1779640268.948	 +100.0	 +10.0	 +5.0000	 -0.0000	      +inf	 +0.0026	 +1915.315	 +0.0252	 -3.2540
1779640269.048	 +100.0	 +10.0	 +5.0000	 -0.0000	      +inf	 -0.0037	 -1361.217	 +0.0196	 -3.2264
1779640269.148	 +100.0	 +10.0	 +5.0000	 -0.0000	      +inf	 +0.0041	 +1226.969	 +0.0309	 -3.2633
1779640269.248	 +100.0	 +10.0	 +5.0000	 -0.0000	      +inf	 -0.0030	 -1693.069	 +0.0201	 -3.2196
1779640269.347	 +100.0	 +10.0	 +5.0000	 -0.0000	      +inf	 -0.0029	 -1720.179	 +0.0155	 -3.2210
1779640269.448	 +100.0	 +10.0	 +5.0000	 -0.0000	      +inf	 +0.0034	 +1480.067	 +0.0198	 -3.2666
1779640269.548	 +100.0	 +10.0	 +5.0000	 -0.0000	      +inf	 -0.0040	 -1238.550	 +0.0280	 -3.2166
1779640269.648	 +100.0	 +10.0	 +5.0000	 -0.0000	      +inf	 +0.0030	 +1656.835	 +0.0237	 -3.2589
1779640269.747	 +100.0	 +10.0	 +5.0000	 -0.0000	      +inf	 -0.0027	 -1857.849	 +0.0319	 -3.2212
1779640269.847	 +100.0	 +10.0	 +5.0000	 -0.0000	      +inf	 +0.0035	 +1424.741	 +0.0154	 -3.2612
1779640269.948	 +100.0	 +10.0	 +5.0000	 -0.0000	      +inf	 -0.0034	 -1455.273	 +0.0261	 -3.2235
1779640270.048	 +100.0	 +10.0	 +5.0000	 -0.0000	      +inf	 +0.0030	 +1654.905	 +0.0314	 -3.2670
1779640270.148	 +100.0	 +10.0	 +5.0000	 -0.0000	      +inf	 -0.0042	 -1184.821	 +0.0227	 -3.2185
1779640270.248	 +100.0	 +10.0	 +5.0000	 -0.0000	      +inf	 +0.0023	 +2141.273	 +0.0339	 -3.2626
1779640270.348	 +100.0	 +10.0	 +5.0000	 -0.0000	      +inf	 -0.0041	 -1230.312	 +0.0310	 -3.2228
1779640270.448	 +100.0	 +10.0	 +5.0000	 -0.0000	      +inf	 -0.0039	 -1294.016	 +0.0225	 -3.2190
1779640270.547	 +100.0	 +10.0	 +5.0000	 -0.0000	      +inf	 -0.0044	 -1131.545	 +0.0227	 -3.2217
1779640270.647	 +100.0	 +10.0	 +5.0000	 -0.0000	      +inf	 -0.0036	 -1395.574	 +0.0307	 -3.2202
1779640270.747	 +100.0	 +10.0	 +5.0000	 -0.0000	      +inf	 +0.0030	 +1652.259	 +0.0176	 -3.2555
1779640270.848	 +100.0	 +10.0	 +5.0000	 -0.0000	      +inf	 -0.0041	 -1216.269	 +0.0297	 -3.2281
1779640270.948	 +100.0	 +10.0	 +5.0000	 -0.0000	      +inf	 +0.0030	 +1660.304	 +0.0209	 -3.2638
1779640271.048	 +100.0	 +10.0	 +5.0000	 -0.0000	      +inf	 +0.0031	 +1587.603	 +0.0193	 -3.2526
1779640271.148	 +100.0	 +10.0	 +5.0000	 -0.0000	      +inf	 -0.0036	 -1371.952	 +0.0159	 -3.2288
1779640271.248	 +100.0	 +10.0	 +5.0000	 -0.0000	      +inf	 +0.0028	 +1757.335	 +0.0208	 -3.2511
1779640271.348	 +100.0	 +10.0	 +5.0000	 -0.0000	      +inf	 -0.0037	 -1369.134	 +0.0207	 -3.2295
1779640271.447	 +100.0	 +10.0	 +5.0000	 -0.0000	      +inf	 -0.0039	 -1290.060	 +0.0222	 -3.2323
1779640271.547	 +100.0	 +10.0	 +5.0000	 -0.0000	      +inf	 -0.0028	 -1814.232	 +0.0241	 -3.2243
1779640271.648	 +100.0	 +10.0	 +5.0000	 -0.0000	      +inf	 +0.0043	 +1162.784	 +0.0174	 -3.2603
1779640271.747	 +100.0	 +10.0	 +5.0000	 -0.0000	      +inf	 +0.0023	 +2159.168	 +0.0279	 -3.2626
1779640271.847	 +100.0	 +10.0	 +5.0000	 -0.0000	      +inf	 +0.0030	 +1654.120	 +0.0304	 -3.2502
1779640271.948	 +100.0	 +10.0	 +5.0000	 -0.0000	      +inf	 +0.0027	 +1833.728	 +0.0166	 -3.2538
1779640272.048	 +100.0	 +10.0	 +5.0000	 -0.0000	      +inf	 -0.0042	 -1180.145	 +0.0185	 -3.2219
1779640272.147	 +100.0	 +10.0	 +5.0000	 -0.0000	      +inf	 +0.0031	 +1601.938	 +0.0226	 -3.2543
1779640272.248	 +100.0	 +10.0	 +5.0000	 -0.0000	      +inf	 +0.0025	 +2021.837	 +0.0318	 -3.2606
1779640272.348	 +100.0	 +10.0	 +5.0000	 -0.0000	      +inf	 -0.0026	 -1890.560	 +0.0293	 -3.2162
1779640272.448	 +100.0	 +10.0	 +5.0000	 -0.0000	      +inf	 -0.0028	 -1812.778	 +0.0249	 -3.2290
1779640272.547	 +100.0	 +10.0	 +5.0000	 -0.0000	      +inf	 +0.0035	 +1409.528	 +0.0275	 -3.2594
1779640272.648	 +100.0	 +10.0	 +5.0000	 -0.0000	      +inf	 -0.0040	 -1249.271	 +0.0274	 -3.2188
1779640272.747	 +100.0	 +10.0	 +5.0000	 -0.0000	      +inf	 -0.0028	 -1764.039	 +0.0297	 -3.2304
1779640272.848	 +100.0	 +10.0	 +5.0000	 -0.0000	      +inf	 -0.0028	 -1756.280	 +0.0246	 -3.2169
1779640272.948	 +100.0	 +10.0	 +5.0000	 -0.0000	      +inf	 -0.0030	 -1652.396	 +0.0321	 -3.2268
1779640273.048	 +100.0	 +10.0	 +5.0000	 -0.0000	      +inf	 -0.0031	 -1621.078	 +0.0290	 -3.2339
1779640273.148	 +100.0	 +10.0	 +5.0000	 -0.0000	      +inf	 +0.0009	      +inf	 +0.0339	 -3.2519
1779640273.248	 +100.0	 +10.0	 +5.0000	 -0.0000	      +inf	 +0.0046	 +1082.096	 +0.0524	 -3.2725
1779640273.347	 +100.0	 +10.0	 +5.0000	 -0.0000	      +inf	 -0.0030	 -1691.322	 +0.0676	 -3.2437
1779640273.447	 +100.0	 +10.0	 +5.0000	 -0.0000	      +inf	 -0.0035	 -1409.123	 +0.0800	 -3.2499
1779640273.548	 +100.0	 +10.0	 +5.0000	 -0.0000	      +inf	 -0.0035	 -1409.687	 +0.0853	 -3.2469
1779640273.648	 +100.0	 +10.0	 +5.0000	 -0.0000	      +inf	 +0.0034	 +1463.570	 +0.0699	 -3.2848
1779640273.747	 +100.0	 +10.0	 +5.0000	 -0.0000	      +inf	 +0.0029	 +1747.300	 +0.0312	 -3.2875
1779640273.848	 +100.0	 +10.0	 +5.0000	 -0.0000	      +inf	 +0.0028	 +1763.122	 +0.0083	 -3.2859
1779640273.947	 +100.0	 +10.0	 +5.0000	 -0.0000	      +inf	 +0.0047	 +1056.730	 -0.0239	 -3.3122
1779640274.048	 +100.0	 +10.0	 +5.0000	 -0.0000	      +inf	 +0.0036	 +1397.284	 -0.0306	 -3.3085
1779640274.148	 +100.0	 +10.0	 +5.0000	 -0.0000	      +inf	 -0.0036	 -1372.216	 -0.0071	 -3.2598
1779640274.248	 +100.0	 +10.0	 +5.0000	 -0.0000	      +inf	 +0.0044	 +1130.451	 -0.0135	 -3.2774
1779640274.347	 +100.0	 +10.0	 +5.0000	 -0.0000	      +inf	 -0.0037	 -1337.008	 +0.0080	 -3.2410
1779640274.447	 +100.0	 +10.0	 +5.0000	 -0.0000	      +inf	 +0.0043	 +1156.313	 +0.0250	 -3.2565
1779640274.548	 +100.0	 +10.0	 +5.0000	 -0.0000	      +inf	 -0.0036	 -1370.181	 +0.0148	 -3.2187
1779640274.647	 +100.0	 +10.0	 +5.0000	 -0.0000	      +inf	 -0.0026	 -1906.456	 +0.0141	 -3.2228
1779640274.748	 +100.0	 +10.0	 +5.0000	 -0.0000	      +inf	 +0.0033	 +1519.834	 +0.0168	 -3.2689
1779640274.848	 +100.0	 +10.0	 +5.0000	 -0.0000	      +inf	 +0.0034	 +1450.884	 +0.0203	 -3.2497
1779640274.948	 +100.0	 +10.0	 +5.0000	 -0.0000	      +inf	 -0.0037	 -1349.330	 +0.0356	 -3.2333
1779640275.048	 +100.0	 +10.0	 +5.0000	 -0.0000	      +inf	 +0.0025	 +2023.100	 +0.0349	 -3.2654
1779640275.148	 +100.0	 +10.0	 +5.0000	 -0.0000	      +inf	 -0.0036	 -1386.180	 +0.0186	 -3.2212
1779640275.248	 +100.0	 +10.0	 +5.0000	 -0.0000	      +inf	 +0.0026	 +1951.020	 +0.0161	 -3.2624
1779640275.348	 +100.0	 +10.0	 +5.0000	 -0.0000	      +inf	 +0.0041	 +1227.295	 +0.0259	 -3.2645
1779640275.448	 +100.0	 +10.0	 +5.0000	 -0.0000	      +inf	 -0.0032	 -1579.339	 +0.0193	 -3.2168
1779640275.547	 +100.0	 +10.0	 +5.0000	 -0.0000	      +inf	 -0.0030	 -1689.396	 +0.0163	 -3.2327
1779640275.647	 +100.0	 +10.0	 +5.0000	 -0.0000	      +inf	 +0.0037	 +1355.062	 +0.0314	 -3.2599
1779640275.747	 +100.0	 +10.0	 +5.0000	 -0.0000	      +inf	 +0.0042	 +1185.675	 +0.0345	 -3.2536
1779640275.847	 +100.0	 +10.0	 +5.0000	 -0.0000	      +inf	 -0.0028	 -1802.998	 +0.0306	 -3.2303
1779640275.948	 +100.0	 +10.0	 +5.0000	 -0.0000	      +inf	 +0.0027	 +1831.810	 +0.0261	 -3.2682
1779640276.048	 +100.0	 +10.0	 +5.0000	 -0.0000	      +inf	 -0.0034	 -1489.549	 +0.0315	 -3.2263
1779640276.148	 +100.0	 +10.0	 +5.0000	 -0.0000	      +inf	 -0.0041	 -1229.070	 +0.0332	 -3.2334
1779640276.248	 +100.0	 +10.0	 +5.0000	 -0.0000	      +inf	 +0.0039	 +1276.413	 +0.0194	 -3.2666
1779640276.348	 +100.0	 +10.0	 +5.0000	 -0.0000	      +inf	 +0.0026	 +1905.465	 +0.0281	 -3.2641
1779640276.448	 +100.0	 +10.0	 +5.0000	 -0.0000	      +inf	 -0.0043	 -1151.875	 +0.0309	 -3.2210
1779640276.548	 +100.0	 +10.0	 +5.0000	 -0.0000	      +inf	 +0.0027	 +1829.214	 +0.0167	 -3.2567
1779640276.647	 +100.0	 +10.0	 +5.0000	 -0.0000	      +inf	 +0.0028	 +1817.957	 +0.0289	 -3.2605
1779640276.747	 +100.0	 +10.0	 +5.0000	 -0.0000	      +inf	 -0.0027	 -1847.139	 +0.0249	 -3.2316
1779640276.847	 +100.0	 +10.0	 +5.0000	 -0.0000	      +inf	 +0.0033	 +1493.097	 +0.0221	 -3.2598
1779640276.948	 +100.0	 +10.0	 +5.0000	 -0.0000	      +inf	 +0.0040	 +1234.957	 +0.0159	 -3.2523
1779640277.048	 +100.0	 +10.0	 +5.0000	 -0.0000	      +inf	 -0.0033	 -1532.062	 +0.0151	 -3.2291
1779640277.148	 +100.0	 +10.0	 +5.0000	 -0.0000	      +inf	 -0.0045	 -1123.402	 +0.0212	 -3.2193
1779640277.248	 +100.0	 +10.0	 +5.0000	 -0.0000	      +inf	 -0.0031	 -1591.448	 +0.0292	 -3.2208
1779640277.348	 +100.0	 +10.0	 +5.0000	 -0.0000	      +inf	 +0.0023	 +2159.443	 +0.0320	 -3.2509
1779640277.448	 +100.0	 +10.0	 +5.0000	 -0.0000	      +inf	 -0.0041	 -1231.665	 +0.0283	 -3.2169
1779640277.547	 +100.0	 +10.0	 +5.0000	 -0.0000	      +inf	 +0.0029	 +1695.767	 +0.0265	 -3.2591
1779640277.648	 +100.0	 +10.0	 +5.0000	 -0.0000	      +inf	 +0.0024	 +2123.921	 +0.0300	 -3.2517
1779640277.747	 +100.0	 +10.0	 +5.0000	 -0.0000	      +inf	 -0.0026	 -1914.329	 +0.0265	 -3.2296
1779640277.848	 +100.0	 +10.0	 +5.0000	 -0.0000	      +inf	 +0.0041	 +1205.233	 +0.0223	 -3.2642
1779640277.948	 +100.0	 +10.0	 +5.0000	 -0.0000	      +inf	 -0.0041	 -1208.987	 +0.0215	 -3.2225
1779640278.048	 +100.0	 +10.0	 +5.0000	 -0.0000	      +inf	 +0.0028	 +1808.789	 +0.0253	 -3.2526
1779640278.148	 +100.0	 +10.0	 +5.0000	 -0.0000	      +inf	 +0.0042	 +1196.671	 +0.0337	 -3.2529
1779640278.248	 +100.0	 +10.0	 +5.0000	 -0.0000	      +inf	 -0.0026	 -1912.145	 +0.0266	 -3.2328
1779640278.348	 +100.0	 +10.0	 +5.0000	 -0.0000	      +inf	 +0.0025	 +2023.618	 +0.0344	 -3.2577
1779640278.448	 +100.0	 +10.0	 +5.0000	 -0.0000	      +inf	 +0.0037	 +1340.111	 +0.0321	 -3.2644
1779640278.548	 +100.0	 +10.0	 +5.0000	 -0.0000	      +inf	 -0.0044	 -1141.150	 +0.0338	 -3.2239
1779640278.647	 +100.0	 +10.0	 +5.0000	 -0.0000	      +inf	 -0.0043	 -1163.502	 +0.0305	 -3.2209
1779640278.747	 +100.0	 +10.0	 +5.0000	 -0.0000	      +inf	 -0.0028	 -1777.131	 +0.0314	 -3.2167
1779640278.848	 +100.0	 +10.0	 +5.0000	 -0.0000	      +inf	 +0.0040	 +1237.795	 +0.0252	 -3.2688
1779640278.948	 +100.0	 +10.0	 +5.0000	 -0.0000	      +inf	 +0.0029	 +1727.154	 +0.0239	 -3.2670
1779640279.048	 +100.0	 +10.0	 +5.0000	 -0.0000	      +inf	 +0.0034	 +1460.360	 +0.0333	 -3.2590
1779640279.148	 +100.0	 +10.0	 +5.0000	 -0.0000	      +inf	 -0.0036	 -1377.997	 +0.0291	 -3.2219
1779640279.248	 +100.0	 +10.0	 +5.0000	 -0.0000	      +inf	 +0.0029	 +1747.197	 +0.0232	 -3.2519
1779640279.348	 +100.0	 +10.0	 +5.0000	 -0.0000	      +inf	 +0.0032	 +1577.542	 +0.0328	 -3.2691
1779640279.448	 +100.0	 +10.0	 +5.0000	 -0.0000	      +inf	 -0.0028	 -1806.773	 +0.0287	 -3.2226
1779640279.547	 +100.0	 +10.0	 +5.0000	 -0.0000	      +inf	 +0.0032	 +1584.988	 +0.0245	 -3.2686
1779640279.648	 +100.0	 +10.0	 +5.0000	 -0.0000	      +inf	 -0.0045	 -1117.063	 +0.0303	 -3.2301
1779640279.748	 +100.0	 +10.0	 +5.0000	 -0.0000	      +inf	 +0.0036	 +1387.038	 +0.0336	 -3.2648
1779640279.848	 +100.0	 +10.0	 +5.0000	 -0.0000	      +inf	 -0.0030	 -1656.547	 +0.0242	 -3.2355
1779640279.948	 +100.0	 +10.0	 +5.0000	 -0.0000	      +inf	 -0.0039	 -1291.709	 +0.0239	 -3.2349
1779640280.048	 +100.0	 +10.0	 +5.0000	 -0.0000	      +inf	 -0.0040	 -1250.758	 +0.0210	 -3.2224
1779640280.148	 +100.0	 +10.0	 +5.0000	 -0.0000	      +inf	 -0.0034	 -1470.865	 +0.0210	 -3.2260
1779640280.247	 +100.0	 +10.0	 +5.0000	 -0.0000	      +inf	 +0.0032	 +1572.056	 +0.0166	 -3.2607
1779640280.348	 +100.0	 +10.0	 +5.0000	 -0.0000	      +inf	 +0.0025	 +1994.662	 +0.0285	 -3.2611
1779640280.448	 +100.0	 +10.0	 +5.0000	 -0.0000	      +inf	 -0.0044	 -1128.774	 +0.0161	 -3.2288
1779640280.547	 +100.0	 +10.0	 +5.0000	 -0.0000	      +inf	 +0.0025	 +2036.715	 +0.0168	 -3.2547
1779640280.647	 +100.0	 +10.0	 +5.0000	 -0.0000	      +inf	 +0.0031	 +1618.364	 +0.0324	 -3.2612
1779640280.747	 +100.0	 +10.0	 +5.0000	 -0.0000	      +inf	 +0.0033	 +1503.925	 +0.0199	 -3.2663
1779640280.847	 +100.0	 +10.0	 +5.0000	 -0.0000	      +inf	 +0.0041	 +1224.521	 +0.0323	 -3.2689
1779640280.948	 +100.0	 +10.0	 +5.0000	 -0.0000	      +inf	 +0.0042	 +1202.198	 +0.0305	 -3.2526
1779640281.048	 +100.0	 +10.0	 +5.0000	 -0.0000	      +inf	 -0.0026	 -1955.253	 +0.0322	 -3.2327
1779640281.148	 +100.0	 +10.0	 +5.0000	 -0.0000	      +inf	 +0.0024	 +2094.433	 +0.0334	 -3.2514
1779640281.248	 +100.0	 +10.0	 +5.0000	 -0.0000	      +inf	 -0.0041	 -1209.710	 +0.0155	 -3.2311
1779640281.347	 +100.0	 +10.0	 +5.0000	 -0.0000	      +inf	 +0.0031	 +1613.070	 +0.0305	 -3.2601
1779640281.447	 +100.0	 +10.0	 +5.0000	 -0.0000	      +inf	 -0.0028	 -1760.817	 +0.0316	 -3.2219
1779640281.547	 +100.0	 +10.0	 +5.0000	 -0.0000	      +inf	 +0.0028	 +1797.813	 +0.0231	 -3.2610
1779640281.648	 +100.0	 +10.0	 +5.0000	 -0.0000	      +inf	 -0.0032	 -1540.767	 +0.0178	 -3.2164
1779640281.748	 +100.0	 +10.0	 +5.0000	 -0.0000	      +inf	 -0.0042	 -1203.072	 +0.0168	 -3.2211
1779640281.847	 +100.0	 +10.0	 +5.0000	 -0.0000	      +inf	 -0.0037	 -1344.305	 +0.0344	 -3.2347
1779640281.948	 +100.0	 +10.0	 +5.0000	 -0.0000	      +inf	 -0.0032	 -1564.054	 +0.0269	 -3.2361
1779640282.048	 +100.0	 +10.0	 +5.0000	 -0.0000	      +inf	 -0.0038	 -1315.945	 +0.0149	 -3.2244
1779640282.148	 +100.0	 +10.0	 +5.0000	 -0.0000	      +inf	 +0.0044	 +1126.969	 +0.0194	 -3.2694
1779640282.248	 +100.0	 +10.0	 +5.0000	 -0.0000	      +inf	 -0.0014	 -3495.219	 +0.0376	 -3.2426
1779640282.348	 +100.0	 +10.0	 +5.0000	 -0.0000	      +inf	 -0.0029	 -1716.068	 +0.0690	 -3.2588
1779640282.447	 +100.0	 +10.0	 +5.0000	 -0.0000	      +inf	 -0.0025	 -2015.572	 +0.0915	 -3.2460
1779640282.548	 +100.0	 +10.0	 +5.0000	 -0.0000	      +inf	 -0.0031	 -1605.894	 +0.0720	 -3.2465
1779640282.648	 +100.0	 +10.0	 +5.0000	 -0.0000	      +inf	 +0.0042	 +1182.453	 +0.0687	 -3.2916
1779640282.747	 +100.0	 +10.0	 +5.0000	 -0.0000	      +inf	 -0.0046	 -1079.893	 +0.0379	 -3.2366
1779640282.848	 +100.0	 +10.0	 +5.0000	 -0.0000	      +inf	 +0.0029	 +1747.115	 +0.0077	 -3.2794
1779640282.948	 +100.0	 +10.0	 +5.0000	 -0.0000	      +inf	 -0.0015	 -3249.425	 -0.0123	 -3.2743
1779640283.048	 +100.0	 +10.0	 +5.0000	 -0.0000	      +inf	 +0.0042	 +1188.814	 -0.0204	 -3.2944
1779640283.148	 +100.0	 +10.0	 +5.0000	 -0.0000	      +inf	 +0.0030	 +1667.685	 -0.0085	 -3.2830
1779640283.248	 +100.0	 +10.0	 +5.0000	 -0.0000	      +inf	 +0.0029	 +1729.748	 -0.0140	 -3.2879
1779640283.348	 +100.0	 +10.0	 +5.0000	 -0.0000	      +inf	 +0.0025	 +1987.346	 -0.0004	 -3.2705
1779640283.447	 +100.0	 +10.0	 +5.0000	 -0.0000	      +inf	 +0.0034	 +1464.311	 +0.0185	 -3.2573
1779640283.548	 +100.0	 +10.0	 +5.0000	 -0.0000	      +inf	 -0.0039	 -1288.550	 +0.0273	 -3.2179
1779640283.648	 +100.0	 +10.0	 +5.0000	 -0.0000	      +inf	 +0.0039	 +1290.749	 +0.0324	 -3.2632
1779640283.747	 +100.0	 +10.0	 +5.0000	 -0.0000	      +inf	 +0.0024	 +2105.071	 +0.0274	 -3.2574
1779640283.847	 +100.0	 +10.0	 +5.0000	 -0.0000	      +inf	 +0.0032	 +1580.438	 +0.0208	 -3.2549
1779640283.948	 +100.0	 +10.0	 +5.0000	 -0.0000	      +inf	 -0.0037	 -1343.226	 +0.0229	 -3.2228
1779640284.048	 +100.0	 +10.0	 +5.0000	 -0.0000	      +inf	 +0.0036	 +1393.351	 +0.0248	 -3.2503
1779640284.148	 +100.0	 +10.0	 +5.0000	 -0.0000	      +inf	 -0.0036	 -1388.918	 +0.0195	 -3.2171
1779640284.248	 +100.0	 +10.0	 +5.0000	 -0.0000	      +inf	 +0.0038	 +1324.322	 +0.0220	 -3.2594
1779640284.348	 +100.0	 +10.0	 +5.0000	 -0.0000	      +inf	 +0.0031	 +1593.888	 +0.0155	 -3.2687
1779640284.447	 +100.0	 +10.0	 +5.0000	 -0.0000	      +inf	 +0.0036	 +1391.358	 +0.0269	 -3.2509
1779640284.548	 +100.0	 +10.0	 +5.0000	 -0.0000	      +inf	 -0.0030	 -1655.851	 +0.0189	 -3.2305
1779640284.648	 +100.0	 +10.0	 +5.0000	 -0.0000	      +inf	 +0.0034	 +1468.012	 +0.0233	 -3.2663
1779640284.748	 +100.0	 +10.0	 +5.0000	 -0.0000	      +inf	 +0.0038	 +1321.993	 +0.0326	 -3.2509
1779640284.848	 +100.0	 +10.0	 +5.0000	 -0.0000	      +inf	 -0.0025	 -1982.720	 +0.0207	 -3.2339
1779640284.948	 +100.0	 +10.0	 +5.0000	 -0.0000	      +inf	 -0.0044	 -1137.448	 +0.0205	 -3.2242
1779640285.048	 +100.0	 +10.0	 +5.0000	 -0.0000	      +inf	 +0.0038	 +1314.442	 +0.0236	 -3.2505
1779640285.147	 +100.0	 +10.0	 +5.0000	 -0.0000	      +inf	 +0.0040	 +1260.644	 +0.0312	 -3.2695
1779640285.248	 +100.0	 +10.0	 +5.0000	 -0.0000	      +inf	 +0.0029	 +1746.908	 +0.0322	 -3.2567
1779640285.347	 +100.0	 +10.0	 +5.0000	 -0.0000	      +inf	 -0.0027	 -1822.507	 +0.0317	 -3.2353
1779640285.447	 +100.0	 +10.0	 +5.0000	 -0.0000	      +inf	 -0.0041	 -1231.725	 +0.0182	 -3.2319
1779640285.548	 +100.0	 +10.0	 +5.0000	 -0.0000	      +inf	 +0.0039	 +1270.547	 +0.0186	 -3.2561
1779640285.647	 +100.0	 +10.0	 +5.0000	 -0.0000	      +inf	 -0.0034	 -1461.178	 +0.0343	 -3.2174
1779640285.747	 +100.0	 +10.0	 +5.0000	 -0.0000	      +inf	 +0.0025	 +1972.414	 +0.0347	 -3.2562
1779640285.847	 +100.0	 +10.0	 +5.0000	 -0.0000	      +inf	 -0.0034	 -1455.048	 +0.0177	 -3.2317
1779640285.948	 +100.0	 +10.0	 +5.0000	 -0.0000	      +inf	 +0.0039	 +1273.552	 +0.0256	 -3.2616
1779640286.048	 +100.0	 +10.0	 +5.0000	 -0.0000	      +inf	 -0.0041	 -1213.774	 +0.0339	 -3.2225
1779640286.148	 +100.0	 +10.0	 +5.0000	 -0.0000	      +inf	 +0.0042	 +1181.231	 +0.0337	 -3.2518
1779640286.248	 +100.0	 +10.0	 +5.0000	 -0.0000	      +inf	 -0.0037	 -1336.252	 +0.0338	 -3.2334
1779640286.348	 +100.0	 +10.0	 +5.0000	 -0.0000	      +inf	 +0.0033	 +1530.674	 +0.0273	 -3.2551
1779640286.448	 +100.0	 +10.0	 +5.0000	 -0.0000	      +inf	 -0.0044	 -1124.699	 +0.0237	 -3.2350
1779640286.547	 +100.0	 +10.0	 +5.0000	 -0.0000	      +inf	 +0.0036	 +1374.818	 +0.0230	 -3.2556
1779640286.648	 +100.0	 +10.0	 +5.0000	 -0.0000	      +inf	 -0.0029	 -1721.400	 +0.0182	 -3.2330
1779640286.747	 +100.0	 +10.0	 +5.0000	 -0.0000	      +inf	 -0.0042	 -1187.672	 +0.0276	 -3.2262
1779640286.848	 +100.0	 +10.0	 +5.0000	 -0.0000	      +inf	 +0.0027	 +1864.500	 +0.0294	 -3.2610
1779640286.948	 +100.0	 +10.0	 +5.0000	 -0.0000	      +inf	 -0.0037	 -1353.261	 +0.0179	 -3.2279
1779640287.048	 +100.0	 +10.0	 +5.0000	 -0.0000	      +inf	 -0.0043	 -1151.127	 +0.0208	 -3.2326
1779640287.148	 +100.0	 +10.0	 +5.0000	 -0.0000	      +inf	 +0.0035	 +1442.291	 +0.0201	 -3.2646
1779640287.248	 +100.0	 +10.0	 +5.0000	 -0.0000	      +inf	 -0.0035	 -1430.878	 +0.0266	 -3.2253
1779640287.348	 +100.0	 +10.0	 +5.0000	 -0.0000	      +inf	 -0.0041	 -1209.600	 +0.0247	 -3.2240
1779640287.448	 +100.0	 +10.0	 +5.0000	 -0.0000	      +inf	 -0.0035	 -1412.607	 +0.0321	 -3.2237
1779640287.548	 +100.0	 +10.0	 +5.0000	 -0.0000	      +inf	 -0.0032	 -1549.005	 +0.0177	 -3.2361
1779640287.647	 +100.0	 +10.0	 +5.0000	 -0.0000	      +inf	 -0.0042	 -1199.630	 +0.0221	 -3.2267
1779640287.747	 +100.0	 +10.0	 +5.0000	 -0.0000	      +inf	 +0.0042	 +1190.154	 +0.0310	 -3.2532
1779640287.847	 +100.0	 +10.0	 +5.0000	 -0.0000	      +inf	 +0.0029	 +1717.633	 +0.0221	 -3.2589
1779640287.948	 +100.0	 +10.0	 +5.0000	 -0.0000	      +inf	 -0.0026	 -1914.166	 +0.0181	 -3.2208
1779640288.048	 +100.0	 +10.0	 +5.0000	 -0.0000	      +inf	 -0.0044	 -1132.445	 +0.0290	 -3.2183
1779640288.148	 +100.0	 +10.0	 +5.0000	 -0.0000	      +inf	 -0.0041	 -1217.333	 +0.0165	 -3.2330
1779640288.248	 +100.0	 +10.0	 +5.0000	 -0.0000	      +inf	 +0.0031	 +1635.339	 +0.0265	 -3.2618
1779640288.348	 +100.0	 +10.0	 +5.0000	 -0.0000	      +inf	 -0.0036	 -1386.246	 +0.0181	 -3.2196
1779640288.447	 +100.0	 +10.0	 +5.0000	 -0.0000	      +inf	 +0.0026	 +1935.864	 +0.0206	 -3.2650
1779640288.548	 +100.0	 +10.0	 +5.0000	 -0.0000	      +inf	 -0.0035	 -1413.802	 +0.0339	 -3.2355
1779640288.648	 +100.0	 +10.0	 +5.0000	 -0.0000	      +inf	 -0.0036	 -1398.228	 +0.0317	 -3.2342
1779640292.407	 +100.0	 +10.0	 +5.0000	 -0.0000	      +inf	 +0.0040	 +1255.966	 +0.0288	 -3.2613
1779640292.448	 +100.0	 +10.0	 +5.0000	 -0.0000	      +inf	 +0.0025	 +1982.286	 +0.0157	 -3.2655
1779640292.548	 +100.0	 +10.0	 +5.0000	 -0.0000	      +inf	 +0.0031	 +1599.180	 +0.0220	 -3.2565
1779640292.648	 +100.0	 +10.0	 +5.0000	 -0.0000	      +inf	 +0.0038	 +1317.634	 +0.0158	 -3.2565
1779640292.748	 +100.0	 +10.0	 +5.0000	 -0.0000	      +inf	 +0.0029	 +1751.160	 +0.0319	 -3.2573
1779640292.847	 +100.0	 +10.0	 +5.0000	 -0.0000	      +inf	 -0.0040	 -1265.154	 +0.0236	 -3.2196
1779640292.948	 +100.0	 +10.0	 +5.0000	 -0.0000	      +inf	 -0.0029	 -1717.995	 +0.0154	 -3.2169
1779640293.048	 +100.0	 +10.0	 +5.0000	 -0.0000	      +inf	 +0.0030	 +1647.793	 +0.0303	 -3.2507
1779640293.148	 +100.0	 +10.0	 +5.0000	 -0.0000	      +inf	 -0.0042	 -1197.404	 +0.0339	 -3.2331
1779640293.248	 +100.0	 +10.0	 +5.0000	 -0.0000	      +inf	 +0.0030	 +1644.098	 +0.0342	 -3.2515
1779640293.348	 +100.0	 +10.0	 +5.0000	 -0.0000	      +inf	 +0.0025	 +2012.942	 +0.0233	 -3.2656
1779640293.448	 +100.0	 +10.0	 +5.0000	 -0.0000	      +inf	 +0.0043	 +1165.695	 +0.0277	 -3.2510
1779640293.548	 +100.0	 +10.0	 +5.0000	 -0.0000	      +inf	 -0.0029	 -1734.613	 +0.0200	 -3.2192
1779640293.648	 +100.0	 +10.0	 +5.0000	 -0.0000	      +inf	 +0.0025	 +1998.999	 +0.0331	 -3.2583
1779640293.748	 +100.0	 +10.0	 +5.0000	 -0.0000	      +inf	 +0.0029	 +1707.148	 +0.0326	 -3.2516
1779640293.848	 +100.0	 +10.0	 +5.0000	 -0.0000	      +inf	 +0.0039	 +1289.094	 +0.0268	 -3.2687
1779640293.948	 +100.0	 +10.0	 +5.0000	 -0.0000	      +inf	 +0.0036	 +1388.168	 +0.0227	 -3.2591
1779640294.047	 +100.0	 +10.0	 +5.0000	 -0.0000	      +inf	 -0.0036	 -1403.283	 +0.0301	 -3.2361
1779640294.148	 +100.0	 +10.0	 +5.0000	 -0.0000	      +inf	 +0.0029	 +1699.877	 +0.0186	 -3.2533
1779640294.248	 +100.0	 +10.0	 +5.0000	 -0.0000	      +inf	 -0.0031	 -1623.255	 +0.0150	 -3.2165
1779640294.348	 +100.0	 +10.0	 +5.0000	 -0.0000	      +inf	 -0.0030	 -1665.435	 +0.0148	 -3.2308
1779640294.448	 +100.0	 +10.0	 +5.0000	 -0.0000	      +inf	 +0.0040	 +1261.439	 +0.0200	 -3.2512
1779640294.548	 +100.0	 +10.0	 +5.0000	 -0.0000	      +inf	 +0.0035	 +1418.167	 +0.0271	 -3.2672
1779640294.647	 +100.0	 +10.0	 +5.0000	 -0.0000	      +inf	 +0.0028	 +1769.943	 +0.0211	 -3.2639
